customer_id,age,gender,tenure_months,total_spend_inr,num_support_tickets,last_order_days_ago,churn_status
100001,40,Male,67,57905.72,0,320,Active
100002,33,Male,53,55495.65,0,219,Active
100003,42,Male,67,8544.57,0,220,Active
100004,53,Male,66,3654.79,5,342,Active
100005,32,Female,64,24440.45,0,170,active
100006,32,Male,67,17080.08,0,80,ACTIVE
100007,999,Male,39,53710.86,0,275,Active
100008,44,Female,38,34354.3,0,116,Active
100009,29,Male,40,39712.83,4,94,CHURNED
100010,41,Female,19,61216.87,0,69,Active
100011,29,Female,5,36409.35,1,287,Active
100012,29,Male,69,41324.55,0,171,Churned
100013,37,Female,14,63331.7,1,95,Active
100014,12,Female,49,32918.85,3,149,CHURNED
100015,14,Male,64,7151.38,0,366,Active
100016,28,Male,57,39606.19,0,223,Active
100017,-5,Female,35,43872.76,0,193,Active
100018,999,F,5,38872.96,0,233,Active
100019,24,Female,39,20095.66,1,205,Churned
100020,18,Male,24,17553.07,4,162,Active
100021,52,Female,40,28361.97,0,36,Active
100022,32,Female,50,13300.93,2,230,ACTIVE
100023,35,Female,58,50285.75,0,41,Churned
100024,17,Female,1,46485.94,0,162,Active
100025,28,Female,43,47797.28,1,153,Active
100026,36,M,39,17635.01,4,321,Active
100027,-5,Female,10,19243.15,0,76,Active
100028,39,Female,2,59266.88,0,380,Churned
100029,27,Male,63,52068.27,1,251,CHURNED
100030,31,M,16,65763.31,2,278,Active
100031,27,F,37,30859.42,3,188,Active
100032,57,Male,16,41502.26,0,377,Churned
100033,34,Female,27,55669.55,2,278,Active
100034,22,Male,63,73087.47,0,189,Active
100035,44,Female,64,74232.75,1,126,Active
100036,20,Female,32,74938.98,0,240,Churned
100037,37,Male,9,66898.96,0,194,Churned
100038,11,M,11,48334.16,4,200,Active
100039,19,Male,70,1515.85,1,225,ACTIVE
100040,37,Female,30,52766.24,0,69,Active
100041,43,Female,15,18656.36,2,192,CHURNED
100042,37,Male,59,5230.37,1,10,CHURNED
100043,33,Male,48,52591.65,0,267,Churned
100044,31,Male,60,56944.81,0,246,Churned
100045,17,Female,68,49798.05,0,261,Active
100046,26,Female,57,28022.56,0,12,Active
100047,29,Male,64,38814.31,5,44,Active
100048,47,Male,54,70186.12,1,109,Active
100049,39,Male,54,54991.21,3,349,Active
100050,13,Female,59,38346.63,1,90,ACTIVE
100051,38,Female,39,44915.24,1,285,Active
100052,30,Male,15,69648.59,0,292,Churned
100053,26,Female,28,30139.91,1,291,Active
100054,42,Male,36,8536.43,2,369,CHURNED
100055,47,F,54,25111.14,0,264,Active
100056,46,F,17,31724.82,1,272,Churned
100057,999,Female,22,21199.33,0,299,active
100058,31,F,36,40143.96,3,69,ACTIVE
100059,38,M,29,23559.48,5,144,Active
100060,46,M,55,8635.29,1,56,ACTIVE
100061,29,Female,42,14917.07,0,41,Churned
100062,32,Male,32,68943.55,1,77,Churned
100063,21,Male,14,47590.08,2,8,Churned
100064,20,Male,18,24258.84,4,310,Active
100065,44,Female,38,28151.93,0,90,Active
100066,51,Male,34,37510.35,2,376,Active
100067,34,Male,45,50811.62,0,389,ACTIVE
100068,47,Female,32,44081.31,2,265,Active
100069,39,Male,67,70019.66,3,194,Active
100070,27,Female,63,47305.41,3,71,Active
100071,39,F,55,68398.61,1,286,Active
100072,53,Female,43,1401.83,1,337,Churned
100073,34,Female,22,66901.4,3,108,Active
100074,53,Female,68,54387.94,1,95,active
100075,3,Female,29,13742.32,0,321,Active
100076,44,Male,40,20464.81,4,286,Active
100077,36,F,45,41167.94,0,303,Active
100078,31,Male,10,10245.42,1,351,Active
100079,36,Male,45,59117.25,0,344,Churned
100080,11,Female,17,59546.87,0,245,Churned
100081,32,Male,2,23270.23,1,75,ACTIVE
100082,39,Male,17,6166.46,1,362,Active
100083,52,Male,38,74174.71,0,336,Churned
100084,28,Male,37,19553.94,0,137,Active
100085,25,Male,63,5999.34,0,222,Active
100086,28,Male,5,25417.41,2,204,active
100087,45,Female,25,72706.24,0,61,Churned
100088,38,M,22,59676.64,4,353,Active
100089,28,Male,63,36544.65,0,262,Active
100090,41,M,35,23594.45,4,301,Active
100091,36,Male,55,32324.65,1,65,Active
100092,46,Male,20,2285.06,0,37,active
100093,26,Male,5,54159.42,0,346,Active
100094,31,Female,39,8373.68,3,234,Churned
100095,30,Female,63,39408.78,5,201,active
100096,17,Female,32,42872.53,5,102,Churned
100097,38,Female,63,1125.04,0,110,active
100098,38,Female,40,73511.02,0,50,Active
100099,35,Female,17,23358.29,0,379,Active
100100,32,F,32,6714.59,0,327,Active
100101,18,Male,23,64224.75,0,367,Churned
100102,29,Male,60,12244.49,1,287,Churned
100103,30,Female,56,2846.68,1,160,Churned
100104,25,Female,9,37607.11,2,371,Active
100105,33,Male,69,10613.86,0,304,Churned
100106,39,Male,62,73699.31,0,211,Churned
100107,57,Female,64,1770.41,0,145,Churned
100108,37,Female,22,4788.6,3,189,Churned
100109,38,Male,32,62663.01,4,185,Active
100110,34,F,47,18741.63,0,313,Active
100111,11,Female,2,68458.16,0,249,ACTIVE
100112,-5,Female,52,24024.14,0,161,active
100113,35,Female,14,6163.92,1,147,Active
100114,64,F,37,1783.79,0,271,Active
100115,32,Male,27,21909.98,0,163,Churned
100116,38,Male,24,36056.06,0,177,Active
100117,34,Female,64,1075.19,2,230,Active
100118,20,Female,70,44001.93,0,164,Active
100119,48,Male,26,25690.96,1,224,Active
100120,44,,54,29871.36,1,224,Active
100121,44,Female,15,20344.41,3,232,Active
100122,24,Male,29,40149.35,0,54,ACTIVE
100123,51,Male,28,18029.07,0,36,active
100124,18,Male,59,10976.83,3,53,Active
100125,42,Female,21,66907.88,0,188,Active
100126,61,,10,29901.07,0,74,Active
100127,23,Female,4,6692.85,0,300,Active
100128,28,,62,18043.88,2,289,Active
100129,36,M,4,23935.78,0,311,Churned
100130,28,Female,6,57953.83,1,44,Active
100131,16,Female,16,2646.91,0,51,Churned
100132,35,Female,38,36390.46,0,99,Active
100133,22,Female,49,31169.24,1,342,Active
100134,40,Male,61,72661.63,1,51,active
100135,23,Female,65,14325.55,0,135,Active
100136,53,Male,50,,0,213,ACTIVE
100137,25,M,17,15962.57,1,385,Active
100138,31,M,28,41583.23,0,141,Active
100139,44,Male,44,42074.68,0,304,Active
100140,20,Male,12,6575.66,2,383,Active
100141,37,Female,70,34777.4,2,114,ACTIVE
100142,50,Female,71,35125.55,0,239,Churned
100143,15,Male,3,24616.11,0,340,active
100144,37,Female,49,21509.73,0,175,Churned
100145,38,Male,21,17598.05,2,47,Active
100146,44,Male,8,1439.64,2,266,Active
100147,20,Male,64,1134.41,0,26,Active
100148,19,Male,59,44644.25,3,50,Churned
100149,41,Female,30,22568.33,5,129,Active
100150,38,,32,13423.76,5,365,Active
100151,38,Female,20,51670.41,5,319,ACTIVE
100152,39,Female,16,40138.94,3,145,Churned
100153,26,Male,25,68706.91,0,145,Active
100154,37,Female,60,62495.25,0,167,Active
100155,38,Male,45,,3,43,Churned
100156,26,Female,9,10367.06,0,41,active
100157,999,F,51,50290.57,0,15,Active
100158,40,Male,61,52350.56,0,129,active
100159,20,Female,40,57486.61,2,58,Active
100160,42,Male,61,20471.82,0,54,CHURNED
100161,23,Male,67,48382.02,0,224,Churned
100162,44,Male,15,46752.61,1,203,CHURNED
100163,48,Male,53,29512.94,5,133,Churned
100164,25,Male,4,50099.52,0,62,Active
100165,46,Male,23,7415.47,1,243,Active
100166,39,Female,27,,0,210,Churned
100167,44,Male,37,45845.15,0,242,Active
100168,57,Female,43,16586.21,0,383,Active
100169,32,F,37,61547.81,3,210,Active
100170,25,Female,29,65706.64,4,215,Active
100171,24,Male,29,16575.81,1,244,Active
100172,25,Male,49,6621.12,0,71,CHURNED
100173,34,M,51,45664.58,2,302,CHURNED
100174,39,Female,50,36513.9,0,90,active
100175,38,Female,28,32641.97,0,156,Churned
100176,44,Male,5,57314.62,2,378,CHURNED
100177,35,Female,56,72755.04,2,84,Churned
100178,52,Male,64,36347.12,3,151,CHURNED
100179,31,F,17,1455.48,1,160,Active
100180,67,F,55,45123.77,3,82,active
100181,42,Male,9,49393.47,0,289,Active
100182,24,Female,68,62273.35,0,186,Active
100183,22,Male,16,15756.12,3,89,Active
100184,40,Female,16,39800.24,0,160,Active
100185,32,M,13,34087.73,0,370,Churned
100186,43,Female,63,50168.59,2,50,Active
100187,-5,Male,41,,3,179,Churned
100188,34,Male,53,66416.96,0,220,Active
100189,24,M,68,38825.65,0,205,Active
100190,16,Female,9,65901.36,2,19,Churned
100191,29,Female,51,26177.55,2,3,Active
100192,45,Male,48,49360.64,3,116,Active
100193,37,Male,49,71797.66,1,347,Active
100194,20,,18,70810.06,0,299,Active
100195,37,Female,10,70863.6,1,157,ACTIVE
100196,39,Female,54,4178.07,0,241,Active
100197,24,Female,15,30823.18,0,108,Active
100198,36,Female,11,5497.81,0,300,Active
100199,35,Male,40,23901.3,0,52,Active
100200,21,Male,47,13918.78,0,353,Active
100201,39,Female,20,46890.17,0,28,ACTIVE
100202,41,Female,22,58775.22,1,212,Active
100203,47,Female,48,38987.68,0,109,active
100204,47,F,16,59865.01,0,310,Active
100205,18,Male,5,1948.18,1,258,Active
100206,23,Male,65,61715.25,0,370,ACTIVE
100207,41,,21,14198.66,1,220,Active
100208,41,Female,61,35109.26,2,17,Active
100209,41,Female,55,33751.34,3,240,ACTIVE
100210,81,Female,24,65613.51,0,212,CHURNED
100211,41,Female,23,72482.46,2,284,Churned
100212,48,Male,11,19878.95,1,284,Active
100213,46,Female,47,5988.57,1,180,Churned
100214,42,M,2,49138.61,4,272,Active
100215,31,Female,70,38210.2,1,85,Churned
100216,44,Female,53,42862.18,0,261,Active
100217,25,Male,11,4424.0,2,301,CHURNED
100218,32,Male,15,58372.93,5,210,Active
100219,29,Male,12,18194.15,4,308,Active
100220,35,Male,36,25785.32,5,62,Active
100221,62,,23,17898.17,0,5,Active
100222,12,Female,27,70999.9,0,107,Active
100223,43,Female,14,13485.41,0,11,Active
100224,15,Female,54,55191.61,0,342,Churned
100225,29,Male,27,19185.3,0,215,Churned
100226,48,,21,32444.05,3,219,Churned
100227,35,Male,49,,1,387,Active
100228,22,Male,62,8442.68,1,179,Active
100229,26,Female,44,66220.58,0,316,Active
100230,43,M,44,71007.69,0,66,Active
100231,26,F,61,52668.82,2,185,CHURNED
100232,37,Male,42,1737.2,1,17,Active
100233,35,F,23,61739.1,1,387,ACTIVE
100234,27,Male,1,66288.12,0,387,CHURNED
100235,60,Male,36,73589.13,0,40,Active
100236,42,M,55,63109.37,0,336,Active
100237,10,M,16,33973.44,0,76,Churned
100238,37,Female,18,51960.08,1,319,Active
100239,27,Female,38,36899.51,0,246,Active
100240,45,M,67,27123.36,5,51,Active
100241,25,Female,20,47355.56,1,129,Active
100242,33,F,19,57967.6,1,307,ACTIVE
100243,41,Female,13,48056.66,0,260,Active
100244,45,,17,62166.8,0,209,Active
100245,20,,30,14051.75,1,211,Churned
100246,30,Male,43,28653.4,4,132,Active
100247,29,M,48,24131.35,0,84,Churned
100248,27,Female,43,15365.41,1,49,CHURNED
100249,56,Male,66,33794.9,0,246,Active
100250,39,Female,53,71142.59,2,39,Active
100251,19,Male,34,40812.61,1,145,Active
100252,46,Female,71,22193.96,0,143,Active
100253,999,M,13,27200.49,1,247,Active
100254,47,Male,56,46367.6,5,361,Churned
100255,16,Female,59,27103.26,1,156,CHURNED
100256,29,F,32,40837.66,0,16,Churned
100257,50,Female,54,21287.83,0,390,Churned
100258,26,Male,2,26598.91,5,348,Churned
100259,40,Female,37,53223.86,1,281,Active
100260,44,Female,33,44261.76,0,39,Active
100261,23,Female,1,7918.03,0,145,Churned
100262,34,M,28,73015.51,5,46,Active
100263,-3,Female,17,4650.93,1,372,Churned
100264,22,M,57,7137.53,0,309,Active
100265,31,Female,70,52902.57,0,370,Active
100266,20,Male,52,53393.34,4,307,Churned
100267,54,Female,44,2401.23,2,20,Churned
100268,17,Female,47,48563.79,0,343,Active
100269,29,Female,13,3461.24,1,133,Churned
100270,36,Male,30,72096.98,0,318,Active
100271,52,Male,66,52514.55,2,359,Active
100272,17,Male,53,14806.78,0,268,Churned
100273,48,Male,18,12699.75,0,81,Churned
100274,35,Female,28,43155.01,0,158,Active
100275,23,Male,4,47880.39,0,224,Active
100276,40,Female,42,62511.58,0,2,Active
100277,37,Male,6,67845.77,0,125,Active
100278,27,Male,9,30047.47,0,241,CHURNED
100279,35,Female,20,63462.28,3,117,ACTIVE
100280,30,Male,38,41136.12,3,387,Churned
100281,36,F,68,35823.08,0,264,Churned
100282,42,Male,50,52723.83,1,37,Churned
100283,54,Female,60,8636.43,2,311,Churned
100284,20,M,13,20638.6,0,216,Active
100285,60,Female,42,61440.44,0,49,Active
100286,11,Male,68,38301.83,1,217,Churned
100287,33,Female,25,68195.21,0,59,Active
100288,42,Female,31,7564.08,1,60,Churned
100289,38,,12,24192.55,1,345,CHURNED
100290,27,F,64,27310.69,0,78,Churned
100291,32,Male,61,32281.3,1,119,Active
100292,29,,53,74024.68,0,356,Churned
100293,27,Male,26,23989.04,0,319,Churned
100294,45,Male,61,39382.5,2,127,Active
100295,39,M,10,40669.28,2,207,Active
100296,26,Male,12,58039.05,0,160,Active
100297,45,Male,22,39322.31,0,322,Churned
100298,38,Male,53,45824.57,2,85,ACTIVE
100299,44,Female,21,56746.28,3,4,Churned
100300,42,Female,35,8483.77,5,157,Active
100301,25,Female,71,72296.94,0,177,Active
100302,28,Male,27,63626.51,0,349,Active
100303,43,Female,60,29769.17,4,279,Churned
100304,42,F,47,54902.9,0,387,Active
100305,34,M,66,57412.06,0,310,Active
100306,36,Male,15,,0,252,Active
100307,50,,24,14935.45,0,80,Active
100308,27,Female,10,,0,44,Active
100309,999,Male,24,3467.2,0,218,Churned
100310,32,Male,57,9552.86,5,199,Active
100311,32,Male,34,58428.96,1,180,Active
100312,48,Female,41,,0,208,ACTIVE
100313,44,Male,40,44840.3,1,194,Active
100314,44,Female,11,44044.76,1,12,Active
100315,50,Male,1,56463.85,3,205,Active
100316,35,F,30,68050.28,0,389,Active
100317,43,Male,43,32162.52,1,336,Churned
100318,31,F,26,9496.76,0,126,Active
100319,38,F,53,63085.95,1,348,Active
100320,33,Male,47,26281.67,1,72,Active
100321,36,Female,9,,0,220,Active
100322,42,Male,9,,1,302,Churned
100323,25,F,1,43778.21,2,72,Active
100324,60,Female,71,36094.22,0,349,Active
100325,22,Male,44,64625.0,0,121,Active
100326,20,Male,59,21144.71,0,274,Active
100327,48,Male,56,1979.41,1,300,Churned
100328,44,F,51,24936.69,0,43,Active
100329,42,Female,16,1718.24,3,208,Active
100330,42,M,38,41225.75,0,214,Active
100331,34,Male,11,28990.37,0,335,Churned
100332,24,Male,25,61231.76,1,77,Active
100333,35,,59,60021.32,0,150,Churned
100334,26,Male,29,33163.25,1,252,Active
100335,46,F,40,17019.91,0,60,Active
100336,33,Male,8,32259.81,0,213,Active
100337,25,Male,6,48457.51,3,63,Active
100338,31,Female,45,15075.24,0,280,Active
100339,39,,53,58205.45,0,193,Active
100340,28,,21,25461.46,0,29,Active
100341,25,Male,57,69981.1,2,385,CHURNED
100342,37,Male,6,38878.42,0,380,CHURNED
100343,37,Female,63,63687.36,0,1,Active
100344,28,Female,6,46576.05,0,73,Active
100345,29,Female,53,42040.54,0,277,Active
100346,37,Male,4,51477.63,2,206,Churned
100347,17,,9,61050.34,2,156,ACTIVE
100348,18,Female,69,48693.56,99,146,Active
100349,26,M,4,59995.81,0,353,Active
100350,32,Female,58,,0,52,Active
100351,38,Female,37,21536.22,0,322,Active
100352,52,,71,17999.49,0,115,Active
100353,45,Female,6,60074.44,2,226,Churned
100354,33,M,51,7373.51,5,88,Churned
100355,34,,50,59893.88,0,62,Churned
100356,22,Female,14,29789.13,0,19,CHURNED
100357,34,Female,11,6883.53,0,258,Churned
100358,31,Male,10,32407.54,3,198,Active
100359,38,Male,61,23237.17,1,311,Active
100360,25,Male,13,44804.46,5,79,Active
100361,41,Male,34,35966.97,1,11,Active
100362,53,Male,60,22961.53,2,144,Churned
100363,33,Male,51,64807.68,0,244,Active
100364,39,Male,5,31104.79,5,85,CHURNED
100365,43,Female,32,35831.06,1,27,active
100366,30,Male,12,63650.51,1,278,Active
100367,37,Male,52,,0,3,Active
100368,35,Female,13,29852.09,0,259,ACTIVE
100369,36,Female,54,30811.39,0,243,Active
100370,25,Female,54,37691.1,0,43,Churned
100371,35,Female,41,8852.92,99,198,Churned
100372,40,M,48,8596.85,2,89,Active
100373,52,Female,51,31814.78,2,233,Active
100374,46,Female,47,3444.15,2,293,Churned
100375,60,,50,19868.84,0,350,Churned
100376,25,M,46,15887.08,0,39,Churned
100377,45,Female,38,37214.58,0,321,Active
100378,37,Female,13,1825.81,4,163,Churned
100379,61,Male,22,51004.28,0,299,Active
100380,25,Female,2,64313.46,1,21,Active
100381,24,,13,53298.87,1,10,Churned
100382,27,Female,57,61537.78,1,45,Active
100383,9,F,34,48605.41,5,93,Active
100384,28,Female,19,38545.16,0,3,Active
100385,25,,9,17207.6,2,43,CHURNED
100386,36,Female,33,21692.35,1,180,Active
100387,39,Male,27,24510.39,5,297,Active
100388,57,Female,45,3813.31,4,377,Active
100389,46,Male,2,,0,107,Churned
100390,28,Male,57,67622.4,0,205,Active
100391,24,M,57,8975.56,3,265,Churned
100392,40,Male,16,42195.32,0,124,Active
100393,19,Female,6,35605.46,0,113,Active
100394,56,Male,14,51572.64,1,377,Active
100395,49,Male,27,45623.31,1,47,Churned
100396,29,,38,10199.81,1,156,Active
100397,-5,Male,19,49845.75,2,284,Active
100398,51,Female,37,46056.55,2,331,Active
100399,33,Female,4,40310.55,2,236,Active
100400,49,Female,58,30778.06,99,350,Active
100401,15,F,9,,0,139,Churned
100402,27,Female,40,63858.53,0,285,Churned
100403,35,Female,15,44296.29,0,242,Active
100404,35,M,4,,4,249,Active
100405,29,Male,52,,0,204,Active
100406,42,Female,18,52825.14,1,200,CHURNED
100407,22,,53,9679.77,0,57,Churned
100408,33,Female,59,31084.67,4,74,Churned
100409,36,M,54,15187.67,4,119,Churned
100410,41,Female,41,26022.58,2,59,active
100411,43,M,60,2973.52,0,291,active
100412,21,F,4,10378.2,0,292,Active
100413,16,Male,39,34652.01,0,333,Active
100414,50,Male,7,67466.05,0,58,Active
100415,38,Female,23,37303.04,0,219,Active
100416,26,Female,63,34527.73,0,232,Active
100417,53,Male,65,59280.14,0,258,Active
100418,36,Male,41,20819.43,2,284,CHURNED
100419,49,Male,44,8035.09,3,326,Churned
100420,35,,45,16508.37,0,63,Active
100421,59,Female,69,59556.26,5,180,Active
100422,56,Female,51,51101.55,0,316,Active
100423,32,Male,65,7773.46,0,231,Churned
100424,46,Male,54,50364.89,0,346,Active
100425,42,Male,56,69934.81,5,164,Active
100426,51,Male,40,4326.67,0,360,Churned
100427,23,F,58,46614.94,4,210,Churned
100428,43,,15,29058.18,0,372,Churned
100429,47,Male,19,38076.33,3,43,Active
100430,13,Male,10,40085.23,0,133,Active
100431,20,Male,16,58057.41,2,218,Active
100432,-5,Female,43,42218.93,5,203,Active
100433,31,Male,31,,4,178,Churned
100434,43,Male,16,25635.48,3,272,Active
100435,53,Male,28,10319.95,0,52,Active
100436,35,Female,62,51522.19,1,71,Churned
100437,54,Female,20,1035.68,3,3,Active
100438,18,Female,35,25325.07,0,89,Churned
100439,14,Male,59,17135.25,2,394,Active
100440,34,F,9,29751.47,0,51,Active
100441,39,,10,24033.83,0,160,Churned
100442,34,Male,45,53112.06,1,133,ACTIVE
100443,10,Male,15,20255.25,0,247,active
100444,33,Female,30,42495.53,0,374,ACTIVE
100445,19,Male,48,34727.01,0,171,Active
100446,999,Female,40,60278.26,1,211,Active
100447,39,Female,44,32678.84,2,396,Churned
100448,23,Female,46,64926.83,0,159,Active
100449,28,Male,6,1010.79,5,150,Active
100450,22,Female,24,45757.89,0,59,Churned
100451,34,,7,1725.72,2,308,Churned
100452,46,Male,6,53831.14,0,47,Churned
100453,23,Female,33,18384.26,0,361,Active
100454,41,Male,38,29118.61,1,305,Active
100455,28,Male,44,29152.38,1,312,Active
100456,25,Female,17,63635.26,2,31,Churned
100457,33,Male,31,8554.86,3,247,Active
100458,22,Male,37,50350.37,0,187,Active
100459,28,Male,11,73613.01,2,235,Churned
100460,20,Female,5,2656.45,0,326,Active
100461,58,Female,64,72476.17,3,332,active
100462,35,Male,3,2361.95,1,171,ACTIVE
100463,26,Female,56,63245.06,0,81,active
100464,37,Male,63,72132.09,1,330,Churned
100465,33,Female,38,74484.03,4,365,Active
100466,32,Female,54,,0,5,Active
100467,42,Female,2,65154.86,0,4,CHURNED
100468,44,,2,10053.13,1,143,Active
100469,28,F,12,32478.44,0,386,Active
100470,28,Male,40,23790.15,1,312,Active
100471,31,F,2,30243.1,0,136,Active
100472,7,Male,57,52946.58,4,272,CHURNED
100473,16,,47,7473.53,2,255,Active
100474,51,Male,36,74864.13,4,212,Active
100475,54,Male,4,47994.97,0,280,Active
100476,32,Male,24,65640.3,0,251,Active
100477,41,Male,62,62397.47,0,311,Churned
100478,38,Female,2,57683.82,1,182,active
100479,71,F,15,3902.54,4,209,Active
100480,48,Female,49,39218.56,3,325,Active
100481,33,Female,35,25282.98,1,206,Active
100482,23,Female,47,9357.49,2,238,active
100483,15,Male,24,26381.28,5,316,Churned
100484,37,Male,60,48715.42,3,159,Active
100485,25,Male,48,18066.36,1,20,CHURNED
100486,17,Male,23,33900.06,1,54,Active
100487,27,Male,12,30932.57,0,393,Active
100488,22,Male,41,4882.26,2,244,Active
100489,55,Male,29,47478.11,3,162,Active
100490,45,Male,70,46794.67,0,204,active
100491,34,F,51,72514.67,0,232,Active
100492,52,Male,23,23052.39,2,336,Churned
100493,35,Female,31,32002.38,1,193,Active
100494,24,Female,21,30869.18,1,144,Active
100495,53,Female,24,69061.05,0,326,Active
100496,41,Male,9,31240.05,1,212,Active
100497,22,Male,22,33764.55,1,390,Churned
100498,32,Male,4,19673.5,0,291,Active
100499,24,Male,3,1086.44,5,105,Active
100500,18,Male,28,9173.35,1,131,Churned
100501,46,Female,15,53087.8,3,277,Active
100502,57,Female,8,₹51504.67,0,391,Active
100503,18,Female,48,24867.26,2,334,Churned
100504,41,Female,52,36002.46,1,278,Churned
100505,27,Male,55,23006.0,0,142,Churned
100506,29,M,37,55087.81,0,345,Churned
100507,27,Male,4,63344.95,0,67,Active
100508,24,Female,55,67533.79,0,389,Active
100509,35,Female,12,13866.48,0,197,Churned
100510,-5,Female,19,52431.24,1,371,Active
100511,38,Male,57,72262.35,0,59,Active
100512,34,Female,37,49145.27,3,234,Active
100513,32,Male,7,26972.09,1,393,Churned
100514,24,Male,55,,0,176,Churned
100515,28,Male,28,51943.53,0,102,CHURNED
100516,-5,Male,37,30381.5,4,37,Churned
100517,41,Female,61,8695.33,4,324,Active
100518,23,M,39,45892.83,0,85,Active
100519,36,Male,23,60358.42,1,24,Churned
100520,44,F,52,74820.66,5,380,Active
100521,14,,11,17506.31,99,199,Churned
100522,41,,66,52828.78,0,126,ACTIVE
100523,27,M,13,3075.2,1,305,Active
100524,41,Male,41,72767.07,2,256,Active
100525,25,Male,49,1929.77,0,392,CHURNED
100526,13,Female,15,27550.83,3,75,Active
100527,15,Female,56,6653.81,0,110,Churned
100528,35,M,54,46951.63,0,6,Active
100529,38,,31,26122.98,0,40,Churned
100530,24,Female,61,55237.85,0,337,Active
100531,42,Male,58,36991.98,0,205,Churned
100532,15,Male,60,32035.85,4,365,active
100533,34,Male,53,26790.21,0,145,Churned
100534,20,Female,61,7373.56,0,307,Active
100535,27,Female,42,16157.04,0,2,Active
100536,35,M,29,48293.59,0,158,Churned
100537,24,Female,27,37759.62,1,306,Active
100538,30,F,44,6186.62,2,228,Active
100539,47,Female,5,41252.43,4,199,Churned
100540,28,M,52,5006.56,1,252,CHURNED
100541,45,Male,53,38867.79,0,83,Active
100542,21,M,52,72407.15,0,45,Active
100543,41,Female,38,23743.5,1,199,active
100544,52,Male,44,54539.23,1,175,Active
100545,5,Male,53,56170.85,1,33,Churned
100546,25,F,2,30959.61,1,384,Active
100547,41,Male,54,44903.62,0,354,CHURNED
100548,32,Female,35,35931.41,1,35,Active
100549,39,Male,46,21968.86,0,192,Active
100550,27,Female,55,56850.92,0,85,Active
100551,36,M,11,53009.17,0,344,Active
100552,33,Male,29,67640.62,1,101,ACTIVE
100553,49,Female,69,46741.34,0,316,Active
100554,38,,63,29765.29,0,209,Active
100555,39,Female,47,53836.56,0,29,Active
100556,30,F,7,46808.68,0,274,Active
100557,29,Female,64,46629.45,99,186,Churned
100558,29,Male,64,63887.99,3,48,active
100559,39,Female,12,68374.67,3,267,Active
100560,29,Female,12,14337.88,1,387,Churned
100561,38,Male,36,24239.72,5,170,Active
100562,59,Male,29,49122.62,2,146,active
100563,45,Male,11,42234.37,0,16,Active
100564,31,Female,53,₹49272.14,1,297,Churned
100565,49,M,70,33043.08,1,43,Active
100566,30,Male,47,31520.49,1,347,ACTIVE
100567,10,Female,33,9706.39,3,287,Active
100568,22,F,67,47149.97,1,284,Active
100569,12,Male,43,14008.14,2,51,Churned
100570,30,Female,18,50655.6,0,27,Active
100571,35,,53,72563.35,4,9,ACTIVE
100572,55,,39,19974.55,0,377,Churned
100573,38,Male,34,11519.27,99,380,Active
100574,32,Male,37,2788.97,1,316,Active
100575,44,Male,41,29033.21,0,252,Active
100576,8,Female,49,16881.22,0,233,Churned
100577,37,Female,10,37397.6,0,219,CHURNED
100578,44,Female,40,39798.65,2,57,Churned
100579,17,Male,18,26850.25,0,175,Churned
100580,48,Male,25,56493.06,0,114,Active
100581,39,Female,41,67955.69,0,218,Churned
100582,30,Female,36,16652.71,0,246,active
100583,42,Female,2,62886.04,0,68,Active
100584,62,Female,49,10707.9,1,307,Active
100585,37,Male,67,17923.96,99,58,Active
100586,37,Male,53,42544.76,3,304,Churned
100587,29,Male,19,23687.03,3,315,Active
100588,24,Male,26,4086.6,1,76,Active
100589,44,Male,54,22820.54,0,303,Active
100590,24,Male,51,67960.39,0,399,Active
100591,35,Male,25,13892.51,0,111,Active
100592,29,Male,17,57517.57,0,112,Churned
100593,40,Female,61,54448.87,0,222,Active
100594,39,Male,46,8860.64,3,206,Churned
100595,47,Female,55,25378.78,2,72,Churned
100596,28,Female,50,15012.37,5,377,Active
100597,31,Female,11,2713.11,0,351,Active
100598,23,,12,13805.01,1,2,Active
100599,29,Male,40,15916.77,2,335,Active
100600,39,Female,48,13282.54,0,189,Active
100601,44,,56,7741.19,0,40,Churned
100602,23,M,8,39946.58,3,171,Active
100603,45,Male,14,24875.29,0,48,Churned
100604,51,Male,56,68210.45,4,200,Active
100605,39,Male,54,14853.8,0,57,Churned
100606,57,Female,17,45611.83,3,196,Churned
100607,25,Female,45,67645.91,0,12,ACTIVE
100608,20,Male,5,4492.03,0,324,Active
100609,13,Female,3,39204.53,0,179,Churned
100610,-5,Female,9,34349.49,1,74,Active
100611,42,Female,20,69729.62,0,29,Churned
100612,34,M,21,50118.59,3,92,Active
100613,38,Female,33,26837.94,2,285,Active
100614,21,Male,5,53652.57,0,339,Active
100615,64,Female,24,44116.4,1,371,Active
100616,36,Male,63,,0,107,Churned
100617,36,Female,26,59108.4,0,247,Churned
100618,43,,33,50444.56,2,256,Active
100619,40,M,18,1400.81,0,397,Active
100620,37,Female,18,65019.96,4,98,Active
100621,25,Male,38,30384.8,0,46,ACTIVE
100622,40,Male,33,48763.12,1,20,active
100623,999,Female,27,30360.86,3,59,Active
100624,51,Male,49,66220.79,0,240,Active
100625,54,Female,50,49161.82,1,376,Churned
100626,28,Male,15,43874.58,0,36,Churned
100627,23,Male,52,73539.59,1,1,Active
100628,33,Male,68,21767.4,1,346,Active
100629,35,,19,5828.82,0,387,Active
100630,48,Female,25,39184.77,1,300,Active
100631,14,Male,25,32377.32,0,183,Active
100632,53,Male,33,34617.46,1,316,Active
100633,33,Female,60,,4,387,Active
100634,29,Male,37,46519.0,0,85,Churned
100635,22,Female,43,30027.56,0,82,Churned
100636,15,M,9,64852.9,0,159,Active
100637,44,Female,14,49207.93,1,248,Active
100638,35,Female,3,66853.46,0,228,Churned
100639,19,Female,69,68573.39,3,317,Active
100640,19,F,56,13381.09,0,49,Active
100641,30,F,26,,0,300,Churned
100642,55,Female,53,24495.88,1,287,Churned
100643,31,Male,41,62895.75,0,328,Churned
100644,16,Female,21,55231.02,0,345,Active
100645,32,Male,39,15707.33,0,302,Active
100646,31,Female,23,70466.08,4,212,Active
100647,2,Female,58,51577.45,0,139,Active
100648,34,Male,69,71198.85,0,104,Active
100649,32,Male,29,15941.43,2,65,Active
100650,43,Female,62,65358.18,5,145,Active
100651,57,F,53,50437.39,1,372,Churned
100652,48,Female,45,41869.21,4,28,Churned
100653,31,Female,27,61717.95,3,82,ACTIVE
100654,21,Male,34,47831.93,0,330,Active
100655,65,Female,14,50550.41,0,9,Active
100656,35,Female,41,19771.62,1,162,Active
100657,35,Female,60,61461.97,1,223,Churned
100658,34,Male,42,49122.4,0,131,Churned
100659,37,Female,51,,5,129,Churned
100660,33,Male,11,27013.0,1,316,active
100661,28,Male,35,25546.55,3,353,Churned
100662,28,,19,2768.82,2,306,Churned
100663,34,Male,65,57876.79,0,136,Churned
100664,28,Male,61,25443.26,4,286,Active
100665,26,Female,47,25213.71,2,97,Active
100666,36,M,14,51962.65,0,337,Churned
100667,31,Female,67,19712.3,3,9,Active
100668,53,Female,52,68267.52,0,278,Churned
100669,3,M,32,40816.88,1,394,Active
100670,48,Male,10,72741.32,0,323,Active
100671,49,Male,17,6673.49,3,209,Churned
100672,10,Male,40,25925.08,2,9,Churned
100673,30,M,68,29228.81,0,303,Active
100674,30,Male,63,55051.13,0,296,Active
100675,18,Male,15,16759.21,0,292,Active
100676,25,Female,39,28775.59,1,147,Active
100677,21,Female,57,68387.55,0,354,Churned
100678,56,Female,10,9476.77,5,2,Active
100679,46,Female,71,56153.98,4,339,Churned
100680,50,Male,17,52983.9,1,161,Active
100681,43,Female,17,10657.38,0,64,Churned
100682,21,Female,16,51948.31,3,255,active
100683,-5,F,3,43164.0,3,119,Active
100684,999,Male,51,22276.65,0,111,Churned
100685,20,M,46,24024.45,0,191,Active
100686,43,Female,55,,5,208,Active
100687,32,Male,26,18095.11,0,214,Active
100688,30,Female,31,38945.76,4,92,Active
100689,43,Male,19,51405.08,5,78,Active
100690,40,,68,10612.73,0,6,Churned
100691,30,M,15,69994.19,5,395,Active
100692,48,Male,58,20286.94,0,46,ACTIVE
100693,22,Male,30,24593.78,0,276,Active
100694,42,Male,48,50292.56,0,113,Churned
100695,42,Male,56,6786.18,0,16,Active
100696,31,Male,42,47443.34,0,251,ACTIVE
100697,38,Male,24,68786.22,0,253,Active
100698,19,Female,52,,0,250,Active
100699,46,Male,43,27781.17,0,48,Active
100700,32,M,34,18192.71,3,113,Active
100701,28,M,60,61588.89,1,260,Active
100702,47,Female,3,13402.98,3,176,Active
100703,26,M,68,26650.49,0,98,Active
100704,18,Male,11,45475.61,0,365,Active
100705,16,Male,13,30937.03,0,195,Active
100706,42,Female,50,,0,285,Active
100707,19,Female,19,71131.33,1,149,Active
100708,56,Female,44,26004.63,1,298,Active
100709,10,F,33,33978.19,0,384,Active
100710,55,,38,13398.35,0,306,active
100711,37,Female,3,65035.92,0,345,Active
100712,33,Female,65,22565.73,2,382,Churned
100713,28,Male,35,2466.91,0,3,Active
100714,39,Male,36,24413.79,1,279,Active
100715,34,Female,38,73820.42,0,363,Active
100716,48,Female,39,11866.37,4,261,Active
100717,36,Female,25,3308.98,0,223,Churned
100718,36,Male,64,43784.99,0,281,Churned
100719,30,Female,13,28503.32,2,291,Active
100720,34,Male,68,59828.17,0,235,Active
100721,38,Female,70,55159.69,3,65,Active
100722,14,Male,1,14721.01,1,207,Churned
100723,18,Male,54,42782.79,1,295,Churned
100724,43,Male,9,3400.26,2,216,Churned
100725,37,Male,36,33521.39,0,379,Active
100726,32,F,37,,2,111,active
100727,35,Male,59,31706.95,0,274,Active
100728,39,Male,21,9728.61,2,281,active
100729,28,Female,20,,1,356,Active
100730,-5,Female,1,,1,385,Active
100731,37,Male,59,66958.2,0,137,Churned
100732,23,Male,28,26388.84,0,169,Active
100733,39,,71,13148.75,1,351,Churned
100734,14,Female,56,73417.6,0,278,Active
100735,47,Male,9,,0,230,CHURNED
100736,40,Female,65,36272.47,0,194,Active
100737,38,Male,36,55878.97,1,173,CHURNED
100738,46,Male,34,13496.33,0,276,Churned
100739,54,Female,32,43919.24,4,377,Active
100740,47,F,66,66872.01,0,215,Active
100741,12,Male,25,2707.07,0,140,Active
100742,19,M,51,50797.54,0,202,Active
100743,27,Male,63,41805.37,0,380,active
100744,35,Male,45,71359.26,2,64,Active
100745,41,Male,26,20143.69,0,160,Active
100746,26,Male,21,64557.98,0,62,Churned
100747,37,F,51,23864.94,99,133,Active
100748,25,Female,24,32809.9,0,120,Active
100749,27,Male,12,16783.28,0,300,Churned
100750,18,,11,64905.74,0,157,Active
100751,23,M,27,15460.31,0,289,Active
100752,18,Female,23,64566.96,2,343,Churned
100753,23,F,33,34715.39,5,356,Active
100754,47,Male,38,62796.33,2,13,Churned
100755,23,M,55,20572.15,2,306,Active
100756,66,Female,70,10822.03,99,386,Active
100757,40,M,42,42067.13,2,228,Active
100758,37,Female,29,38698.34,0,274,Active
100759,24,Male,34,27388.95,0,231,Active
100760,43,Female,57,50048.78,1,66,Churned
100761,28,Male,3,8040.57,0,228,Active
100762,36,Male,6,,0,145,Active
100763,65,Male,48,,2,161,Active
100764,33,F,64,10542.64,0,355,Active
100765,48,Male,13,68311.01,1,289,Active
100766,26,Female,36,35024.89,0,352,Churned
100767,34,Male,70,57492.85,1,84,Churned
100768,56,,33,7594.65,0,22,Active
100769,27,Male,57,5252.4,0,125,Active
100770,999,Female,55,37619.06,2,181,ACTIVE
100771,43,M,13,24350.79,3,44,Active
100772,28,Female,51,1363.14,1,331,Active
100773,42,Male,53,14563.8,1,370,Active
100774,46,Female,36,17189.39,3,284,Active
100775,42,F,5,22349.47,0,265,active
100776,16,Female,25,65937.63,0,363,Churned
100777,26,Male,37,32124.59,0,278,Active
100778,32,F,19,51278.0,0,217,Active
100779,34,Male,35,2361.31,5,85,Active
100780,42,Female,34,61230.5,1,281,Churned
100781,37,M,54,18784.34,1,337,Active
100782,18,Male,46,,1,79,Active
100783,39,Female,6,4348.98,3,7,Active
100784,42,Female,1,31317.28,0,315,Active
100785,41,F,71,64090.68,1,224,Churned
100786,47,Male,34,29026.34,0,195,CHURNED
100787,45,Female,56,68236.79,2,289,Churned
100788,40,M,26,65191.12,2,356,ACTIVE
100789,34,Male,42,5585.11,5,360,Churned
100790,15,Male,38,23590.12,0,316,Churned
100791,40,,26,68370.88,0,81,ACTIVE
100792,37,Male,59,3205.86,3,122,Active
100793,38,,24,57669.81,3,58,Active
100794,19,Male,21,68075.67,0,300,Active
100795,22,Male,60,58016.36,0,121,Active
100796,47,Female,20,₹56042.26,0,48,CHURNED
100797,34,Female,6,63408.33,0,125,ACTIVE
100798,43,Female,67,50268.43,3,153,Churned
100799,35,Female,10,32309.12,0,313,Active
100800,35,M,12,5643.91,2,13,Churned
100801,46,Male,22,59309.59,0,333,Active
100802,28,Female,62,67988.77,0,268,Active
100803,36,Male,61,38857.4,0,224,Churned
100804,29,Female,17,40405.78,1,227,Active
100805,999,Male,10,30843.24,4,364,ACTIVE
100806,31,Male,12,64409.31,1,191,Churned
100807,999,Female,40,2095.44,1,250,Active
100808,29,Male,23,47216.59,0,190,Active
100809,50,Male,40,68148.57,0,372,Churned
100810,24,Female,50,8638.45,0,28,Active
100811,32,Female,10,71978.18,0,223,Churned
100812,29,M,4,72608.18,1,372,Active
100813,52,Female,1,69804.38,0,203,Active
100814,37,Male,43,35228.41,0,42,Active
100815,-5,Female,5,29339.78,0,189,Active
100816,17,Male,34,53240.13,0,80,Active
100817,38,Female,66,24583.08,5,38,Active
100818,45,,24,6057.47,0,337,CHURNED
100819,35,Female,14,67705.24,0,109,Churned
100820,47,Female,41,47979.35,1,114,Active
100821,28,Male,42,16329.43,0,364,Active
100822,51,Female,13,2362.23,2,133,Active
100823,62,M,29,54540.18,4,340,Active
100824,30,Male,65,64107.19,0,176,Active
100825,29,Male,46,31017.92,0,163,Active
100826,52,Female,34,6986.47,1,304,Active
100827,53,Female,63,48997.97,1,235,active
100828,28,Male,4,22972.75,3,270,Churned
100829,29,F,28,11652.06,0,54,Churned
100830,31,Male,1,38769.35,0,154,Active
100831,18,Male,36,36656.44,1,374,CHURNED
100832,23,Female,13,39241.01,5,365,Active
100833,22,Male,5,61970.99,3,238,Active
100834,25,Female,14,36856.4,2,42,Active
100835,34,Male,32,67640.0,0,216,Active
100836,37,Male,50,63293.99,2,95,Active
100837,53,Male,27,49182.58,0,146,Active
100838,23,F,35,5207.04,0,103,ACTIVE
100839,46,Female,3,65005.88,0,306,CHURNED
100840,32,Female,4,68012.33,4,125,Churned
100841,34,Male,7,28753.49,0,342,Active
100842,43,Female,3,,2,149,Active
100843,21,Female,59,21795.53,0,162,Active
100844,39,F,1,2089.01,2,217,Active
100845,36,Female,28,36479.38,0,40,Active
100846,40,Female,59,10572.56,5,119,Active
100847,38,Male,53,14566.03,1,111,Active
100848,64,Female,10,36572.6,0,286,Active
100849,27,Female,71,65160.84,0,198,Churned
100850,28,F,3,63502.82,1,117,ACTIVE
100851,27,Male,7,72415.06,0,25,Churned
100852,28,Male,9,36718.37,0,285,Active
100853,27,Female,69,41848.66,1,67,Active
100854,49,Male,13,61836.6,2,185,Active
100855,52,Male,40,52775.83,0,303,Active
100856,28,M,62,14528.84,1,216,Active
100857,25,Female,62,30464.93,1,105,Active
100858,40,M,10,69757.79,4,145,Active
100859,28,M,11,11813.41,3,109,active
100860,42,Male,62,16492.37,0,50,Active
100861,37,Female,56,30648.84,3,212,Churned
100862,16,Male,49,70550.69,0,90,Active
100863,53,F,16,9422.54,0,389,Active
100864,56,Female,9,50797.74,0,269,Active
100865,27,Male,33,10777.07,3,191,Active
100866,30,Male,35,39813.08,5,295,CHURNED
100867,38,Female,39,40705.7,5,17,Active
100868,39,Male,25,4154.33,1,232,Active
100869,42,Male,56,71604.72,0,355,Churned
100870,59,Female,48,60690.07,0,80,Active
100871,32,M,10,23411.21,0,59,Churned
100872,25,Male,41,10666.2,1,352,Active
100873,18,Female,59,26576.38,2,378,Active
100874,26,M,28,67176.46,0,392,Churned
100875,34,Male,41,10818.59,1,30,ACTIVE
100876,-5,F,66,26849.47,1,131,Active
100877,28,Male,51,,4,123,Churned
100878,999,Female,62,3433.44,0,51,active
100879,34,Female,30,,1,80,Churned
100880,49,Female,40,45076.91,0,251,Churned
100881,65,M,40,24973.38,0,192,Active
100882,28,Male,69,65418.88,0,74,Churned
100883,29,Male,62,70320.64,0,379,CHURNED
100884,47,Female,15,33674.17,1,111,Churned
100885,43,M,3,40369.52,1,199,Active
100886,57,Male,24,47679.81,3,368,Active
100887,42,M,41,50175.59,2,177,Churned
100888,30,Male,63,5681.09,0,20,Active
100889,42,Male,48,4972.28,4,205,ACTIVE
100890,-5,Female,61,65053.49,3,29,Active
100891,44,Male,48,17270.53,1,10,CHURNED
100892,-5,Female,47,44223.81,0,9,Churned
100893,47,Male,56,47225.71,0,364,ACTIVE
100894,49,Male,8,13170.36,2,63,Active
100895,51,Female,18,57358.15,0,33,ACTIVE
100896,42,Female,23,65079.98,0,152,Active
100897,32,Female,69,22117.95,0,80,Active
100898,36,Female,65,65960.17,0,32,CHURNED
100899,49,Male,46,6996.75,3,4,Active
100900,25,Female,66,60234.33,3,190,Active
100901,39,,69,48368.23,0,334,Churned
100902,30,M,22,44150.2,0,126,Active
100903,35,Male,65,18029.82,0,375,CHURNED
100904,50,Male,12,27776.29,0,22,Active
100905,37,F,19,68362.52,0,151,Active
100906,35,Female,22,35464.84,2,218,active
100907,18,Female,55,44984.13,0,282,Active
100908,43,Female,62,70253.01,1,305,Active
100909,42,Male,51,35520.14,0,172,active
100910,60,Female,48,29731.92,0,239,Active
100911,31,,17,67096.96,0,150,Active
100912,37,Female,13,68405.71,1,108,Churned
100913,37,Male,28,27243.23,0,195,CHURNED
100914,53,Male,67,44807.24,3,52,ACTIVE
100915,33,Male,5,72315.86,0,142,Active
100916,38,Female,60,,1,64,Active
100917,42,Male,15,3945.38,5,173,Active
100918,37,Male,44,39226.96,1,192,Active
100919,29,F,46,22551.77,1,158,Active
100920,37,Male,29,44056.89,0,397,Churned
100921,47,Male,68,54597.86,3,154,Active
100922,22,Male,49,6111.5,1,232,Churned
100923,36,Male,43,66295.19,0,160,active
100924,26,Female,68,21489.64,0,51,Active
100925,49,F,20,29219.71,1,215,Active
100926,16,M,18,25940.72,0,290,Churned
100927,28,Female,64,63147.78,2,108,Active
100928,39,Female,49,13628.26,0,372,Churned
100929,53,Female,42,3121.82,0,204,Active
100930,34,Male,12,72913.32,0,215,Active
100931,28,Male,36,73566.8,0,28,Churned
100932,57,F,8,20069.27,0,275,Active
100933,17,Male,28,1692.09,1,176,Churned
100934,8,Male,60,48797.87,4,354,ACTIVE
100935,40,Female,49,48986.28,3,72,Active
100936,28,Female,38,70586.4,0,362,Churned
100937,22,Male,58,23086.82,0,71,Churned
100938,43,Male,5,15023.31,0,283,Churned
100939,37,Male,46,46612.29,5,51,Active
100940,28,Female,2,42711.66,2,84,Active
100941,19,Male,25,54112.52,0,54,Active
100942,45,Female,1,66499.43,0,123,Active
100943,42,Female,69,42421.14,2,227,Active
100944,33,F,40,12105.57,0,17,CHURNED
100945,57,Male,68,45261.54,5,220,Churned
100946,22,Male,69,28683.52,99,72,Active
100947,16,Female,69,34502.39,2,114,CHURNED
100948,26,Female,16,72001.84,0,351,Churned
100949,34,Male,54,42066.08,0,129,Active
100950,37,Female,63,12073.89,0,105,Active
100951,32,Male,18,33793.74,2,270,CHURNED
100952,39,Male,17,,0,391,Active
100953,-5,Female,4,,0,64,Active
100954,52,Male,9,53705.32,0,392,Churned
100955,34,M,31,47514.11,0,152,Active
100956,48,Female,5,37836.38,5,385,Active
100957,39,Female,16,32319.63,4,227,active
100958,40,Female,42,24844.11,2,200,Active
100959,41,Female,41,7512.64,4,69,Churned
100960,40,Male,30,23145.95,0,32,Active
100961,42,F,26,63041.2,1,1,Active
100962,-5,,49,58991.98,0,194,active
100963,37,Male,31,72951.51,0,234,Active
100964,43,Male,50,49548.97,0,393,Churned
100965,33,Male,15,41969.34,3,204,Churned
100966,52,Female,52,22907.29,0,74,Active
100967,26,Female,38,6687.66,2,152,Active
100968,56,M,38,46733.36,2,361,Active
100969,34,Female,60,,0,370,active
100970,17,Female,20,57171.51,0,147,Active
100971,36,Female,44,31477.49,3,51,Churned
100972,-5,Female,63,73930.8,0,337,Active
100973,45,Female,50,30423.29,3,258,Active
100974,27,Female,22,25647.3,0,10,active
100975,29,Female,54,65452.99,3,103,active
100976,12,Female,9,30267.48,3,134,ACTIVE
100977,29,Female,15,65446.4,0,190,CHURNED
100978,5,Female,48,3024.22,0,66,Active
100979,15,Female,20,52251.91,0,264,Active
100980,44,Female,35,6317.11,0,324,Active
100981,999,Female,67,11969.2,1,187,CHURNED
100982,40,Female,60,52805.55,0,306,active
100983,23,Female,34,22439.53,3,351,Active
100984,34,Male,54,16572.07,3,292,Churned
100985,34,Male,12,60312.93,2,136,Churned
100986,21,Female,19,,0,95,Churned
100987,53,Female,26,18196.17,0,187,ACTIVE
100988,45,,23,24472.5,3,232,Churned
100989,32,Male,33,53841.42,3,334,Active
100990,35,Male,57,61331.67,0,392,Active
100991,37,Male,30,74938.01,0,378,Active
100992,-5,Male,23,21229.43,0,345,Active
100993,32,Female,36,42189.78,3,206,Active
100994,26,Male,43,10917.4,2,299,Active
100995,22,Female,66,25482.17,0,233,Active
100996,31,Female,53,4327.67,1,63,Active
100997,56,Female,60,16602.05,0,337,Active
100998,42,M,37,38484.33,2,369,Active
100999,28,Female,61,13118.18,2,268,Active
101000,41,Male,53,66814.36,3,340,Active
101001,51,F,12,53562.87,1,354,Active
101002,46,M,35,3052.46,0,56,Churned
101003,35,Male,67,65875.92,2,49,Active
101004,27,Male,38,73321.75,3,395,Active
101005,43,Male,24,38137.76,1,27,Active
101006,39,Male,40,24281.19,0,393,Active
101007,45,,65,20496.37,0,82,Active
101008,42,Female,57,7469.04,0,230,Active
101009,999,Male,45,37379.09,0,36,Churned
101010,28,F,13,4710.36,0,220,Active
101011,50,Female,6,38283.95,0,374,Churned
101012,37,Male,71,19688.58,4,234,ACTIVE
101013,59,F,47,,1,157,Active
101014,26,M,44,31960.43,0,79,Active
101015,55,M,32,23578.45,0,297,Active
101016,37,Female,3,34199.23,5,236,Active
101017,27,Female,54,36078.51,0,28,Active
101018,29,Male,38,62693.19,99,192,Active
101019,31,Female,4,50267.97,2,152,Churned
101020,40,,17,33053.59,0,101,ACTIVE
101021,41,Male,37,67987.9,3,278,Churned
101022,-5,Female,36,56924.82,1,47,Active
101023,34,Female,58,6603.05,0,17,Active
101024,60,Male,41,12377.19,2,385,ACTIVE
101025,55,Female,8,7043.42,2,345,Churned
101026,40,Male,67,24595.89,2,12,Active
101027,35,Female,30,33237.85,2,276,Churned
101028,36,Male,52,38314.2,1,261,Churned
101029,42,F,25,64004.5,1,254,Active
101030,22,Male,52,2328.77,3,15,ACTIVE
101031,31,Male,59,32693.34,1,25,Churned
101032,14,Male,30,31413.88,0,163,Active
101033,39,F,67,71113.22,1,108,active
101034,42,Female,4,18836.73,0,311,active
101035,29,Female,57,10058.03,0,63,active
101036,53,Female,63,11527.26,0,243,Active
101037,20,Female,32,,0,303,Active
101038,17,Male,51,29926.88,0,116,Churned
101039,37,Female,63,56806.51,0,320,Churned
101040,47,Male,1,24915.5,1,22,Active
101041,55,,19,10469.17,0,106,Active
101042,29,Female,35,29628.81,0,333,Churned
101043,47,Female,63,66344.64,3,330,Active
101044,34,Male,26,31008.96,3,336,Active
101045,32,Female,13,62688.45,0,383,Active
101046,45,Male,23,28493.23,3,130,active
101047,42,Male,35,21822.54,1,126,Active
101048,16,Male,12,58339.84,0,370,Active
101049,52,Female,9,16483.36,2,228,Active
101050,51,Female,67,18155.47,4,371,Active
101051,27,Male,44,4686.15,1,317,Active
101052,39,Male,61,14900.58,0,261,Active
101053,40,Female,21,29032.34,0,28,Active
101054,38,Female,7,30568.38,0,337,Churned
101055,28,Male,11,32126.48,0,15,Active
101056,26,Male,45,36497.28,0,183,Active
101057,34,F,32,43321.39,0,376,ACTIVE
101058,-5,,36,15017.75,1,294,Active
101059,41,,37,46431.87,0,210,CHURNED
101060,30,M,41,25905.04,0,14,Active
101061,44,Male,49,55316.79,0,32,Active
101062,0,Male,15,,0,44,ACTIVE
101063,48,Male,13,42015.88,5,348,Active
101064,14,Male,53,51726.04,1,374,Churned
101065,30,,33,25643.41,0,116,Active
101066,21,Female,32,32763.24,0,123,Active
101067,19,Female,48,44134.44,0,372,Active
101068,48,Male,68,32195.12,1,102,Churned
101069,29,F,57,33875.05,0,4,Churned
101070,39,M,62,21164.04,0,371,Churned
101071,34,Male,2,22266.49,0,190,CHURNED
101072,40,M,16,52722.85,0,203,Active
101073,35,Male,8,1316.8,0,238,Churned
101074,19,Male,19,8051.49,5,59,Active
101075,46,Female,32,71211.93,0,331,Active
101076,29,Female,67,14839.34,5,145,Active
101077,16,Male,32,31940.95,1,4,Churned
101078,-5,Male,25,63876.7,0,260,Active
101079,53,,53,1007.58,1,396,Churned
101080,45,Female,25,69463.26,0,241,Active
101081,999,Female,33,4958.16,1,303,Churned
101082,999,Male,31,13644.31,0,391,Churned
101083,31,Male,36,,0,229,Active
101084,59,Male,49,39444.48,1,140,Active
101085,39,Male,44,70788.98,0,327,Active
101086,40,Male,48,63088.71,0,54,Active
101087,47,Male,30,48341.39,4,63,Active
101088,37,Female,13,14726.16,3,143,Churned
101089,31,Male,43,65350.19,3,56,Active
101090,32,M,16,56853.38,1,73,Active
101091,34,Male,26,,0,97,Active
101092,34,Female,47,60576.6,0,358,Active
101093,43,Male,37,65909.2,4,80,Active
101094,-5,Female,3,52668.72,3,287,Churned
101095,43,Male,26,8428.43,0,271,active
101096,34,,15,73834.27,2,130,Churned
101097,35,Female,66,6624.07,3,13,Active
101098,11,Female,28,49431.08,1,248,Churned
101099,45,Male,38,9178.87,3,5,Churned
101100,39,Female,44,68000.59,0,32,Churned
101101,46,Female,53,,0,181,Churned
101102,0,Male,4,38851.22,1,106,Active
101103,60,Female,44,14228.36,1,237,Active
101104,33,M,46,41445.6,5,21,Active
101105,48,Female,26,70474.15,3,225,Active
101106,22,M,13,67720.85,0,203,Active
101107,42,M,69,5728.3,0,41,CHURNED
101108,22,F,44,28991.13,1,343,Churned
101109,27,Female,53,20789.92,0,161,Active
101110,57,Female,51,,0,232,Active
101111,32,Female,13,62695.96,1,136,Churned
101112,37,Female,41,55675.03,1,292,Active
101113,45,,11,26454.39,3,33,Churned
101114,40,Male,37,29317.27,0,29,Active
101115,36,Male,60,49414.87,0,351,Churned
101116,39,Male,32,15372.66,0,57,Churned
101117,63,Male,45,8601.87,1,328,Active
101118,34,Male,18,18951.55,2,346,CHURNED
101119,37,Female,20,10178.4,0,370,Active
101120,47,Male,44,27046.83,0,180,Active
101121,48,Female,36,,0,371,Churned
101122,49,Female,69,9902.16,2,126,Churned
101123,42,Male,37,61555.84,0,124,active
101124,21,Male,33,40563.95,0,372,Active
101125,54,Female,19,47834.83,0,253,Active
101126,21,Female,51,13586.1,3,359,Active
101127,38,M,32,12201.63,0,258,Active
101128,25,M,22,13043.03,0,90,Churned
101129,34,,1,50362.65,0,18,Active
101130,38,Female,54,56336.33,0,219,Active
101131,999,F,20,69098.13,1,178,Churned
101132,40,M,58,30466.23,0,209,Active
101133,54,F,35,35185.73,0,301,Active
101134,40,Male,70,35750.03,4,15,ACTIVE
101135,32,,70,20972.44,2,235,Churned
101136,46,Female,61,25289.22,0,135,Active
101137,49,Female,63,63664.7,0,209,Churned
101138,20,Male,61,26435.44,2,211,Churned
101139,42,Male,57,65313.11,1,155,Active
101140,43,Male,3,23589.81,5,40,Churned
101141,31,Male,45,26151.35,4,273,Churned
101142,51,Male,15,42460.78,1,160,Active
101143,33,M,17,8631.39,0,144,Active
101144,36,Male,15,69232.61,0,191,Active
101145,32,Male,5,61709.59,3,222,Active
101146,35,Male,46,50617.28,1,334,Active
101147,21,Female,11,74121.25,1,242,Active
101148,17,Male,64,2183.95,1,361,Active
101149,54,Male,14,31418.46,1,338,Churned
101150,24,Female,39,64517.39,1,86,CHURNED
101151,23,Female,67,33043.28,0,180,Churned
101152,9,Male,55,1387.86,0,80,Active
101153,27,Male,42,12673.8,0,305,Active
101154,19,Male,5,33121.36,1,49,Churned
101155,54,,52,50428.14,0,154,Active
101156,47,Male,22,13036.42,1,179,Active
101157,999,Female,44,34155.19,4,299,Churned
101158,999,Male,59,1946.35,1,326,Active
101159,46,Female,25,36335.04,0,243,Active
101160,31,Male,21,67298.41,0,327,Churned
101161,5,Male,64,45160.83,0,9,Churned
101162,62,Female,68,33608.52,5,192,Active
101163,18,Male,47,13007.19,1,90,Churned
101164,15,Male,35,15978.97,0,2,Active
101165,47,Female,7,6661.74,0,3,CHURNED
101166,64,,56,55938.42,2,195,Active
101167,51,Male,52,6708.01,0,265,Active
101168,41,Female,46,29412.21,0,268,Active
101169,42,,9,56488.51,0,243,Active
101170,45,M,58,53748.88,0,165,Active
101171,44,Female,23,43737.38,0,213,Active
101172,38,Female,3,43276.77,1,360,Churned
101173,36,Male,61,7684.28,0,195,Active
101174,34,Female,9,13943.73,0,56,active
101175,25,Male,53,40571.09,0,105,Active
101176,31,Male,68,26757.94,1,213,Active
101177,14,Female,49,2401.35,0,319,Churned
101178,33,Male,70,60064.34,0,154,Active
101179,23,Female,48,49382.18,0,216,Active
101180,21,Female,7,25108.12,2,46,Churned
101181,37,Female,31,8267.18,3,181,Active
101182,51,Male,56,44748.86,5,60,Churned
101183,46,Male,61,26792.67,1,244,Active
101184,16,Female,5,19898.81,1,226,CHURNED
101185,23,,30,54388.72,1,32,Active
101186,46,Male,22,25283.1,3,347,Churned
101187,23,Male,17,11067.59,3,175,Churned
101188,32,M,10,36642.38,0,317,Active
101189,41,Male,71,62306.47,1,94,Active
101190,23,M,68,63874.75,0,388,Active
101191,36,Female,42,63851.39,1,130,Churned
101192,18,Female,27,32148.07,2,151,Churned
101193,27,Male,7,59529.13,3,311,Active
101194,38,Male,23,63917.08,3,297,CHURNED
101195,15,Male,8,35005.83,0,252,Churned
101196,40,F,8,24586.71,4,139,Active
101197,34,Female,5,52945.38,5,271,Churned
101198,41,Female,71,67930.73,5,357,Active
101199,37,Female,2,72939.28,1,323,Churned
101200,51,Male,51,22476.64,1,112,Active
101201,36,Female,66,71756.66,0,158,Churned
101202,29,Female,12,37946.89,0,57,Active
101203,36,Female,47,23646.57,0,190,Churned
101204,41,Male,55,74141.46,0,33,Active
101205,35,Female,26,65957.79,5,321,Churned
101206,35,F,45,52238.83,1,1,CHURNED
101207,26,Female,62,67225.73,4,131,Churned
101208,27,Male,70,51430.1,0,9,Churned
101209,18,Female,2,33589.88,0,32,Active
101210,55,Male,26,71155.67,0,77,Active
101211,20,Female,14,72280.33,0,301,Active
101212,26,,57,24248.96,3,95,Active
101213,26,Female,32,27225.25,1,185,Active
101214,45,Female,62,29321.31,0,277,Active
101215,31,Female,30,61838.8,1,23,Active
101216,49,Male,13,59544.78,3,117,CHURNED
101217,26,Male,40,73750.52,0,360,Churned
101218,38,F,31,35425.81,5,30,Active
101219,24,Female,37,55520.76,1,371,Active
101220,60,Male,45,64397.31,3,325,Active
101221,20,Male,59,17371.05,1,74,Churned
101222,38,Female,28,46921.1,0,320,Active
101223,42,Female,61,,1,295,ACTIVE
101224,39,M,19,55969.2,0,311,Active
101225,32,Male,43,52461.67,3,230,ACTIVE
101226,33,F,59,61146.65,1,263,ACTIVE
101227,35,Female,16,24024.74,0,39,Churned
101228,33,Female,69,17010.37,0,104,ACTIVE
101229,46,Female,44,60584.71,4,352,Churned
101230,61,Male,66,27681.69,3,194,Active
101231,28,,10,22280.44,2,143,active
101232,18,Male,47,25924.57,0,202,Active
101233,33,Male,19,5910.2,3,207,Active
101234,65,M,51,58212.68,0,34,Active
101235,25,Female,13,53921.81,0,291,Active
101236,54,M,63,41899.24,0,371,Churned
101237,55,Female,16,53990.29,4,261,Active
101238,-5,Male,53,28611.85,1,312,Active
101239,-5,F,35,22857.31,0,83,Active
101240,54,Male,59,64810.27,1,263,ACTIVE
101241,30,M,39,32261.64,2,309,Active
101242,32,Male,67,15497.5,1,238,Active
101243,28,M,61,56429.25,3,172,Active
101244,22,Male,50,25854.52,1,186,Churned
101245,27,Female,53,,0,362,Active
101246,20,F,46,3013.86,3,42,Active
101247,35,Female,52,72824.53,0,228,Churned
101248,25,Female,29,35579.41,3,274,Active
101249,37,M,5,12970.08,1,262,CHURNED
101250,16,Female,67,57078.03,2,132,Active
101251,38,F,40,66686.18,5,398,Churned
101252,45,Female,2,40069.63,0,97,Churned
101253,11,Male,68,3098.6,0,53,Active
101254,39,Male,62,28020.58,3,277,Active
101255,49,Male,58,18989.52,0,397,Churned
101256,20,Male,69,48093.41,0,194,Active
101257,55,Female,58,39395.48,1,399,Active
101258,40,Male,35,27324.53,0,355,ACTIVE
101259,26,Male,14,48989.38,0,173,Active
101260,34,Male,15,44247.77,5,340,Churned
101261,41,M,6,68080.27,1,193,Active
101262,35,Female,16,45163.42,3,387,Churned
101263,41,Male,46,38570.68,3,145,Active
101264,23,F,63,61951.59,0,145,CHURNED
101265,37,Male,12,15979.06,4,276,Churned
101266,18,,41,19023.78,3,260,Active
101267,33,Female,19,58984.41,0,331,Active
101268,24,Male,2,33733.92,5,15,Active
101269,26,Female,20,31283.45,0,313,Active
101270,49,Female,9,66643.77,5,283,Active
101271,48,Female,21,46148.07,3,216,Active
101272,42,M,8,60415.28,0,276,CHURNED
101273,21,Male,39,60928.08,1,108,Active
101274,31,Male,37,9881.97,0,256,Active
101275,49,Male,29,49373.98,0,79,Churned
101276,36,Male,35,71486.21,0,390,Churned
101277,62,Male,38,36522.0,4,18,Churned
101278,39,F,35,55181.5,2,342,Churned
101279,37,Male,68,42938.23,3,305,Active
101280,31,Female,3,16158.6,1,213,Active
101281,36,Female,12,15444.33,0,209,CHURNED
101282,33,F,32,33103.65,1,11,active
101283,43,,47,36741.3,0,146,Active
101284,46,Female,63,38231.8,0,35,Active
101285,25,,26,71670.06,1,55,Active
101286,999,Female,43,8418.84,3,351,Active
101287,12,,44,29158.98,2,28,Active
101288,41,Female,38,39076.51,0,344,Active
101289,21,Male,29,72270.34,3,164,Active
101290,9,Female,55,38319.3,0,109,Active
101291,39,Female,52,58370.4,0,24,Active
101292,64,Male,19,56446.58,5,161,Active
101293,-5,Male,35,42916.86,0,372,Active
101294,45,Female,48,10672.03,0,165,Active
101295,35,F,60,17188.14,0,397,Active
101296,33,Male,31,18770.38,0,272,Churned
101297,46,Female,3,3860.81,0,112,Churned
101298,31,Female,35,29062.13,1,73,active
101299,38,,52,46178.02,3,50,CHURNED
101300,38,F,71,11675.71,1,111,Active
101301,26,Female,51,13952.66,0,13,Churned
101302,46,Female,56,53316.99,3,71,Active
101303,32,Male,21,13524.75,4,201,Active
101304,25,Female,1,11014.83,0,291,Churned
101305,41,Female,53,73360.3,1,24,Active
101306,24,F,6,2090.41,0,214,Active
101307,35,Female,62,25080.2,1,295,Active
101308,34,Male,47,3585.31,5,147,Active
101309,48,Female,50,63015.57,5,382,Active
101310,40,Male,31,44181.64,1,174,Churned
101311,-5,Male,64,4548.44,0,5,Active
101312,44,Male,29,46536.8,0,332,Churned
101313,51,Male,15,10109.13,0,360,ACTIVE
101314,41,M,58,37684.21,1,390,Active
101315,35,Male,23,50536.56,5,338,Active
101316,19,Male,38,11989.52,0,7,Active
101317,22,,41,37781.73,1,211,Churned
101318,31,Male,15,₹34848.41,0,271,Active
101319,27,Male,3,68765.54,4,329,Churned
101320,32,Male,1,74681.9,5,276,Churned
101321,35,Male,11,49431.11,3,240,active
101322,41,Male,60,64259.58,0,315,Active
101323,999,Male,65,48869.26,0,4,Active
101324,40,Female,4,65845.18,0,202,Active
101325,35,Male,25,33062.13,2,106,Active
101326,11,Male,43,₹45991.25,0,40,active
101327,23,M,40,63542.54,99,65,Active
101328,33,Female,44,68938.34,3,35,Active
101329,20,F,59,2826.52,0,44,Active
101330,42,Female,23,8692.5,0,263,Churned
101331,53,Male,62,69906.73,1,150,Churned
101332,49,Female,23,,0,279,Churned
101333,32,Male,58,74274.21,0,65,Churned
101334,52,Male,55,59654.85,1,344,Churned
101335,36,Female,33,61542.37,4,276,Active
101336,30,Female,63,29573.07,5,32,Active
101337,27,Female,60,20058.06,0,353,Churned
101338,999,F,61,45271.18,3,164,Churned
101339,30,Male,61,66048.38,1,353,Active
101340,37,Female,69,54701.69,0,161,Active
101341,36,Female,21,35940.96,1,325,Active
101342,35,,3,56736.84,99,82,Active
101343,40,M,48,52089.42,0,265,Active
101344,49,F,10,,0,42,Active
101345,46,Male,42,20503.23,1,199,CHURNED
101346,17,Female,66,9829.05,0,383,Active
101347,4,Male,46,35783.79,3,207,Active
101348,46,Male,9,27719.98,1,110,Active
101349,18,F,49,73139.72,3,132,Active
101350,32,Male,4,1555.31,0,231,Active
101351,20,,60,70070.35,3,72,Active
101352,13,Male,29,71675.86,0,328,Active
101353,41,M,47,4770.92,0,124,Churned
101354,44,Male,63,66828.17,4,197,Churned
101355,28,Male,31,35837.63,2,279,Active
101356,3,Male,51,57695.15,0,107,Active
101357,-5,Female,41,,0,354,Active
101358,39,Male,36,71685.21,0,143,Active
101359,17,Female,40,45958.59,5,51,CHURNED
101360,37,Male,60,67503.38,3,123,Active
101361,34,Male,15,50799.27,0,50,Churned
101362,41,Male,30,40723.96,0,339,Churned
101363,36,Female,30,13764.68,0,281,Active
101364,23,M,27,14168.61,2,39,Active
101365,49,F,40,35970.2,0,324,Active
101366,33,Male,45,65412.72,0,328,Active
101367,34,Female,47,9526.18,1,375,Active
101368,23,Female,56,74880.5,3,362,Active
101369,-5,Male,54,65817.51,1,269,Churned
101370,24,Female,9,30049.35,4,166,Active
101371,32,Female,65,19730.76,4,36,Active
101372,55,Male,70,69227.71,2,376,Active
101373,18,Male,1,10117.66,0,109,Churned
101374,15,Male,13,26699.46,1,243,Churned
101375,52,Female,38,7209.51,0,124,Churned
101376,32,Male,45,71556.21,0,223,Active
101377,26,Male,40,46704.1,2,19,Churned
101378,47,Male,15,25877.29,3,37,Active
101379,27,Male,50,21385.75,0,217,Active
101380,56,Male,2,33862.98,1,101,Active
101381,43,F,53,7762.01,0,193,Active
101382,-5,Male,26,66811.82,0,85,Active
101383,60,Female,66,38809.59,1,233,Churned
101384,27,Male,33,54657.26,1,39,Churned
101385,43,Female,59,18297.19,2,42,Active
101386,38,Female,26,38277.45,5,190,Churned
101387,50,Male,21,16620.37,0,309,Active
101388,53,M,49,61391.0,0,306,Active
101389,35,Female,71,58370.35,1,361,Active
101390,25,M,71,11966.97,0,107,CHURNED
101391,40,Female,66,6513.51,3,157,Active
101392,26,,37,61990.56,0,225,Active
101393,59,Female,14,9113.94,1,386,Active
101394,36,,7,41587.81,0,18,ACTIVE
101395,30,Female,38,40552.06,0,60,Churned
101396,37,Female,45,16017.86,1,372,Active
101397,18,Female,22,44760.38,1,142,Churned
101398,23,F,44,38203.89,3,118,Churned
101399,49,,35,38680.0,0,168,active
101400,27,Male,60,27617.8,0,192,Active
101401,22,Female,3,63043.71,1,286,Active
101402,41,Male,67,7243.42,0,29,Active
101403,49,Female,55,33458.11,1,157,Active
101404,43,Male,9,20226.41,0,19,Churned
101405,46,Male,69,63784.06,0,90,Active
101406,25,F,28,17655.96,0,110,Churned
101407,17,Male,15,57759.84,99,58,Churned
101408,53,Female,31,46252.13,3,116,CHURNED
101409,31,Female,59,65734.48,3,40,Active
101410,31,Male,54,44940.75,1,265,Active
101411,50,Male,68,42179.84,0,121,Active
101412,41,Female,47,60283.62,0,110,Active
101413,40,Male,42,42624.0,0,364,CHURNED
101414,60,M,23,63496.11,3,205,Churned
101415,27,,65,4649.53,1,159,Active
101416,999,Male,54,37641.09,5,334,Active
101417,35,Male,11,61139.17,1,95,Churned
101418,38,Female,63,63779.02,0,399,Churned
101419,53,Female,22,62720.1,0,34,Active
101420,41,Male,54,45724.22,4,242,Churned
101421,999,Male,36,74553.88,0,318,Active
101422,47,Female,58,14422.59,0,330,Active
101423,30,,20,13909.86,0,313,Active
101424,999,Male,16,3428.88,1,149,Churned
101425,22,Female,56,74210.95,0,103,Active
101426,11,,50,26753.52,0,310,Churned
101427,59,Female,66,57392.01,0,217,Active
101428,21,Female,13,5418.56,0,165,Active
101429,32,Female,15,23102.92,0,168,Active
101430,31,,27,47164.7,0,20,ACTIVE
101431,38,Female,8,39833.73,0,109,Active
101432,44,F,70,16373.37,0,199,ACTIVE
101433,45,Female,50,35157.88,0,233,Active
101434,28,Female,67,9049.87,0,172,Active
101435,32,Male,26,41160.06,0,184,Active
101436,38,Male,36,8173.67,2,218,Active
101437,32,Female,21,48059.22,1,17,ACTIVE
101438,54,Male,52,12496.46,3,42,Active
101439,40,Female,11,41484.36,1,156,Active
101440,43,Male,8,₹10554.93,0,21,Churned
101441,42,M,57,30652.57,1,151,Active
101442,49,Male,46,27035.53,2,111,Active
101443,37,M,2,56974.39,3,304,Active
101444,19,Female,64,48445.96,0,315,Active
101445,39,Male,52,70344.57,0,128,Active
101446,27,Female,65,69221.39,3,368,Churned
101447,28,Male,11,54649.71,0,52,Active
101448,42,Male,6,58023.34,0,273,Churned
101449,49,Male,64,47243.52,0,294,Active
101450,35,Male,55,52183.08,0,385,Churned
101451,38,,44,46674.46,1,75,Churned
101452,55,Male,14,24070.61,3,351,Active
101453,37,Female,5,26951.03,3,300,CHURNED
101454,66,Male,25,,0,88,Churned
101455,41,Female,50,54293.09,2,20,Active
101456,13,Male,71,31052.81,0,69,Active
101457,44,Female,2,11557.42,5,170,Churned
101458,39,Female,10,34996.87,0,154,Active
101459,50,Female,2,72275.9,2,305,Active
101460,43,Male,60,16842.43,1,106,Churned
101461,33,Female,45,49031.11,5,327,Active
101462,20,Male,8,73708.09,5,219,Active
101463,32,Male,58,,0,274,Active
101464,24,Female,7,66703.39,0,358,Active
101465,28,Female,21,64936.65,1,95,Churned
101466,42,Female,47,26089.33,0,265,Active
101467,55,Female,1,8290.28,4,322,Active
101468,39,Male,12,14211.9,0,246,Active
101469,20,Male,48,28065.44,0,316,Active
101470,40,Male,4,71975.94,0,108,Active
101471,49,Female,34,21309.31,1,293,Churned
101472,27,Female,32,69587.99,3,237,Churned
101473,33,Male,3,,1,29,CHURNED
101474,35,Female,68,72766.12,0,63,Churned
101475,25,Female,57,22726.74,0,15,active
101476,42,Female,24,47848.83,5,238,Active
101477,33,Female,33,6157.15,0,9,Active
101478,40,Female,3,23175.15,99,336,ACTIVE
101479,24,Female,4,16592.57,4,322,active
101480,29,Male,30,1252.83,1,1,Active
101481,43,Male,70,12600.96,4,121,Active
101482,30,Male,49,44889.67,0,9,Active
101483,55,Female,30,29854.09,4,313,Churned
101484,30,M,16,54470.25,0,184,Churned
101485,37,Female,53,50659.52,1,148,Active
101486,46,Male,6,60148.16,0,238,CHURNED
101487,17,Female,24,65159.85,1,377,Active
101488,999,M,28,61667.09,0,258,Churned
101489,16,F,21,34156.5,2,257,Active
101490,50,Female,8,23845.85,2,330,Active
101491,28,M,36,38170.38,5,310,CHURNED
101492,65,Male,9,40599.51,1,19,Active
101493,28,Male,40,24174.91,1,18,Churned
101494,37,Male,51,40960.48,4,280,Active
101495,53,Female,1,8827.69,4,127,Active
101496,59,Male,63,18097.09,1,308,Active
101497,59,Female,68,56207.56,3,214,Active
101498,49,Female,26,14529.58,1,276,ACTIVE
101499,47,Male,40,11288.8,0,395,Churned
101500,999,M,3,22263.4,3,329,ACTIVE
101501,44,Male,9,28457.63,2,207,Churned
101502,28,Male,32,25312.6,0,188,Churned
101503,25,Female,67,28720.8,0,16,Active
101504,34,Male,4,11353.51,1,141,CHURNED
101505,32,Female,6,13239.24,3,6,Active
101506,29,M,26,18451.79,0,281,Active
101507,43,F,2,30747.41,2,319,Active
101508,46,M,66,25856.53,0,175,Active
101509,36,Male,3,59558.78,0,15,Active
101510,52,Female,35,39888.33,0,310,Active
101511,21,Male,59,,4,128,Churned
101512,32,Male,38,42483.88,0,14,Churned
101513,26,Male,33,30509.35,0,249,Churned
101514,12,Male,15,73555.76,0,34,ACTIVE
101515,34,M,14,3762.33,0,386,active
101516,33,Male,66,16972.0,0,20,Churned
101517,53,Female,45,22064.45,0,250,Active
101518,-5,Female,48,66216.06,0,362,Churned
101519,22,Female,44,68996.32,1,272,Active
101520,57,,37,63611.68,0,195,Active
101521,49,Male,29,31854.37,2,238,Active
101522,41,Female,34,68682.17,0,103,Active
101523,32,Female,59,8289.6,4,307,Churned
101524,23,Male,43,49280.17,0,243,Active
101525,30,Female,33,70354.56,3,215,Active
101526,48,M,19,56862.59,0,243,Churned
101527,57,Male,8,21562.17,1,387,CHURNED
101528,-5,Male,31,54095.43,0,77,Active
101529,29,Male,11,22812.49,0,384,Active
101530,21,Female,8,9257.08,1,121,Active
101531,36,Female,25,54074.39,1,302,Active
101532,13,Female,20,14262.77,3,40,Churned
101533,38,Female,38,9218.81,1,29,Active
101534,33,F,7,41830.24,0,232,Active
101535,29,Female,39,46926.27,5,145,ACTIVE
101536,999,M,20,4778.17,1,249,Active
101537,41,M,11,1330.7,0,93,CHURNED
101538,28,Female,16,66273.2,5,325,Active
101539,20,Female,42,9528.69,5,85,Active
101540,0,M,52,44208.46,0,322,Active
101541,34,F,37,71562.42,0,246,Active
101542,56,Male,52,38881.35,0,75,Churned
101543,54,Male,9,,1,151,Active
101544,29,,35,30117.85,2,135,CHURNED
101545,27,Male,67,47179.12,2,190,CHURNED
101546,40,M,7,57450.13,1,34,Churned
101547,23,Male,2,45913.41,0,358,Active
101548,38,Male,25,3539.36,0,105,Active
101549,44,Male,41,11589.61,4,369,Active
101550,49,Male,52,28513.32,4,51,Churned
101551,33,Male,65,53222.81,0,172,Churned
101552,32,Female,38,44240.27,0,70,Active
101553,24,Female,67,4307.43,0,208,Active
101554,25,,42,59969.56,0,322,active
101555,999,Female,71,45779.21,0,96,Churned
101556,39,Female,54,66649.1,0,58,CHURNED
101557,45,Female,67,31906.33,0,120,Churned
101558,25,Female,64,37274.93,2,171,Churned
101559,52,Female,4,31010.76,4,111,Churned
101560,31,Male,31,54461.64,4,61,Churned
101561,34,Male,13,56657.68,1,256,Active
101562,26,Male,27,54519.94,2,156,Churned
101563,5,Male,59,22578.35,0,185,Active
101564,45,Female,65,48066.33,0,41,Active
101565,43,Male,64,26051.08,1,201,active
101566,31,F,25,62730.83,0,50,Churned
101567,35,F,37,5078.6,0,90,CHURNED
101568,41,,71,3791.34,1,237,active
101569,16,F,14,8526.42,0,346,Active
101570,28,Male,24,15974.88,3,325,Active
101571,44,Female,67,3785.02,4,377,Churned
101572,19,Male,48,6299.64,0,337,Active
101573,38,M,65,23648.18,0,282,Active
101574,-5,F,38,8384.51,0,154,Active
101575,40,M,70,60353.46,4,363,Active
101576,34,Female,59,4986.19,0,180,Churned
101577,15,Female,12,68186.78,0,88,Churned
101578,48,Male,54,65442.13,0,105,Churned
101579,26,Male,51,16420.44,0,73,Active
101580,25,Female,38,6293.0,2,372,Churned
101581,37,Female,46,8809.59,0,388,Churned
101582,48,,10,42372.53,2,257,Active
101583,22,Male,9,45467.76,1,134,Active
101584,35,M,52,24353.13,1,285,Churned
101585,40,Female,51,22965.69,2,236,Active
101586,43,M,22,40331.09,3,387,ACTIVE
101587,37,M,68,23616.48,2,384,Active
101588,30,F,5,70139.64,1,109,Active
101589,25,Male,29,29314.75,2,344,Active
101590,36,F,6,17266.22,0,137,Active
101591,999,Male,69,11801.4,5,337,active
101592,0,Male,58,47746.41,0,235,Active
101593,40,Female,43,25172.96,0,59,ACTIVE
101594,45,M,69,14970.82,1,294,Active
101595,6,Female,37,,0,42,Active
101596,22,M,58,23783.24,1,248,Churned
101597,42,Female,37,47311.68,0,50,ACTIVE
101598,59,Male,26,13926.43,4,270,Churned
101599,35,F,42,55227.48,3,382,Active
101600,26,Male,16,23561.29,1,356,Active
101601,32,F,22,37134.91,0,173,Active
101602,51,Male,23,49458.09,0,289,Churned
101603,27,Female,47,41227.89,3,162,Active
101604,25,Female,67,50005.28,0,67,ACTIVE
101605,29,Male,3,24872.07,0,340,active
101606,23,Male,12,72295.29,99,323,ACTIVE
101607,36,Male,23,34965.24,1,326,Active
101608,54,Male,11,24823.09,0,221,CHURNED
101609,38,Male,52,22933.15,3,167,Active
101610,31,Female,50,4159.43,2,171,Active
101611,31,Female,57,51675.63,0,223,Active
101612,16,Female,64,20426.13,0,167,Active
101613,45,F,46,71960.84,0,369,Active
101614,34,Female,29,16572.91,2,85,Active
101615,32,Female,70,40182.35,0,115,Active
101616,73,Female,46,55424.83,0,300,Active
101617,38,Female,16,65388.53,1,385,Churned
101618,25,Female,51,12578.11,1,353,Churned
101619,29,Male,11,73919.71,4,50,Active
101620,48,M,11,68099.42,3,376,Active
101621,36,Female,63,72250.88,4,372,Churned
101622,-5,Male,53,64097.64,0,318,Active
101623,46,Female,58,₹65947.52,2,218,active
101624,26,Male,19,45313.34,0,259,Churned
101625,57,Male,32,63552.94,0,136,Active
101626,47,Male,50,40516.99,1,304,Active
101627,29,Female,55,40828.07,2,370,Active
101628,50,Female,41,42630.93,1,96,Active
101629,35,M,70,74727.53,0,169,Churned
101630,45,Male,21,8725.22,0,313,Churned
101631,40,Female,26,60615.14,0,225,ACTIVE
101632,24,Female,1,21225.13,3,341,Active
101633,27,Male,27,27730.8,0,346,Churned
101634,47,Female,50,6959.46,0,375,active
101635,30,Male,66,27016.46,3,334,Churned
101636,30,Male,65,74316.44,0,284,Active
101637,23,Female,10,30383.13,0,348,Active
101638,40,Female,37,50556.91,1,341,Active
101639,59,Male,69,9932.78,0,368,Active
101640,22,Male,41,69264.79,0,187,Active
101641,35,Male,46,62253.16,1,374,Active
101642,51,Male,45,29585.78,0,294,Active
101643,34,Male,27,26786.29,2,321,ACTIVE
101644,40,Male,65,32987.76,5,282,Churned
101645,22,Female,8,30693.11,4,243,Active
101646,40,Female,67,20095.76,1,27,Active
101647,32,Female,49,74322.62,0,151,Active
101648,46,Female,14,60980.44,0,199,Churned
101649,49,Male,62,20826.32,0,278,Active
101650,66,Male,43,73647.64,0,227,Active
101651,41,M,27,2149.23,0,196,Churned
101652,38,Male,27,33404.43,0,221,Active
101653,37,Male,68,43141.9,2,357,Active
101654,30,Male,48,3781.41,0,228,Active
101655,39,Female,67,12916.75,2,67,Active
101656,31,Female,25,20101.7,0,325,Active
101657,37,,64,54296.8,3,338,Active
101658,50,F,24,70541.02,1,98,ACTIVE
101659,22,Female,9,47215.6,0,15,Churned
101660,48,Male,8,42636.96,0,382,Active
101661,50,Male,59,40720.17,2,114,Active
101662,33,Male,17,26952.07,0,104,Active
101663,9,Male,43,62250.86,0,307,Churned
101664,-5,Male,68,41016.79,1,193,Active
101665,50,Male,4,18027.64,0,214,Active
101666,34,Male,8,11125.51,1,145,Active
101667,999,Male,42,73927.93,0,97,CHURNED
101668,28,,49,2293.02,4,52,Active
101669,45,Female,6,70074.56,0,58,ACTIVE
101670,41,,42,17154.44,4,209,Active
101671,32,Male,32,49658.67,0,185,Churned
101672,30,Female,15,23313.41,1,166,Churned
101673,30,Male,69,64625.97,0,69,Churned
101674,23,Male,27,,2,123,Churned
101675,54,Male,66,11438.27,0,37,active
101676,31,F,59,20967.79,3,235,CHURNED
101677,999,,28,24703.57,0,75,Active
101678,53,Male,24,66558.25,0,108,Churned
101679,46,Male,51,57738.64,0,291,Churned
101680,29,Female,21,62389.46,2,295,Active
101681,39,Male,31,4866.66,0,174,Active
101682,34,Male,50,43829.88,1,118,Active
101683,24,Male,40,74939.09,1,144,Active
101684,38,Female,68,59104.77,0,344,ACTIVE
101685,20,Male,16,9932.37,2,159,Churned
101686,49,Male,63,51232.54,0,270,Churned
101687,29,Male,56,56153.96,0,241,CHURNED
101688,37,Female,24,39054.38,1,47,Active
101689,38,,28,6827.73,0,363,Churned
101690,31,Male,31,3566.78,0,333,Churned
101691,42,M,15,70397.92,0,102,Active
101692,29,M,42,20056.03,1,273,Active
101693,45,,50,29043.64,0,380,Active
101694,18,Female,5,59850.54,0,124,Active
101695,36,Female,48,52005.3,0,184,Active
101696,58,M,13,72673.86,0,164,Active
101697,22,Male,32,7870.1,0,373,Churned
101698,-5,Female,67,53312.05,2,170,Active
101699,41,,30,7084.94,0,82,Churned
101700,37,Female,6,1012.25,2,147,ACTIVE
101701,39,,25,9897.04,0,135,Churned
101702,40,Female,28,46637.71,0,311,Active
101703,42,M,62,51038.26,0,158,ACTIVE
101704,48,Female,22,33437.15,0,332,Active
101705,39,Female,68,4409.23,0,203,ACTIVE
101706,32,Female,15,47920.39,4,120,Active
101707,43,F,26,7350.49,0,29,Active
101708,57,M,63,11487.75,0,162,Active
101709,33,M,18,38930.6,0,162,Churned
101710,23,Female,63,26187.62,5,342,Active
101711,48,Male,62,35391.79,0,2,Active
101712,33,Male,68,47995.69,0,47,Churned
101713,8,F,48,12840.52,0,100,Active
101714,45,Female,50,67088.42,2,224,Active
101715,28,Male,63,₹42401.52,1,57,Churned
101716,33,Male,69,2634.9,1,122,Active
101717,38,M,6,47505.51,3,145,active
101718,37,M,58,35275.24,1,354,Active
101719,43,M,51,52921.29,5,154,Active
101720,29,Female,12,59018.49,1,381,Churned
101721,41,Male,47,70474.52,0,138,Churned
101722,31,Male,9,74877.59,0,39,Active
101723,43,Male,7,41671.66,2,265,Active
101724,42,M,29,42551.62,0,281,Active
101725,23,Male,51,2660.95,1,148,Active
101726,48,Female,55,65022.62,3,15,Active
101727,28,Female,59,3125.13,0,232,Churned
101728,44,Female,56,47817.2,2,113,Active
101729,39,F,22,8294.7,0,347,ACTIVE
101730,57,Male,18,22152.06,0,139,Active
101731,32,Female,58,11384.39,1,144,Churned
101732,30,Male,40,11167.18,1,152,Active
101733,34,Male,31,6520.47,3,242,Churned
101734,31,Female,56,24523.27,1,148,CHURNED
101735,44,Male,35,32350.2,3,264,Churned
101736,15,Female,26,35371.02,1,271,Churned
101737,22,Female,68,,0,77,active
101738,22,Male,34,39753.21,0,381,Active
101739,46,Male,16,64624.23,0,78,Active
101740,55,Female,42,47752.95,1,303,Churned
101741,33,M,5,2279.14,1,216,Active
101742,999,Female,61,13798.47,5,119,Active
101743,35,Female,44,26822.29,0,229,Active
101744,48,Female,35,71229.23,0,152,Active
101745,23,Female,1,6777.88,0,303,Active
101746,37,Male,43,53548.83,1,18,Active
101747,46,Female,32,3448.89,3,170,CHURNED
101748,41,Female,63,27827.75,0,96,Active
101749,37,Female,33,57991.01,0,165,Active
101750,47,Female,66,26450.77,1,33,Churned
101751,2,,30,32840.87,0,385,CHURNED
101752,43,Male,10,67992.54,0,240,Active
101753,27,,23,5896.51,1,348,Active
101754,13,Female,39,40047.01,0,273,Churned
101755,41,Female,45,28101.58,0,46,CHURNED
101756,51,Male,29,72322.06,2,79,active
101757,33,Male,30,59733.05,0,351,Churned
101758,46,Female,34,10033.68,0,162,Active
101759,54,Female,52,69628.32,0,259,Active
101760,50,Male,22,16629.78,0,56,Active
101761,54,Female,5,7276.51,1,140,Churned
101762,999,Male,11,41077.9,2,26,Active
101763,35,,32,55510.74,0,152,Active
101764,15,F,24,53987.77,1,316,Active
101765,32,Male,11,40520.15,0,58,Active
101766,24,M,11,37462.57,1,226,Active
101767,61,F,17,72746.25,2,264,Active
101768,32,Male,32,61721.35,0,251,Churned
101769,36,Female,27,52699.36,0,204,Churned
101770,41,Female,32,15445.65,3,26,Churned
101771,35,Female,61,61663.03,2,366,active
101772,55,Male,25,56483.78,3,49,Churned
101773,27,Male,64,74409.97,0,299,Active
101774,37,Female,64,10841.64,0,211,Active
101775,26,Male,28,53931.86,0,21,Churned
101776,999,M,40,73452.16,0,397,Active
101777,27,Male,14,35231.88,1,355,Churned
101778,34,Female,42,55272.37,3,387,Churned
101779,29,F,39,73177.43,0,89,CHURNED
101780,26,Female,2,41513.88,0,277,Active
101781,18,Female,1,52729.08,0,14,Active
101782,34,,32,2486.28,0,136,Active
101783,16,F,64,39455.22,1,7,active
101784,44,Male,31,19929.23,3,228,CHURNED
101785,35,Female,58,10712.1,3,99,Active
101786,17,,14,53436.26,0,187,Active
101787,31,Male,69,3892.62,2,130,Active
101788,25,Male,16,67960.02,0,325,Active
101789,38,Male,69,39315.25,0,172,Churned
101790,51,Male,54,48969.03,0,66,Active
101791,12,Female,13,19754.18,0,18,Active
101792,36,Female,31,14482.28,5,207,Active
101793,33,,69,19037.77,1,144,Active
101794,43,Female,21,18189.68,0,268,Active
101795,37,Male,30,64973.12,2,364,Churned
101796,25,Male,23,59263.12,0,316,Active
101797,31,,38,64102.5,1,310,Active
101798,25,Male,29,55380.53,1,40,Active
101799,999,Male,32,48622.73,0,171,Active
101800,35,F,62,40062.73,0,150,Churned
101801,57,Female,45,20645.66,5,4,Active
101802,34,Male,49,53196.86,0,277,Active
101803,26,F,33,11107.25,0,170,Active
101804,16,,4,38818.55,1,347,ACTIVE
101805,13,Male,18,15450.33,1,297,Active
101806,15,M,70,38352.19,2,96,Active
101807,38,Male,64,22749.15,2,36,Active
101808,41,Female,28,4957.5,1,122,Churned
101809,16,F,58,38274.47,0,273,Churned
101810,45,,56,14455.44,3,182,Active
101811,29,Male,20,12925.47,0,347,Active
101812,36,Male,34,29443.08,0,391,Active
101813,54,Male,10,,0,374,CHURNED
101814,45,Female,22,65154.88,0,358,Active
101815,31,Male,5,42783.14,0,62,Churned
101816,24,Female,44,64237.99,0,118,CHURNED
101817,9,Male,9,11865.84,1,340,Active
101818,26,Female,43,27440.96,0,252,Active
101819,32,Male,4,42094.39,0,313,Active
101820,23,M,42,12331.48,0,99,active
101821,33,Male,65,10476.22,2,289,Active
101822,35,Male,41,49943.72,5,251,Active
101823,32,M,64,49383.71,0,26,Active
101824,27,Female,55,18327.74,1,88,Active
101825,37,Male,18,17807.14,4,280,ACTIVE
101826,40,Male,16,56162.99,0,287,Churned
101827,21,Female,46,9657.1,3,283,Active
101828,51,Male,36,69321.5,4,49,active
101829,33,Female,66,,0,73,Churned
101830,35,Female,44,,0,194,active
101831,43,Male,5,16590.12,4,198,Churned
101832,37,Female,29,2243.33,0,153,Churned
101833,46,Female,4,70315.12,0,16,Churned
101834,38,F,49,26453.92,0,109,Active
101835,27,Male,8,23970.36,0,390,Active
101836,39,Female,52,₹20364.14,4,87,Active
101837,21,Male,69,19095.68,0,367,Active
101838,36,Female,21,55356.94,0,121,Churned
101839,34,F,27,68184.13,2,197,active
101840,32,Male,38,59168.17,3,145,Churned
101841,33,F,5,50883.99,4,9,ACTIVE
101842,12,Female,61,22294.06,0,346,Active
101843,28,F,8,41475.3,5,269,Churned
101844,36,Female,18,18535.57,1,391,CHURNED
101845,-5,Male,4,9251.53,2,240,Churned
101846,22,Male,4,9901.68,0,18,Churned
101847,50,Male,37,45678.91,4,101,CHURNED
101848,24,Male,15,3847.49,1,45,active
101849,46,Female,38,73020.83,0,288,Churned
101850,40,Female,27,74664.52,0,7,Active
101851,27,,48,12057.43,3,276,Churned
101852,56,Female,46,32620.38,3,237,Active
101853,20,Female,46,57837.63,0,378,Active
101854,46,F,48,71674.95,1,366,Active
101855,47,M,59,66957.77,3,190,Active
101856,26,Male,4,19851.88,0,14,Churned
101857,51,Female,19,7304.57,0,265,Churned
101858,31,Male,57,22365.97,2,356,ACTIVE
101859,38,Male,19,33355.57,0,177,Churned
101860,38,Male,42,27635.44,0,90,Churned
101861,33,M,5,58266.32,0,93,Churned
101862,44,Female,48,20076.3,2,16,Churned
101863,44,Female,25,64539.15,0,223,Active
101864,14,,67,17696.95,0,152,active
101865,50,Male,26,27740.05,0,136,Churned
101866,15,Female,62,34137.87,0,218,Active
101867,47,Female,7,22550.14,0,335,Churned
101868,48,Male,44,57711.55,0,250,Active
101869,21,Female,27,31306.49,0,370,Active
101870,30,Male,42,66639.91,0,138,Active
101871,21,M,56,72305.56,0,24,Churned
101872,32,Male,3,64625.73,1,241,Churned
101873,31,Male,13,39674.26,5,136,Active
101874,44,Female,70,38725.82,1,1,Active
101875,50,Male,59,16974.58,2,245,Churned
101876,51,Male,38,44828.55,5,330,CHURNED
101877,28,Female,68,71501.7,0,111,Active
101878,32,Male,69,6964.88,0,358,Active
101879,14,Female,1,56681.85,1,31,Churned
101880,25,Female,50,65345.93,0,230,Active
101881,46,Female,9,,1,77,Active
101882,54,Female,53,25772.07,1,62,Churned
101883,20,Male,10,27312.49,3,35,Churned
101884,27,Male,29,18003.37,3,172,Churned
101885,34,Female,36,59390.71,0,175,CHURNED
101886,38,M,27,11362.93,0,22,Active
101887,25,Male,18,20814.76,0,135,Active
101888,40,Female,18,22849.41,0,134,active
101889,29,Female,9,28744.87,1,12,Active
101890,34,Female,67,32203.2,0,387,Churned
101891,41,Female,7,42367.85,5,100,ACTIVE
101892,35,Male,58,71179.63,0,43,Churned
101893,29,Female,30,19298.7,0,330,Churned
101894,33,Male,61,58662.32,3,264,Active
101895,33,Female,17,51052.88,1,201,Active
101896,-5,M,53,9587.72,1,141,Churned
101897,31,Female,6,60967.88,1,184,Churned
101898,54,Male,39,7705.27,0,250,Active
101899,41,,25,55680.54,2,147,Active
101900,31,F,42,53968.22,0,279,Active
101901,43,Female,42,52015.74,0,299,Active
101902,30,Female,59,21475.23,0,280,Churned
101903,49,Male,38,43429.16,3,387,Active
101904,39,F,31,57356.76,0,225,Active
101905,33,Female,29,48181.8,2,215,Active
101906,40,M,9,60518.62,1,398,Active
101907,16,Male,1,51903.3,0,343,active
101908,21,Male,47,,0,155,Churned
101909,20,,10,12326.18,3,140,Active
101910,36,Female,16,47766.44,1,46,Churned
101911,55,Male,47,57222.12,0,111,Active
101912,61,Male,43,11531.9,1,199,Churned
101913,42,Female,24,13936.71,1,228,Active
101914,41,Male,8,1893.13,0,302,Active
101915,13,Female,26,40349.44,1,82,Active
101916,28,Female,7,41129.54,1,144,Active
101917,25,Female,15,38005.61,0,58,Active
101918,27,Male,48,24384.74,2,142,Active
101919,32,,3,32658.03,3,341,Active
101920,29,Male,16,57701.52,0,25,Churned
101921,11,Female,14,14452.97,0,102,Active
101922,43,Male,3,15914.54,1,143,Active
101923,22,Female,70,50356.39,0,74,Active
101924,37,,31,65150.66,3,44,ACTIVE
101925,59,M,17,26189.12,0,393,Active
101926,23,Female,49,70023.08,4,348,Active
101927,4,Female,3,5268.03,1,241,Active
101928,-5,M,55,9770.43,0,82,Churned
101929,48,F,40,35037.01,0,395,Active
101930,999,,66,54537.91,1,358,active
101931,20,Male,40,28441.94,3,66,Active
101932,40,,30,42051.3,3,278,Active
101933,29,Male,25,3114.23,1,87,Active
101934,33,Male,7,35175.74,0,365,Active
101935,-5,Male,50,18950.59,1,346,Active
101936,16,Male,1,39211.29,0,41,Active
101937,38,Female,44,39911.66,0,379,Active
101938,40,M,49,56733.76,0,204,Active
101939,48,Female,7,40948.28,0,368,Active
101940,36,Female,3,46455.92,3,349,ACTIVE
101941,38,Female,1,40193.85,0,339,CHURNED
101942,30,Female,51,74287.93,1,226,active
101943,38,Male,38,59579.83,1,48,Churned
101944,30,M,43,56917.73,3,283,Churned
101945,42,Female,55,47417.2,2,350,Active
101946,30,Female,57,40099.43,2,229,ACTIVE
101947,39,Female,53,26512.03,0,348,Active
101948,34,F,33,59013.63,3,198,Active
101949,48,Male,62,15031.08,0,192,active
101950,34,Male,11,3704.62,0,312,Churned
101951,13,Female,52,52664.73,99,391,Active
101952,50,Female,1,11719.03,4,70,Active
101953,24,F,14,67883.13,0,21,Active
101954,27,Male,21,58030.42,1,47,Active
101955,27,Male,34,45566.08,0,316,CHURNED
101956,51,F,14,24230.42,2,368,active
101957,9,Female,40,48207.73,2,233,Active
101958,72,Female,35,36287.4,0,90,Active
101959,47,Male,42,22544.99,3,233,Churned
101960,37,Male,20,70935.84,0,273,Active
101961,34,Female,60,12979.82,5,253,Active
101962,38,Male,9,56750.4,4,199,ACTIVE
101963,41,M,33,60202.85,0,153,Active
101964,42,Female,49,71432.8,1,162,active
101965,41,Male,68,41656.82,0,282,Active
101966,36,Female,4,₹40580.76,0,6,Active
101967,32,Female,48,69101.4,3,10,ACTIVE
101968,33,Male,16,60280.9,0,337,Active
101969,32,Male,47,57509.1,0,131,Churned
101970,48,Female,26,59396.14,4,315,Active
101971,42,Female,70,,0,112,CHURNED
101972,0,Female,37,4064.98,1,80,Churned
101973,42,Female,22,15671.6,1,48,Active
101974,37,Female,7,,2,151,Active
101975,34,Female,42,30316.28,3,91,Active
101976,30,Female,30,45901.0,0,133,Active
101977,48,Female,6,41824.16,2,184,CHURNED
101978,46,Male,24,33460.86,4,229,Churned
101979,25,F,66,18369.87,3,76,Churned
101980,39,Female,40,54203.03,1,85,active
101981,23,M,15,68269.34,1,263,Active
101982,18,Female,53,57977.32,1,234,Active
101983,27,Male,5,9882.83,3,265,Churned
101984,45,Female,36,40808.28,1,216,Active
101985,46,Male,46,62817.1,0,345,Active
101986,41,Female,23,44732.65,0,174,Active
101987,43,Female,45,33528.12,2,37,Churned
101988,41,M,10,22056.43,1,391,Active
101989,27,Female,54,25448.92,2,17,Active
101990,40,Female,70,18919.61,0,375,Active
101991,44,Male,32,15483.76,0,297,Active
101992,44,,43,44576.02,0,320,Active
101993,49,M,15,38694.48,0,339,ACTIVE
101994,43,Female,66,55377.65,0,313,Active
101995,39,Male,15,23786.79,5,45,Active
101996,47,Female,20,,0,73,Active
101997,34,Male,50,51347.4,1,365,active
101998,24,Female,6,72279.3,0,366,Active
101999,33,Male,17,26816.41,0,392,Active
102000,26,Female,26,23067.46,0,366,Active
102001,26,Female,22,34247.34,2,109,Active
102002,33,Male,64,54566.67,0,347,Churned
102003,25,Female,58,72154.72,0,343,Active
102004,999,M,37,40703.69,0,138,Churned
102005,-5,Male,28,61120.58,1,182,Active
102006,37,Female,49,35365.59,1,300,Active
102007,35,Male,67,3949.43,0,304,Active
102008,25,Male,67,67171.64,4,327,Active
102009,42,Male,41,22450.98,0,2,Active
102010,46,Female,46,11261.26,3,80,Active
102011,15,Female,55,74715.95,0,118,ACTIVE
102012,25,M,11,26707.53,1,262,Active
102013,25,Female,26,11103.83,0,80,Active
102014,23,Male,13,24054.12,1,89,Active
102015,44,Female,36,39023.98,0,45,Active
102016,32,Male,64,7508.82,0,266,ACTIVE
102017,31,Female,51,27093.94,0,244,ACTIVE
102018,10,Male,22,50495.38,0,393,Active
102019,42,Male,60,68778.97,1,288,Active
102020,20,Female,2,30410.39,3,2,Active
102021,35,,56,42777.75,0,277,Churned
102022,38,Male,40,48068.6,1,387,ACTIVE
102023,51,M,28,6235.76,0,246,Active
102024,19,Male,3,26324.65,0,226,Active
102025,-1,M,63,51634.8,0,349,Active
102026,37,Female,23,55438.92,0,234,ACTIVE
102027,56,Male,55,27340.46,0,121,Active
102028,49,Male,32,1498.48,3,23,Churned
102029,37,Male,28,1508.05,5,200,Active
102030,29,Male,8,40820.88,3,236,Churned
102031,44,Male,3,41809.96,5,36,Churned
102032,23,Female,53,42123.24,2,14,Churned
102033,40,,29,54409.73,0,15,Churned
102034,41,Male,59,69173.94,1,245,Active
102035,47,Female,24,₹74272.6,2,291,Churned
102036,68,Female,38,52878.94,1,120,Active
102037,39,F,28,39035.91,1,22,Active
102038,28,Female,62,11433.62,1,175,Active
102039,34,Female,51,29428.96,0,292,Churned
102040,13,Female,7,43361.79,0,271,Churned
102041,26,Male,23,74985.83,1,121,Active
102042,30,Male,46,10396.64,0,96,Active
102043,28,Female,28,59687.66,0,186,Churned
102044,36,Male,24,74921.57,4,169,Churned
102045,25,Female,7,60591.55,0,356,ACTIVE
102046,-5,Male,49,57768.67,3,345,Active
102047,35,Female,3,20142.4,2,237,Active
102048,34,Male,2,1248.83,0,330,CHURNED
102049,31,F,7,17723.04,3,232,Churned
102050,36,F,21,59445.21,0,26,Active
102051,44,Male,9,8938.81,3,254,Active
102052,24,Male,12,22912.76,1,30,ACTIVE
102053,27,Female,24,42625.39,4,378,Churned
102054,31,Male,33,43905.96,3,359,Active
102055,18,Male,43,41181.16,0,396,Active
102056,25,Male,5,73585.38,3,287,Active
102057,29,F,71,1909.13,1,109,Active
102058,45,M,14,37082.29,0,367,Active
102059,38,Female,36,,3,367,Churned
102060,37,Female,35,22705.84,4,338,Active
102061,45,F,50,39855.27,0,258,Active
102062,33,F,11,50822.71,4,334,Active
102063,39,,24,50783.94,1,231,Churned
102064,33,Male,44,7501.42,0,148,Active
102065,38,Male,51,60382.04,1,34,Churned
102066,28,Female,17,69872.53,2,60,Churned
102067,5,Female,70,10147.28,1,290,ACTIVE
102068,33,Male,8,31831.38,2,165,Active
102069,52,Male,28,38869.52,3,195,Active
102070,46,F,12,10976.81,3,127,ACTIVE
102071,46,M,43,38250.42,0,225,Active
102072,49,Male,37,16307.55,0,275,Active
102073,36,F,63,70216.71,0,223,Active
102074,37,Female,63,34186.81,1,52,Active
102075,27,M,10,74622.69,5,44,Active
102076,31,Female,37,4441.82,0,86,Active
102077,42,Male,11,10440.98,0,155,Active
102078,49,Female,19,33797.6,5,38,Active
102079,33,Female,52,65702.59,2,92,Active
102080,29,Female,18,42086.71,0,149,Active
102081,35,Male,32,,0,13,Churned
102082,42,,23,32343.67,5,349,Active
102083,17,Male,12,3997.89,0,298,CHURNED
102084,7,Male,58,48938.13,1,225,Active
102085,28,Female,21,47916.11,2,352,ACTIVE
102086,20,Female,21,6285.67,1,304,Active
102087,28,Female,29,13645.23,1,46,active
102088,33,Female,47,36235.53,0,220,Active
102089,29,Female,12,34051.18,2,114,Active
102090,52,Female,58,56678.9,4,78,Active
102091,38,Female,41,29668.57,4,313,CHURNED
102092,38,Male,19,50084.22,1,308,Active
102093,42,Female,12,53127.34,0,278,Active
102094,21,F,23,48730.29,0,17,Active
102095,47,Male,5,45113.29,0,97,Active
102096,34,Female,26,60620.58,3,102,Active
102097,43,F,63,49625.92,0,282,Churned
102098,22,Male,52,62729.64,0,167,Active
102099,16,Female,10,48114.73,2,71,Active
102100,44,,39,12764.0,2,217,Churned
102101,39,Male,23,23898.96,1,240,Churned
102102,24,Male,11,25446.29,2,179,Active
102103,24,M,48,7949.74,1,158,Active
102104,48,M,16,52230.69,0,41,CHURNED
102105,20,Female,46,45038.22,99,50,Churned
102106,54,Female,47,44641.86,3,284,Churned
102107,24,M,48,36410.28,0,74,Active
102108,42,Female,69,41191.22,1,187,Active
102109,31,Male,25,1598.46,0,244,Active
102110,42,Male,37,8122.36,1,384,Active
102111,28,Female,63,51568.12,2,66,Active
102112,33,M,29,20348.54,0,235,Churned
102113,35,F,58,8985.45,0,114,CHURNED
102114,22,,31,25320.49,1,206,Active
102115,43,M,68,19831.71,5,269,Active
102116,28,Female,41,3173.56,0,257,Active
102117,32,Female,50,31381.28,2,89,Churned
102118,23,Female,44,3000.16,0,10,Active
102119,4,Female,9,1028.92,0,399,Active
102120,32,Female,59,59643.06,2,383,CHURNED
102121,63,Male,27,24307.9,1,191,active
102122,44,F,59,43001.39,1,234,Churned
102123,34,Female,3,23033.56,1,54,Active
102124,31,Male,7,69821.75,3,151,CHURNED
102125,35,Female,16,54959.41,2,327,Active
102126,41,Female,49,28318.6,3,306,Active
102127,20,Male,32,16586.39,0,59,Active
102128,48,M,44,11197.67,3,262,Churned
102129,43,Male,19,57418.98,0,365,Active
102130,43,Male,3,34524.72,0,32,Active
102131,40,Female,60,18165.29,0,309,Active
102132,35,Female,35,69052.33,2,364,Active
102133,43,,29,29867.13,0,69,Active
102134,42,M,70,41218.46,0,83,Churned
102135,30,F,45,64477.14,1,258,Churned
102136,28,Male,27,62669.75,2,299,Active
102137,36,Male,69,48208.57,1,40,Active
102138,53,Female,35,66758.16,2,4,Churned
102139,20,Male,19,71455.26,4,75,ACTIVE
102140,17,M,17,70198.45,3,174,Active
102141,36,Female,35,26826.54,0,105,Active
102142,35,,30,30390.66,4,148,Active
102143,37,Male,48,18797.29,0,122,Churned
102144,37,Female,57,62925.41,1,14,Active
102145,32,Female,17,10015.02,3,355,Churned
102146,52,Male,15,27276.17,1,365,Active
102147,15,Female,14,1720.26,3,398,Churned
102148,25,Female,14,45003.82,4,177,active
102149,33,Female,45,49720.44,5,387,Active
102150,15,Male,38,19425.08,0,21,Active
102151,32,Male,63,55518.07,99,317,Churned
102152,54,Female,11,29233.72,0,258,Active
102153,35,Male,48,24066.62,0,149,Active
102154,37,Male,26,71756.24,2,266,CHURNED
102155,19,Male,67,44563.24,5,347,Active
102156,27,Male,25,19671.64,0,118,Active
102157,30,Male,61,73759.92,4,332,Churned
102158,31,Male,26,29678.67,99,80,Active
102159,50,Female,34,48939.4,4,264,Active
102160,41,Female,9,54565.19,0,185,Active
102161,21,Female,40,32249.89,3,101,Active
102162,37,M,7,40657.84,1,89,CHURNED
102163,40,Female,30,18743.86,0,47,Active
102164,48,Female,66,35470.81,5,82,active
102165,53,M,30,23999.21,0,124,ACTIVE
102166,22,Female,68,,0,264,Active
102167,25,Female,58,50571.89,0,147,Active
102168,19,Female,55,46436.38,0,241,Active
102169,32,Female,14,58477.04,1,286,Active
102170,40,Female,37,4073.22,4,91,Churned
102171,46,Male,44,6816.16,99,228,Churned
102172,34,Male,6,,0,154,active
102173,31,Male,26,73949.39,0,372,CHURNED
102174,36,Male,14,60219.84,0,361,Active
102175,24,Male,8,69384.96,0,251,ACTIVE
102176,60,Female,24,21134.69,4,334,Churned
102177,15,Female,39,43465.38,0,201,Active
102178,37,Female,49,42061.47,0,215,Active
102179,59,Male,63,43144.4,3,173,Active
102180,35,,26,54099.95,1,64,Active
102181,32,Female,10,30154.52,0,30,Active
102182,30,Male,58,51113.57,3,178,Active
102183,32,M,14,,0,170,Active
102184,51,Female,71,22391.42,3,156,Active
102185,8,Female,39,70985.0,1,58,Active
102186,53,Male,31,39335.55,2,31,Active
102187,17,Female,50,55224.44,1,346,Active
102188,31,M,16,54940.44,0,100,CHURNED
102189,29,Female,51,42828.01,1,128,Active
102190,42,Female,15,24878.59,0,315,Active
102191,15,Female,38,,0,367,Active
102192,40,M,71,7459.08,1,228,Churned
102193,59,Male,21,73626.22,0,116,Churned
102194,18,Female,16,14615.8,2,12,Churned
102195,37,Male,67,,1,301,Active
102196,27,Female,65,71628.5,0,322,Active
102197,40,Female,13,14804.06,0,360,Active
102198,35,Male,64,13586.86,4,196,Active
102199,27,Female,61,60535.66,0,354,Active
102200,40,Female,32,19595.32,1,183,Active
102201,-5,Male,12,8009.77,0,325,Churned
102202,32,Female,41,17771.58,0,5,Active
102203,43,Male,66,66739.65,1,319,Churned
102204,19,Female,8,21743.62,3,260,Active
102205,23,Male,59,52434.48,2,371,Active
102206,40,Female,25,30240.3,1,297,Active
102207,52,Female,5,20396.79,0,140,Active
102208,39,Female,45,11659.51,0,354,ACTIVE
102209,31,Male,2,72942.19,0,55,Active
102210,34,F,42,39562.55,0,301,Churned
102211,19,Female,38,9491.87,1,156,Active
102212,42,Male,3,15712.23,0,315,Churned
102213,45,M,46,,1,391,Active
102214,29,Male,22,41268.62,1,188,CHURNED
102215,29,Female,33,14452.96,4,256,active
102216,38,Female,32,21551.9,0,181,CHURNED
102217,29,Female,17,58994.27,1,168,Active
102218,34,F,56,31893.64,1,121,Active
102219,60,Female,3,1103.78,1,381,Active
102220,32,Male,70,4991.58,0,308,ACTIVE
102221,30,F,49,33510.31,0,11,Active
102222,27,F,55,5448.71,1,352,Churned
102223,43,Female,31,13868.93,3,178,Active
102224,32,Female,21,54862.86,2,306,Active
102225,27,Male,16,,0,352,Active
102226,50,Female,17,36702.18,0,123,ACTIVE
102227,999,Male,1,45268.14,2,48,ACTIVE
102228,27,Male,65,59350.38,4,182,Active
102229,12,Female,66,12735.36,0,390,Active
102230,47,Male,37,13805.52,2,306,ACTIVE
102231,26,Male,24,9983.88,0,241,Active
102232,44,Female,62,70325.37,4,256,Active
102233,11,Male,21,43719.48,1,338,Churned
102234,45,Male,37,7855.39,0,213,Churned
102235,20,Male,35,17327.77,0,387,Active
102236,43,Male,38,54693.66,1,297,Active
102237,35,Female,53,3145.38,1,220,Active
102238,23,M,15,54698.51,1,28,Active
102239,30,Female,42,68448.37,0,216,Active
102240,43,Female,4,5172.25,1,246,Active
102241,36,Male,39,14795.11,3,199,CHURNED
102242,42,Male,23,1176.02,5,191,Active
102243,58,Male,15,9068.26,0,129,Churned
102244,16,Female,12,46657.37,0,161,Active
102245,54,Female,70,4316.52,0,33,active
102246,36,Female,54,32511.8,0,11,Churned
102247,24,Male,38,38251.73,2,215,Active
102248,19,Male,28,68090.55,0,242,Active
102249,32,Female,19,36097.49,0,284,Active
102250,46,Male,69,11548.37,3,246,Active
102251,33,Female,64,22407.62,0,190,Active
102252,53,Female,4,50742.46,3,303,Active
102253,17,Female,10,9296.57,0,330,Active
102254,34,F,12,18148.96,0,72,Churned
102255,19,F,69,74687.51,0,245,Active
102256,39,Female,7,1409.56,3,393,Active
102257,45,Female,44,12261.57,4,83,Active
102258,29,Male,23,63432.75,1,114,Churned
102259,3,F,2,8502.27,0,264,Active
102260,37,Female,37,3489.43,1,69,Churned
102261,40,Male,69,9977.11,1,334,Churned
102262,39,Female,20,52326.19,5,301,Active
102263,49,Male,44,74490.18,5,161,Active
102264,22,Female,70,44707.03,3,107,Active
102265,43,Female,51,10199.4,1,294,Churned
102266,49,Male,31,₹14599.63,0,140,Churned
102267,13,Male,41,40788.47,0,323,ACTIVE
102268,38,F,58,53958.71,1,360,Active
102269,28,Female,5,50055.5,0,150,active
102270,34,M,33,43529.76,0,326,Churned
102271,39,Male,43,73983.96,0,99,Active
102272,29,Female,19,,1,167,Active
102273,26,Female,32,13794.9,1,144,Churned
102274,35,Male,3,64570.53,0,159,Active
102275,21,Male,1,22520.81,0,300,Churned
102276,21,Male,41,25606.95,1,302,CHURNED
102277,43,Male,48,41601.44,5,385,Active
102278,21,,39,29214.34,0,378,ACTIVE
102279,42,Male,5,22285.39,1,44,Active
102280,40,Female,11,,0,340,Active
102281,14,Female,22,10566.29,0,87,Churned
102282,26,Male,64,30917.44,0,84,Active
102283,49,Female,12,1219.56,0,96,Active
102284,23,Male,53,60751.57,3,302,Churned
102285,29,Female,55,13462.99,3,240,Active
102286,40,Male,53,58201.26,0,217,Churned
102287,44,Female,21,11996.63,0,239,Churned
102288,31,Female,19,31838.67,0,72,Active
102289,27,F,69,54885.69,0,181,active
102290,52,M,66,,0,173,Churned
102291,55,Female,59,24229.87,0,192,Active
102292,46,Male,49,50381.86,0,94,active
102293,36,Female,59,14889.87,2,387,Churned
102294,25,Female,23,71432.04,0,152,Churned
102295,25,M,3,14970.29,1,159,Active
102296,41,Male,56,56499.66,0,327,Active
102297,40,Male,58,60392.32,3,296,CHURNED
102298,51,Female,62,28703.41,0,330,Active
102299,42,Female,18,12561.7,0,15,Active
102300,16,Male,61,13276.86,0,119,Active
102301,47,Female,37,73923.33,99,21,Active
102302,23,Female,54,54680.34,3,21,Active
102303,30,,65,34303.51,1,316,Churned
102304,38,Female,14,₹20043.88,0,221,Active
102305,999,Male,5,2399.35,0,106,Active
102306,-5,Male,62,50614.33,3,233,Active
102307,42,Male,1,71811.81,2,65,active
102308,32,Female,63,8906.4,0,149,Churned
102309,41,Female,67,56832.35,0,183,Churned
102310,45,Male,20,12339.53,2,69,Active
102311,31,Female,43,59615.78,1,207,Active
102312,56,Female,42,₹28422.39,0,110,Active
102313,999,Male,69,53692.56,0,282,Active
102314,40,Male,39,69544.9,0,331,Active
102315,42,,62,46890.3,1,55,Active
102316,40,Male,48,69131.73,3,113,Churned
102317,45,Female,6,18391.8,2,213,Active
102318,27,Female,42,73381.9,1,46,Active
102319,28,Female,58,65590.76,4,70,Active
102320,21,Female,43,8960.43,0,182,Active
102321,40,Female,10,31601.94,0,388,Active
102322,44,M,39,69600.18,0,173,Active
102323,40,F,13,6780.54,5,310,ACTIVE
102324,55,Female,39,34578.44,1,209,active
102325,34,Male,11,54545.94,3,223,Churned
102326,43,Male,16,3475.1,1,343,Active
102327,21,Female,33,56709.49,0,96,Churned
102328,30,Female,60,27728.99,0,120,Active
102329,43,Male,59,19453.51,3,36,Active
102330,45,Male,51,43621.95,0,34,Active
102331,31,Female,15,41280.51,4,390,Active
102332,34,Male,43,65671.51,0,342,Churned
102333,16,Female,27,51024.22,0,289,ACTIVE
102334,30,Female,56,32217.96,0,55,Active
102335,45,Female,60,49110.24,3,23,Active
102336,41,Male,70,56510.95,0,381,Active
102337,41,Male,47,70362.31,0,253,Active
102338,35,Male,8,53115.36,0,44,Active
102339,35,Male,63,41246.55,0,100,Active
102340,27,Female,7,28600.53,1,28,Active
102341,43,Female,2,66969.79,99,64,Churned
102342,40,Male,17,59646.45,3,304,Active
102343,40,Male,4,6711.41,0,315,Churned
102344,28,Male,26,52766.05,3,315,Churned
102345,9,,69,40867.47,0,299,active
102346,48,Female,5,8669.65,0,171,Active
102347,29,M,5,42807.11,1,141,Active
102348,24,M,69,15245.44,0,72,Churned
102349,43,Female,3,53402.72,3,43,Churned
102350,30,Female,38,21606.14,1,240,active
102351,47,Male,1,12125.45,0,269,Churned
102352,42,Female,8,7066.0,1,219,Active
102353,43,Male,13,37319.16,1,139,Active
102354,18,M,70,15772.97,0,200,Churned
102355,49,Male,50,64279.46,0,362,Active
102356,38,Female,8,1222.08,0,154,Churned
102357,30,Male,30,63429.27,1,350,Active
102358,36,F,40,39560.84,2,214,Churned
102359,13,Male,33,69238.77,4,50,Churned
102360,39,Female,52,16141.23,0,49,active
102361,22,Female,33,8568.26,1,359,active
102362,18,Male,37,47246.91,2,346,Churned
102363,16,Female,70,53297.83,0,244,Active
102364,48,F,69,28571.29,4,347,Active
102365,27,Male,4,2012.33,0,342,Active
102366,53,F,60,31115.22,3,269,Churned
102367,28,Female,31,18300.23,1,263,Active
102368,14,M,14,26712.75,1,244,Active
102369,21,Male,60,38499.83,3,171,ACTIVE
102370,49,Female,68,52973.3,5,42,Churned
102371,33,M,26,72278.67,99,396,Churned
102372,28,Female,24,11655.99,1,13,Active
102373,36,Female,56,51312.56,0,268,CHURNED
102374,41,Male,9,18257.65,3,204,Active
102375,48,Male,35,17332.15,1,294,Active
102376,52,Female,24,47883.0,0,259,Active
102377,30,Female,31,58423.96,4,200,Active
102378,19,Female,66,73356.24,2,318,Active
102379,30,Male,66,57893.48,0,159,Churned
102380,38,Female,41,12641.31,0,200,Churned
102381,23,Male,36,17679.8,99,293,Active
102382,23,Female,34,57342.84,0,280,Active
102383,39,M,39,39997.1,0,92,active
102384,34,Female,23,22860.19,1,68,Active
102385,35,Male,44,35911.96,3,64,Churned
102386,25,F,70,68701.71,1,144,ACTIVE
102387,32,Female,58,56914.35,2,274,ACTIVE
102388,23,Female,59,34351.63,0,68,Active
102389,-5,Male,26,73560.99,1,235,Active
102390,47,Female,22,,0,314,ACTIVE
102391,12,Male,40,1434.45,1,123,Churned
102392,23,Female,11,9315.18,0,301,Churned
102393,17,Male,9,41993.69,4,53,ACTIVE
102394,999,Male,12,26896.61,0,27,Churned
102395,33,Male,26,61129.35,0,374,Churned
102396,17,Male,38,67280.84,0,36,Active
102397,23,Male,3,18808.16,0,100,Churned
102398,22,Female,15,57483.15,0,141,Active
102399,37,Male,47,40619.4,3,176,Active
102400,35,Female,5,30005.56,0,188,Active
102401,26,Male,54,59221.72,3,206,CHURNED
102402,37,F,24,42804.36,0,106,ACTIVE
102403,28,F,11,48011.02,3,101,active
102404,31,Male,33,5606.8,0,111,Active
102405,55,Female,57,44355.1,4,179,Churned
102406,51,Male,52,23252.63,2,14,Active
102407,19,F,64,37503.77,0,251,Churned
102408,44,Female,43,17428.82,1,171,Active
102409,44,Male,44,46471.2,4,259,active
102410,21,Male,36,11912.69,1,153,Active
102411,44,Male,12,10094.89,0,34,Churned
102412,53,Male,56,14942.44,1,198,Active
102413,21,Female,3,61492.38,3,232,Active
102414,23,Female,50,3481.51,5,193,Active
102415,47,Male,29,54988.72,1,188,Active
102416,38,Male,16,5181.56,0,238,Active
102417,41,Male,40,44797.44,2,304,Active
102418,39,Male,27,58243.33,99,328,Active
102419,39,M,70,18099.4,0,209,Active
102420,19,Male,42,15500.07,0,205,Churned
102421,47,Female,57,22399.18,1,105,Churned
102422,49,Male,10,52771.38,0,291,active
102423,32,Male,38,,5,242,Active
102424,34,Female,8,38130.98,3,97,Active
102425,16,Female,18,10950.49,0,365,Active
102426,41,Female,17,35128.47,4,365,Active
102427,41,Female,58,47229.91,4,289,Active
102428,34,Female,66,6314.6,0,115,Active
102429,48,Male,44,61341.32,1,310,ACTIVE
102430,30,Female,9,70370.26,0,39,Active
102431,41,Female,48,15322.53,0,110,Active
102432,22,Male,39,57198.02,1,192,Churned
102433,34,Female,6,24196.53,0,166,Active
102434,32,Male,30,51077.62,3,294,Active
102435,37,Male,18,23694.13,4,73,Active
102436,30,Female,43,64813.39,0,112,Active
102437,33,M,33,26686.0,0,357,Churned
102438,44,F,53,63813.47,0,303,Churned
102439,29,Male,56,57694.55,4,382,Churned
102440,-5,Female,19,15527.97,2,65,Active
102441,55,Female,69,12614.53,1,356,CHURNED
102442,51,Male,26,58694.54,2,298,ACTIVE
102443,19,Female,29,29882.44,0,102,Active
102444,43,Female,24,71255.09,0,55,Active
102445,28,F,6,70778.17,0,315,ACTIVE
102446,38,Male,54,52317.57,1,194,Churned
102447,38,Male,39,38042.95,1,74,Active
102448,32,M,4,15427.58,0,307,Active
102449,25,Female,58,66297.06,0,395,Active
102450,26,F,48,7067.85,1,292,ACTIVE
102451,24,Male,60,28405.99,0,184,Active
102452,25,Female,26,24622.24,0,42,Churned
102453,34,Female,40,71923.73,0,358,Churned
102454,26,Male,56,9740.58,0,99,Active
102455,43,Female,39,66871.1,1,128,Active
102456,52,Female,39,34776.16,0,13,Churned
102457,28,Male,48,4514.92,3,99,Active
102458,37,Male,25,54936.11,0,308,Churned
102459,40,Female,34,8465.07,1,140,Active
102460,-5,Female,21,18538.3,4,204,Churned
102461,35,M,25,60179.93,0,140,Active
102462,43,Male,22,12450.17,0,318,Active
102463,40,Male,23,25084.78,0,376,ACTIVE
102464,20,,25,27713.87,0,220,Churned
102465,45,F,26,44571.39,1,349,Active
102466,45,Male,30,59455.06,0,233,CHURNED
102467,25,Female,38,18080.03,0,300,Active
102468,35,Male,34,16227.94,5,132,Active
102469,43,Male,15,17420.79,2,159,Churned
102470,32,Male,44,29239.28,0,123,Active
102471,47,Male,10,40597.63,0,243,Churned
102472,63,M,37,1994.93,0,234,Churned
102473,25,Female,7,58742.02,0,90,Active
102474,18,,32,69577.0,0,247,active
102475,38,Female,11,,2,148,Active
102476,43,Female,48,3751.65,0,392,Churned
102477,32,Female,68,39813.35,3,243,Active
102478,52,,48,61238.01,0,48,ACTIVE
102479,18,Female,45,26464.47,2,223,Active
102480,43,Female,33,67380.77,0,136,Active
102481,27,F,4,66629.1,1,201,Active
102482,55,Male,47,11486.13,0,239,Active
102483,58,Female,53,37528.68,0,60,Active
102484,25,M,31,2899.39,3,280,Active
102485,28,,31,21857.61,0,17,Churned
102486,45,Male,27,61078.59,4,321,Active
102487,30,Female,48,73160.4,2,167,Active
102488,34,Female,36,68585.92,0,362,Active
102489,35,Male,49,4150.95,99,55,Active
102490,11,Female,31,69578.06,0,77,Churned
102491,34,Male,44,61875.97,0,317,active
102492,26,Male,59,65209.99,3,31,CHURNED
102493,29,Female,23,68697.18,99,101,active
102494,-5,Female,68,37125.31,0,28,Active
102495,19,Female,42,16630.15,2,32,Active
102496,44,Female,42,2555.78,0,263,CHURNED
102497,31,Male,13,2742.57,2,206,Active
102498,31,Male,1,48545.85,0,270,Active
102499,44,Male,53,25958.73,0,73,Churned
102500,39,Male,40,37696.35,0,70,active
102501,41,Female,46,10718.8,0,179,Active
102502,46,Female,22,73187.99,2,207,Churned
102503,31,Male,52,10615.78,0,30,Churned
102504,27,Male,28,33915.67,1,144,Churned
102505,21,Female,53,,1,159,Churned
102506,25,Male,63,1639.25,0,246,Active
102507,70,,17,50417.05,0,268,Active
102508,49,Female,64,40827.58,0,213,Active
102509,18,Male,6,37814.72,0,259,Active
102510,19,Male,14,61538.28,0,67,Churned
102511,999,Female,17,18844.15,0,342,Churned
102512,41,Male,38,64721.16,1,371,Active
102513,41,Male,69,64993.62,2,364,Active
102514,31,Male,13,62187.81,0,338,CHURNED
102515,33,Female,53,26263.44,1,260,Churned
102516,38,Female,9,13029.25,1,276,Churned
102517,36,Male,44,36163.11,2,250,Active
102518,-5,Female,26,20228.24,1,45,Active
102519,32,Female,19,4861.43,0,397,Active
102520,24,Female,48,21680.78,3,351,Churned
102521,37,Male,30,35715.5,0,386,Active
102522,70,Female,32,9342.43,0,350,Churned
102523,39,,69,70880.7,1,287,Churned
102524,31,Male,11,49551.49,3,28,Active
102525,46,Male,26,11089.21,0,329,active
102526,40,Male,26,61092.75,0,315,Active
102527,40,Male,17,69678.53,0,395,Active
102528,42,Male,44,20446.02,0,305,Churned
102529,59,M,23,11600.7,3,229,Churned
102530,21,F,25,24863.19,5,238,Active
102531,40,Male,37,62586.41,0,186,Churned
102532,23,Female,65,13956.95,0,118,Active
102533,41,Female,2,58671.65,3,273,Active
102534,23,Female,32,54003.48,0,126,ACTIVE
102535,999,Female,55,49201.14,0,132,Active
102536,31,Male,50,33065.49,0,161,CHURNED
102537,46,Female,65,28141.0,0,190,Active
102538,46,Female,32,7309.09,0,81,CHURNED
102539,20,Female,37,27444.33,0,362,Active
102540,35,Female,13,45536.29,1,200,Active
102541,26,Male,54,67467.48,1,346,Active
102542,19,Male,3,62651.22,1,84,ACTIVE
102543,32,F,42,3383.96,3,42,Active
102544,31,Female,40,11275.85,3,166,Active
102545,64,M,66,63788.11,0,48,Churned
102546,40,Male,60,70509.56,1,42,Active
102547,18,Female,11,5129.85,2,185,Active
102548,28,Female,1,52892.65,3,310,Active
102549,47,M,26,28064.25,0,353,Churned
102550,60,Male,42,27957.48,0,232,Churned
102551,15,Male,62,48557.52,1,179,Active
102552,12,Female,61,60955.99,1,137,Active
102553,57,M,62,,0,212,Active
102554,39,F,12,,0,8,Active
102555,24,,27,48054.85,2,233,Active
102556,41,,67,39281.73,0,368,Active
102557,3,Male,28,45579.51,0,110,Churned
102558,999,Male,66,2335.95,4,70,Churned
102559,38,Male,28,1300.88,0,393,Churned
102560,46,Male,21,41732.45,0,367,Churned
102561,22,M,7,39784.03,3,111,Active
102562,36,F,14,6278.81,0,261,Active
102563,23,Male,39,37409.95,0,72,Active
102564,38,Female,62,57057.13,1,64,CHURNED
102565,24,F,12,41048.98,0,180,Active
102566,30,Female,38,39303.46,0,291,active
102567,23,Male,58,54125.23,0,60,Churned
102568,42,Female,56,13716.47,0,89,Churned
102569,45,Male,39,34853.56,3,356,Churned
102570,32,Female,4,11955.54,4,39,Active
102571,35,Female,48,39764.18,0,369,ACTIVE
102572,17,Male,7,44803.67,0,134,active
102573,31,,60,10003.82,0,344,CHURNED
102574,34,Female,40,6588.12,0,375,Active
102575,66,Female,8,13338.29,3,18,Churned
102576,-5,,58,44388.98,3,368,Active
102577,52,Male,57,15031.82,0,257,Churned
102578,46,Male,35,21368.0,0,221,Active
102579,38,M,13,52988.4,0,273,active
102580,56,Male,39,19377.52,3,377,Active
102581,39,Female,21,30417.0,0,247,Churned
102582,39,Male,47,69734.56,0,370,Active
102583,34,Male,2,62049.75,5,390,Churned
102584,49,Female,44,19904.95,4,58,Active
102585,48,Male,30,45220.61,0,247,Churned
102586,27,Female,55,50269.53,0,173,Active
102587,-5,Female,40,67617.87,0,328,Churned
102588,32,F,24,41512.58,0,123,Active
102589,25,Female,42,42535.23,1,217,Churned
102590,34,Male,28,66745.09,1,124,CHURNED
102591,49,M,51,5024.25,1,304,ACTIVE
102592,29,Female,22,47482.46,0,178,Active
102593,34,Female,8,31832.04,2,231,Churned
102594,35,M,14,68322.49,1,312,Active
102595,45,Female,45,72079.98,0,137,ACTIVE
102596,8,Female,38,13598.3,2,190,Active
102597,27,Female,32,21828.67,5,121,Active
102598,37,Male,62,,0,287,Active
102599,49,Male,67,8446.44,0,321,Active
102600,29,Female,61,36737.85,0,361,Active
102601,12,Male,13,38968.02,0,61,Active
102602,42,Male,47,43400.39,2,138,Active
102603,27,Male,54,50058.92,1,126,Churned
102604,20,Female,71,5655.89,1,192,active
102605,27,Male,52,47063.78,2,192,Active
102606,32,Female,25,68621.89,99,214,Active
102607,27,Male,23,34669.33,0,193,Active
102608,8,Female,30,8896.72,2,77,Active
102609,45,Female,11,7359.86,0,142,Active
102610,50,Female,35,21849.67,0,23,Active
102611,42,Male,27,56686.82,3,231,Active
102612,21,,67,20313.97,1,383,Active
102613,32,F,47,61260.49,0,156,Active
102614,34,M,50,61654.78,0,93,Active
102615,42,F,8,34826.28,2,314,Active
102616,-5,Female,55,23258.37,4,168,Active
102617,26,Female,42,45227.37,1,192,Active
102618,35,Female,67,60979.23,0,97,Churned
102619,40,Female,20,5778.24,0,130,Active
102620,52,F,45,71553.34,0,225,Active
102621,43,Female,35,,1,216,Active
102622,44,,20,30462.93,0,12,Active
102623,36,Male,24,38445.42,0,360,Churned
102624,51,M,57,29533.84,1,348,Active
102625,39,Female,55,31533.22,1,291,Active
102626,24,Female,9,45075.63,1,74,Churned
102627,51,Male,16,5457.8,4,111,Active
102628,43,Female,55,13977.91,1,364,Active
102629,29,F,58,17800.93,0,377,Churned
102630,29,Male,64,31156.06,3,197,Churned
102631,38,Female,49,28458.26,0,191,Churned
102632,40,Male,29,54443.14,0,64,Active
102633,37,,7,20179.27,1,274,Active
102634,38,Female,69,5223.34,0,139,Active
102635,55,Male,2,5102.73,0,65,Active
102636,47,Male,33,1837.17,1,151,Churned
102637,37,Female,48,3813.92,99,260,Churned
102638,46,Male,37,64540.89,1,263,Active
102639,22,Female,30,52595.98,0,169,Active
102640,39,F,41,74698.91,0,177,Active
102641,56,M,4,2503.14,0,145,Active
102642,32,Male,39,63826.11,0,75,Churned
102643,24,,24,52508.17,0,55,ACTIVE
102644,27,Female,50,48385.34,1,122,CHURNED
102645,21,Male,37,,1,27,Churned
102646,25,Male,53,28877.83,3,396,Churned
102647,30,Male,25,63571.53,0,175,Active
102648,18,M,31,53797.81,0,162,Churned
102649,35,Male,38,50603.43,0,136,Active
102650,45,Male,58,3268.05,3,372,Active
102651,24,Female,53,14639.65,4,23,Active
102652,53,Female,50,72234.21,5,26,Active
102653,41,Female,4,34623.47,5,162,Active
102654,47,Female,52,58823.1,5,248,Churned
102655,27,Male,31,29810.07,2,160,Churned
102656,45,F,14,57559.89,1,6,Active
102657,21,Male,1,9821.73,0,193,Churned
102658,45,Female,43,4117.47,2,377,Active
102659,37,Female,59,35497.07,2,315,Active
102660,41,Male,61,44781.82,3,178,Active
102661,20,,41,24953.94,0,196,Active
102662,24,Female,18,53984.34,3,217,Active
102663,42,Male,60,37690.65,2,264,Churned
102664,23,F,69,69695.45,0,40,ACTIVE
102665,40,Female,59,7289.3,0,340,Active
102666,18,Female,42,5926.06,3,161,Churned
102667,45,Female,36,67979.02,0,314,Active
102668,20,M,40,50513.93,0,372,Active
102669,41,Male,30,50662.75,0,131,Churned
102670,42,Male,11,3039.09,0,79,Active
102671,26,Female,25,70387.97,3,155,Active
102672,41,Male,45,58115.05,0,65,Active
102673,38,Female,51,57559.3,0,57,Active
102674,28,Male,43,68482.79,1,273,Active
102675,22,Male,66,,3,52,Churned
102676,11,Male,47,30205.31,2,314,ACTIVE
102677,39,Female,24,36570.26,0,76,Churned
102678,16,M,37,58515.81,3,103,Active
102679,36,Male,56,57886.02,1,26,Active
102680,31,Female,46,46109.41,0,27,Active
102681,43,Male,28,,1,280,Active
102682,31,Female,52,61597.42,3,337,CHURNED
102683,31,Male,15,48895.88,1,139,Active
102684,43,Female,45,17373.39,99,86,Active
102685,39,Female,58,36567.69,1,392,Active
102686,38,F,67,74793.27,1,234,ACTIVE
102687,40,Male,41,25300.11,0,288,Active
102688,16,Female,65,9625.49,3,29,Active
102689,44,Female,40,2603.39,1,106,Active
102690,42,F,5,14662.79,1,96,ACTIVE
102691,22,Male,28,14835.51,2,121,Churned
102692,32,Male,38,64497.06,1,104,Active
102693,34,F,18,12555.45,2,389,Churned
102694,33,Male,37,64836.17,1,177,Churned
102695,39,Male,27,7417.02,1,141,Churned
102696,52,Male,25,68091.68,0,384,ACTIVE
102697,47,M,69,19970.16,0,345,Active
102698,19,Male,27,46250.86,1,298,active
102699,42,M,54,12819.81,1,266,active
102700,50,Female,7,29864.12,0,154,Active
102701,39,Male,27,7346.82,0,282,Active
102702,48,Female,59,43885.09,0,213,Active
102703,59,Male,31,26594.93,2,76,Active
102704,47,Female,68,64059.11,1,39,Churned
102705,37,Female,4,14454.42,0,171,Churned
102706,47,Female,18,21719.12,0,52,Churned
102707,36,Male,63,,0,248,active
102708,35,Female,52,42722.89,0,123,CHURNED
102709,30,M,63,9269.29,0,314,Active
102710,53,Female,45,15012.42,0,217,Active
102711,25,M,12,51208.26,0,332,Churned
102712,53,Male,8,6506.67,1,100,Active
102713,40,F,22,55994.11,0,274,Churned
102714,18,Male,41,8720.68,2,298,CHURNED
102715,39,Male,41,44326.17,1,212,Active
102716,9,M,57,,0,2,Active
102717,42,F,32,13868.08,0,289,Churned
102718,45,Female,55,20320.39,1,174,Active
102719,27,Male,6,67483.57,4,209,Active
102720,36,Male,39,47345.2,5,59,Active
102721,58,Female,9,37447.32,3,100,Active
102722,28,F,32,42640.18,1,185,Active
102723,22,Male,36,22866.66,4,191,Churned
102724,52,M,16,64293.81,0,329,Active
102725,58,Male,12,56149.91,1,159,Active
102726,35,M,41,48542.52,0,167,Active
102727,999,F,67,69948.95,0,85,Active
102728,51,Female,58,43780.2,0,22,Active
102729,26,Male,9,38878.91,0,273,Churned
102730,29,M,17,73201.31,0,131,CHURNED
102731,49,Female,5,16245.04,0,288,Active
102732,55,Female,26,11505.64,0,289,Active
102733,41,Female,1,13008.93,2,192,Active
102734,24,Male,1,74218.71,0,266,Active
102735,58,M,35,49266.58,2,261,Active
102736,28,Male,9,23638.29,2,324,Active
102737,30,F,38,19424.36,1,243,Active
102738,39,Male,4,5191.26,0,166,Active
102739,53,Female,52,10764.1,0,102,Churned
102740,45,Male,19,68204.77,0,169,ACTIVE
102741,39,Male,5,56303.24,3,212,Active
102742,999,Male,48,70675.42,0,73,CHURNED
102743,35,Female,63,32356.09,2,189,Churned
102744,41,Female,38,45491.56,0,399,Churned
102745,4,F,52,36791.67,3,308,Active
102746,31,Male,46,66222.52,0,8,Active
102747,37,Female,9,74362.26,2,98,Active
102748,21,Female,50,70025.37,2,286,Active
102749,39,Male,66,45256.13,0,74,Active
102750,32,Female,38,5573.35,0,78,Churned
102751,56,Female,27,46696.97,0,380,Active
102752,53,Male,20,8181.51,2,162,Active
102753,29,Male,62,,1,187,Active
102754,33,Female,16,15159.51,0,184,ACTIVE
102755,34,Male,13,27898.51,0,214,ACTIVE
102756,29,Female,20,44792.2,0,397,Active
102757,37,F,24,25682.97,0,179,Active
102758,25,Female,50,34467.77,0,59,active
102759,21,Female,7,4499.39,0,318,Active
102760,42,Male,29,46862.08,0,29,Active
102761,42,M,5,49620.35,1,93,Active
102762,25,Male,35,8354.87,1,62,Churned
102763,45,Female,65,59098.67,0,135,Active
102764,27,,70,48912.01,0,134,Active
102765,38,Female,7,37239.98,3,318,Active
102766,44,Female,44,41911.63,0,229,Churned
102767,34,Female,13,38225.38,0,68,Active
102768,40,Male,38,4980.68,0,253,active
102769,28,Female,13,55401.06,1,17,Active
102770,32,Male,54,38873.99,0,152,Active
102771,32,Female,44,13788.97,5,248,Active
102772,26,Male,13,51374.08,0,396,Active
102773,32,M,25,52434.85,0,313,Active
102774,16,Male,24,16798.66,2,157,Active
102775,29,Female,29,59940.64,0,88,Churned
102776,31,Female,70,34781.35,0,318,Active
102777,31,Female,18,14365.11,1,98,Active
102778,32,Male,5,49663.88,0,78,Active
102779,34,Female,18,45157.8,3,27,CHURNED
102780,40,Male,63,13610.07,1,389,Churned
102781,45,Female,37,65553.82,0,296,Churned
102782,27,Male,71,64235.54,0,393,Churned
102783,20,Female,55,62882.1,0,13,Churned
102784,22,Male,12,30542.86,2,399,Active
102785,29,,52,62022.09,1,153,active
102786,30,Female,57,63514.85,4,44,Churned
102787,25,Male,46,74743.98,0,372,ACTIVE
102788,19,Female,44,71862.74,3,374,Active
102789,29,M,24,,0,95,Active
102790,-5,Male,9,15667.11,0,47,Active
102791,42,Female,12,22642.22,4,84,Active
102792,28,Female,9,37613.81,0,154,Active
102793,30,Male,22,60603.86,3,296,Churned
102794,23,M,17,54500.82,0,327,Churned
102795,34,Male,33,59290.74,0,106,Active
102796,24,Male,47,29114.55,2,95,Active
102797,999,M,15,19270.94,2,209,Churned
102798,13,Female,33,2785.6,3,171,Active
102799,30,F,15,47337.59,3,279,CHURNED
102800,38,Female,27,59832.79,0,303,Active
102801,37,Female,61,66796.4,0,300,CHURNED
102802,67,M,68,36241.6,2,338,CHURNED
102803,39,Male,48,69645.79,1,170,active
102804,22,Female,8,15978.49,5,268,Active
102805,33,Female,6,39063.98,0,350,Active
102806,13,Male,63,16818.81,0,164,Active
102807,34,Female,2,14917.59,1,79,ACTIVE
102808,25,Male,22,71550.72,0,397,Churned
102809,45,Female,21,61512.81,0,216,Active
102810,28,Female,6,1873.19,1,81,Active
102811,33,,70,,4,120,Active
102812,27,Male,13,16180.01,0,101,Active
102813,55,Female,1,11887.93,0,369,Active
102814,31,Male,22,52608.52,3,283,Churned
102815,56,Female,24,42946.0,3,148,Active
102816,44,Female,64,34591.16,0,18,Churned
102817,40,Female,41,15022.78,2,320,Active
102818,39,M,22,21543.74,0,253,Active
102819,39,M,61,27351.48,4,265,Active
102820,11,Male,12,59125.72,2,202,ACTIVE
102821,31,Male,4,74200.02,0,118,Active
102822,45,Female,12,14614.3,3,123,Active
102823,34,Female,33,26272.68,99,25,Active
102824,18,Male,21,21734.91,0,369,Churned
102825,34,Female,52,4260.99,0,385,Active
102826,55,Female,47,17222.2,1,59,Active
102827,49,Male,59,67719.43,1,274,Active
102828,34,M,47,63371.51,2,47,Active
102829,46,Female,56,,0,335,Active
102830,30,Male,13,,0,22,Active
102831,14,Male,44,23999.43,3,344,Active
102832,23,M,35,,5,321,Active
102833,53,,29,47043.41,3,139,Active
102834,31,Female,56,42240.03,1,107,Active
102835,999,Male,5,32597.36,0,346,Active
102836,31,F,67,64306.88,1,198,Churned
102837,57,Female,53,46858.64,0,216,Active
102838,54,M,60,20186.25,1,294,Churned
102839,61,Female,6,28654.15,2,382,Churned
102840,33,Male,48,12111.6,0,49,ACTIVE
102841,38,Female,35,44761.62,1,105,ACTIVE
102842,16,Male,18,44410.55,0,145,Active
102843,52,Male,11,65393.59,3,57,Churned
102844,20,Female,51,64330.44,0,14,Active
102845,37,F,23,62933.71,1,339,ACTIVE
102846,21,Female,47,41622.47,0,8,Active
102847,27,Female,59,49249.47,1,184,Churned
102848,24,Male,57,58390.1,2,23,Active
102849,27,Male,56,7784.68,0,44,Active
102850,28,Male,27,23244.24,1,66,Active
102851,28,Female,35,13512.66,2,259,Active
102852,45,Female,55,38848.61,1,397,CHURNED
102853,21,Male,9,,0,69,Active
102854,37,,18,18072.69,1,82,CHURNED
102855,49,Male,44,55086.86,0,1,Churned
102856,28,M,21,31030.98,2,277,Active
102857,26,Female,56,67827.54,0,83,Active
102858,32,Male,48,47382.43,0,312,Churned
102859,49,Female,1,73264.92,0,102,Churned
102860,37,Female,27,19179.56,4,226,Active
102861,28,Female,45,69372.92,3,386,ACTIVE
102862,40,Female,63,27422.13,5,287,Churned
102863,21,Male,58,47025.59,1,141,Active
102864,43,Female,40,13913.61,3,14,Active
102865,39,F,63,57224.1,1,332,Churned
102866,31,Male,38,73390.53,0,269,Active
102867,24,Male,29,59269.53,3,344,Active
102868,24,F,40,,2,351,Active
102869,41,Male,19,,2,142,Churned
102870,49,Female,56,26547.49,3,370,CHURNED
102871,27,Female,44,32006.93,4,94,Active
102872,40,Female,65,25293.34,0,100,ACTIVE
102873,999,Female,13,62620.53,0,70,Churned
102874,27,Male,30,67090.22,1,126,ACTIVE
102875,34,Male,49,71274.67,0,374,Churned
102876,24,Female,63,,4,383,Active
102877,23,Female,71,41420.22,5,188,Churned
102878,26,Female,35,43690.26,1,70,CHURNED
102879,38,Female,11,49180.53,2,399,Churned
102880,32,Male,49,1181.77,0,312,Active
102881,8,Male,40,63359.04,3,344,Active
102882,9,M,21,20842.41,4,269,Active
102883,27,Female,47,35940.14,0,135,active
102884,40,Male,3,63276.05,0,109,Churned
102885,2,Male,30,74767.35,0,149,Active
102886,29,Male,67,59821.38,2,102,Active
102887,28,Male,62,2837.66,0,358,Churned
102888,51,M,37,28287.81,0,142,ACTIVE
102889,30,F,22,19293.59,0,259,Active
102890,39,F,31,,1,319,active
102891,36,F,46,20552.94,5,171,Active
102892,9,F,45,70807.91,2,365,Churned
102893,44,Female,14,70376.3,1,227,Active
102894,37,Male,12,63116.36,0,12,Active
102895,41,Female,63,8257.31,1,55,Churned
102896,82,Male,38,1147.65,0,246,Active
102897,9,Male,47,59747.35,0,374,Active
102898,999,Male,54,63404.13,0,380,Active
102899,31,Female,55,72201.45,0,91,Active
102900,38,Male,48,17160.31,0,325,Churned
102901,34,Male,15,55252.84,1,311,CHURNED
102902,29,Female,71,39410.77,0,187,Active
102903,28,M,16,25307.68,1,331,Active
102904,38,Female,43,45865.53,2,316,Active
102905,16,M,7,41566.76,0,189,ACTIVE
102906,44,Male,43,22629.79,2,298,Active
102907,30,Male,28,20866.22,5,172,Churned
102908,21,Female,66,37006.94,0,390,Active
102909,29,Female,60,36078.7,1,69,Active
102910,50,Female,3,23351.9,0,278,Active
102911,28,Female,1,20516.11,0,321,Active
102912,39,Female,31,71618.75,0,84,Active
102913,26,F,56,64815.42,0,88,Active
102914,44,Male,46,61441.65,2,148,Active
102915,43,Male,32,16857.0,0,254,Active
102916,57,Female,18,,1,303,Active
102917,32,Male,68,60890.35,2,221,Churned
102918,43,Male,35,14665.9,99,234,Active
102919,36,Male,23,38261.66,1,24,ACTIVE
102920,50,Male,13,17385.21,0,251,Active
102921,26,Male,14,28977.16,1,328,Churned
102922,-5,Male,37,64155.61,1,98,Churned
102923,32,Female,5,66964.96,4,214,Active
102924,34,Female,22,74754.26,1,295,Active
102925,36,Female,28,70848.92,1,311,Active
102926,38,Female,4,50672.55,1,225,Active
102927,33,Male,50,32947.72,0,372,ACTIVE
102928,37,Male,29,5269.24,1,183,active
102929,53,Male,37,46004.29,2,198,CHURNED
102930,46,M,35,16590.37,0,333,Active
102931,45,Female,20,63910.09,1,108,Active
102932,29,Male,35,41618.52,0,314,Churned
102933,24,Male,2,55279.12,3,209,CHURNED
102934,46,,58,50838.63,4,357,Active
102935,45,Female,18,26702.51,2,91,Active
102936,52,M,56,57172.37,2,344,Churned
102937,27,Male,64,63409.77,4,175,Active
102938,32,Male,52,56065.65,0,142,Churned
102939,-5,Female,22,58483.7,0,131,Active
102940,30,Female,60,27641.15,0,127,Churned
102941,46,Female,10,70832.91,0,249,Active
102942,29,Female,6,32418.34,5,398,Churned
102943,42,Female,6,67381.72,0,264,Active
102944,32,Female,28,64477.89,1,217,Churned
102945,38,Male,42,10200.49,0,15,Churned
102946,21,Male,41,72504.02,0,173,Active
102947,36,M,63,74729.28,0,229,active
102948,0,Male,22,45854.84,0,173,Active
102949,32,Female,29,58950.14,0,259,Churned
102950,15,Female,71,70092.84,4,365,CHURNED
102951,49,,34,2481.8,0,395,ACTIVE
102952,44,Female,2,69819.26,0,9,Active
102953,40,Female,26,47425.09,2,260,ACTIVE
102954,53,M,19,62305.77,0,113,Active
102955,23,M,20,41013.45,3,207,Active
102956,55,Female,33,40260.41,3,178,active
102957,46,Female,4,67416.35,99,336,active
102958,32,Male,32,38552.93,3,224,Churned
102959,48,Female,19,35912.41,0,134,Active
102960,21,M,3,46005.97,1,5,Active
102961,25,F,61,39374.18,1,185,CHURNED
102962,27,Male,38,34025.23,1,305,ACTIVE
102963,28,Female,6,14358.76,0,83,Active
102964,22,Female,56,30407.64,0,222,CHURNED
102965,49,,40,21871.38,2,204,Active
102966,31,Female,69,30634.39,0,69,Active
102967,39,Female,42,44893.71,0,376,Churned
102968,28,Male,2,46055.03,0,167,Active
102969,13,Female,28,18660.95,2,12,active
102970,38,Male,17,7251.42,3,197,Active
102971,12,M,70,56088.39,1,54,Active
102972,34,Female,69,40114.23,3,360,Active
102973,18,Female,39,33715.5,0,336,Churned
102974,58,Female,7,10590.06,0,329,Active
102975,45,F,32,31685.12,0,225,Churned
102976,36,Male,4,61544.98,1,165,Active
102977,50,Male,21,44026.24,4,177,Active
102978,24,F,32,7732.19,0,1,Active
102979,-5,M,14,,1,175,Active
102980,37,M,70,73505.35,2,165,Active
102981,38,Male,46,41293.55,2,137,Active
102982,50,Male,20,22193.31,0,274,Active
102983,43,Male,58,68594.91,0,358,Active
102984,38,Male,48,25864.05,0,341,Active
102985,15,Female,7,55013.14,0,172,Active
102986,23,Male,40,11894.32,2,231,ACTIVE
102987,33,Female,59,12580.49,0,231,Churned
102988,36,Male,36,42537.24,2,115,Active
102989,21,Male,44,18746.93,0,198,Active
102990,63,,31,4650.57,0,319,Churned
102991,53,Male,42,69558.44,2,3,Churned
102992,42,Male,44,5143.23,1,112,Churned
102993,35,Male,43,54090.4,0,146,Churned
102994,32,Male,43,25640.95,4,276,Active
102995,23,Female,47,70079.37,0,349,Active
102996,35,Male,6,73967.88,1,36,Active
102997,38,Female,66,25821.87,0,208,Active
102998,20,M,9,44741.9,0,4,Active
102999,39,Female,11,58200.87,5,120,ACTIVE
103000,33,Male,18,10132.29,3,109,Churned
103001,12,Female,25,53500.21,0,78,active
103002,24,Male,58,68058.61,3,17,Active
103003,30,Female,30,14209.19,0,227,ACTIVE
103004,57,Female,1,63064.55,3,185,Churned
103005,41,Male,63,,2,227,Churned
103006,18,M,29,43054.33,0,49,Churned
103007,40,F,66,26112.91,4,109,Active
103008,16,M,53,35906.97,0,181,Active
103009,47,Male,19,23246.78,0,372,Active
103010,29,Female,66,20279.91,0,10,Active
103011,33,F,52,55992.3,4,376,ACTIVE
103012,50,Male,31,17510.38,2,123,Active
103013,19,M,60,31222.57,0,76,Active
103014,18,Male,68,21317.22,0,123,Churned
103015,27,Male,30,18659.0,0,137,ACTIVE
103016,47,Female,13,47405.11,0,90,Churned
103017,16,Female,15,4361.72,0,149,Churned
103018,1,Female,20,59378.51,0,1,active
103019,29,F,34,41421.32,0,211,ACTIVE
103020,41,Male,20,62304.37,0,6,Churned
103021,49,Male,50,16763.18,1,367,Churned
103022,29,F,27,53496.05,0,146,active
103023,30,Male,30,32123.2,3,101,Active
103024,48,Female,56,6683.49,0,200,Churned
103025,12,Female,65,56683.25,1,395,Churned
103026,30,Male,55,57401.86,1,325,Active
103027,37,Male,24,21047.85,0,232,active
103028,40,Female,25,68787.41,3,107,Active
103029,28,M,53,57533.76,0,212,Active
103030,35,Female,11,23700.05,0,106,Churned
103031,5,Female,60,18694.06,4,265,Active
103032,27,Female,47,33566.63,3,258,Active
103033,40,Male,25,22666.45,2,113,active
103034,23,Male,25,17059.71,0,132,Active
103035,35,Female,17,30533.46,0,346,Active
103036,40,Male,12,2902.11,1,268,Active
103037,30,Male,52,30704.42,0,211,ACTIVE
103038,37,Female,11,17403.03,0,83,Active
103039,23,Female,10,20560.73,2,83,Active
103040,32,Male,60,7108.94,1,250,Active
103041,42,Female,54,44580.94,2,349,Active
103042,36,Female,63,35928.68,3,295,active
103043,27,Male,20,56546.43,5,237,ACTIVE
103044,37,F,5,74045.3,0,188,Churned
103045,43,Male,41,9845.52,0,315,Churned
103046,10,M,63,21159.46,3,384,Churned
103047,48,Male,56,51501.61,0,72,Active
103048,30,F,32,18561.09,0,390,Active
103049,40,Male,27,3230.92,1,284,Active
103050,49,Female,68,9125.69,2,331,Active
103051,18,Male,48,33088.39,1,254,active
103052,26,Female,7,32878.06,0,41,Active
103053,31,Female,46,72950.55,4,72,CHURNED
103054,25,Male,18,35480.3,3,88,active
103055,55,Female,38,51177.01,1,244,Churned
103056,24,Male,65,37422.87,0,309,Active
103057,28,F,17,20973.97,0,379,Churned
103058,37,Male,38,8803.38,0,267,Active
103059,20,Female,63,64571.48,2,239,Active
103060,30,Female,42,12297.04,3,87,Active
103061,38,Male,8,8170.13,3,150,Active
103062,31,Male,30,16823.32,1,5,Active
103063,33,Female,64,1184.16,3,112,Churned
103064,28,Female,9,6325.42,2,318,CHURNED
103065,16,F,57,48004.56,3,159,Active
103066,38,Male,59,19022.52,5,47,Active
103067,56,Female,67,26049.9,3,293,Active
103068,35,Male,5,62812.18,0,367,Active
103069,37,Male,4,58194.57,3,26,Churned
103070,43,Female,8,37426.36,0,215,Active
103071,19,Male,42,46360.27,1,299,CHURNED
103072,55,Female,35,7350.03,2,61,Churned
103073,37,Female,13,57358.01,0,384,Active
103074,54,Female,5,39198.17,0,325,Active
103075,26,F,40,43250.23,2,382,Active
103076,56,Female,19,50249.0,4,127,Active
103077,44,Female,4,38012.97,4,289,Active
103078,41,Female,59,39605.25,2,244,Churned
103079,37,Female,18,37973.03,4,64,Active
103080,32,Male,24,37764.49,3,177,Active
103081,49,Male,31,56515.19,0,93,Active
103082,36,Male,58,32613.43,0,123,Active
103083,11,Female,28,1214.11,0,15,active
103084,21,M,9,46292.68,0,276,Churned
103085,32,Male,45,71497.02,2,22,Active
103086,38,Male,49,20015.03,1,266,Churned
103087,34,F,2,61398.31,3,183,Active
103088,49,M,6,34706.28,1,352,Active
103089,11,Female,29,48580.67,1,137,Active
103090,36,Male,26,66924.66,0,31,Active
103091,13,Male,28,58055.01,2,215,Churned
103092,44,Male,7,66458.43,1,352,Active
103093,33,Male,34,,0,330,Active
103094,40,Male,56,14861.31,99,212,Active
103095,24,Female,10,32338.59,0,227,Churned
103096,50,Male,57,63740.29,0,185,Active
103097,47,Male,47,63041.0,1,75,Churned
103098,42,Male,27,14700.38,0,171,Active
103099,33,Female,39,11525.94,3,232,Active
103100,41,Female,22,62767.98,1,74,ACTIVE
103101,26,Female,19,41066.14,3,253,Active
103102,45,Male,9,47380.96,0,393,CHURNED
103103,54,Male,19,60881.25,3,298,Active
103104,47,Male,2,16669.24,1,74,Active
103105,26,Male,61,11099.88,0,229,Active
103106,39,F,59,64569.28,0,199,Churned
103107,19,,70,9271.28,0,212,Churned
103108,41,Female,71,7525.38,2,84,active
103109,40,F,70,,0,200,Churned
103110,12,Female,33,24446.82,1,145,Active
103111,21,Male,65,18844.02,1,217,Active
103112,31,,25,55880.12,2,237,Active
103113,31,Male,70,73028.2,2,258,Active
103114,20,Female,28,,2,229,Active
103115,39,Male,18,58857.06,0,298,Active
103116,999,Male,63,4273.92,1,106,Churned
103117,32,Female,49,9798.8,0,191,Active
103118,25,Female,66,39118.69,2,139,ACTIVE
103119,47,Male,40,74971.06,2,252,Churned
103120,54,Male,66,71253.06,0,212,Active
103121,29,Male,4,9283.78,1,127,Active
103122,27,,34,18736.83,0,249,Active
103123,40,Female,5,70988.6,2,73,active
103124,30,Female,22,12153.57,2,173,Active
103125,33,Male,20,55966.38,0,157,ACTIVE
103126,43,M,47,1081.99,3,162,Churned
103127,12,Male,34,47746.7,3,95,Churned
103128,-5,Male,44,37600.43,0,346,Churned
103129,-5,Male,6,35855.87,0,377,Active
103130,30,F,56,62360.19,0,236,Churned
103131,33,Male,29,6974.34,0,20,Churned
103132,34,Male,53,28922.58,0,72,active
103133,14,Female,1,34006.85,1,70,Churned
103134,52,Male,59,10170.57,0,200,active
103135,35,Female,48,7339.32,0,373,Churned
103136,40,Female,7,14291.46,1,183,ACTIVE
103137,46,Female,32,18837.53,0,308,CHURNED
103138,999,Male,61,72488.48,0,25,Active
103139,40,Male,57,36195.41,0,66,Churned
103140,-5,M,51,₹38761.39,0,284,Active
103141,45,F,19,53317.87,1,345,Active
103142,9,Male,27,51635.74,0,276,ACTIVE
103143,33,Male,63,38205.53,99,326,active
103144,27,Male,60,26148.04,0,37,Active
103145,40,Female,61,25497.83,1,16,Active
103146,-5,Female,61,5270.59,4,183,Churned
103147,26,Male,45,₹67572.63,0,356,Active
103148,26,Female,21,57935.19,1,256,Active
103149,33,Female,44,47127.4,1,193,Active
103150,24,F,1,30310.05,0,334,active
103151,45,Male,44,,1,14,Active
103152,30,Male,62,36896.65,0,24,Active
103153,0,Male,61,21271.19,2,83,Churned
103154,30,M,50,23094.38,0,294,Active
103155,22,Female,41,65711.5,2,236,Active
103156,15,Female,33,47983.2,4,338,Active
103157,20,Male,12,1105.26,3,265,active
103158,999,Male,2,25188.51,0,244,Active
103159,50,Male,21,26155.96,0,255,Active
103160,38,Female,14,53268.83,99,377,Churned
103161,27,Male,34,52833.55,1,315,Churned
103162,40,Male,64,35347.46,0,307,Active
103163,29,Female,23,71372.48,0,109,Active
103164,26,Male,50,65544.96,0,307,Active
103165,21,Female,14,65099.59,1,275,Churned
103166,999,Male,46,26771.65,0,318,Active
103167,30,M,5,32893.98,0,255,Active
103168,36,Female,66,32003.18,0,245,active
103169,33,F,22,33579.75,4,266,Churned
103170,30,Female,70,66801.6,1,131,Active
103171,23,F,2,19434.93,0,145,Churned
103172,42,F,29,60362.44,0,343,Active
103173,19,Female,61,39038.96,2,219,Active
103174,44,F,71,19432.23,0,73,Active
103175,22,Male,16,40019.74,0,197,Churned
103176,25,Male,64,15462.68,1,83,Active
103177,17,Male,14,₹9005.27,0,349,Active
103178,28,Female,43,63025.13,0,271,Active
103179,46,Female,43,52749.83,3,106,Churned
103180,41,Female,70,,0,100,Churned
103181,46,Male,55,70729.81,0,184,Churned
103182,41,Female,31,2805.48,0,332,CHURNED
103183,21,Male,40,25662.73,0,78,Active
103184,31,Female,27,₹2602.32,3,143,Active
103185,25,Male,52,,3,371,active
103186,50,F,7,14325.87,1,95,Active
103187,20,Male,46,60964.78,3,389,Active
103188,45,Male,33,74484.94,0,300,Active
103189,45,M,8,,0,3,Active
103190,56,Female,5,47999.84,0,47,Churned
103191,30,Male,61,54496.33,1,158,Active
103192,43,Female,60,39688.75,0,239,CHURNED
103193,62,Male,24,32268.23,3,268,Churned
103194,27,,7,52220.5,0,271,Active
103195,16,Female,61,73010.63,0,28,Active
103196,12,Male,36,3138.16,3,177,active
103197,43,Female,27,24242.29,0,87,Active
103198,12,Male,29,25424.43,5,175,Churned
103199,999,Female,20,31654.56,1,207,Active
103200,40,F,70,47390.02,0,75,Active
103201,37,M,3,,3,350,Active
103202,40,Male,39,2385.95,3,246,Churned
103203,37,Male,45,31459.11,0,268,Churned
103204,50,Male,68,46839.2,0,54,Churned
103205,23,Female,31,38357.03,0,83,active
103206,26,Female,38,65532.58,0,32,Churned
103207,-5,Female,6,30496.08,2,385,Active
103208,44,F,8,1929.34,0,11,Active
103209,45,Male,28,22082.49,0,223,Churned
103210,40,Male,15,11039.77,3,353,Churned
103211,49,Male,8,19517.04,5,55,Active
103212,20,Male,54,27794.51,0,286,Active
103213,55,Male,6,51072.52,0,68,Active
103214,53,Female,29,24988.58,0,312,Churned
103215,43,Male,34,66424.08,2,89,ACTIVE
103216,56,Male,7,23168.03,1,98,Active
103217,15,Female,40,11133.07,0,17,Churned
103218,28,Male,13,13496.04,0,161,Churned
103219,26,Female,62,70158.91,0,255,Active
103220,43,Male,65,34656.27,0,158,ACTIVE
103221,22,Female,41,30831.33,0,269,CHURNED
103222,44,F,42,6098.67,1,396,Active
103223,51,Male,66,55265.76,0,380,Active
103224,43,Female,11,52404.29,3,32,active
103225,38,M,50,28804.8,0,87,Active
103226,23,Female,71,52190.5,0,93,CHURNED
103227,24,Male,35,,1,290,Active
103228,49,Male,20,6413.69,0,83,Active
103229,44,Female,28,55619.35,0,268,Active
103230,34,F,37,72424.9,0,4,Active
103231,29,Male,3,48973.5,0,89,Active
103232,10,Male,59,21458.13,0,154,Active
103233,22,Male,27,20974.1,1,82,Active
103234,57,Male,32,69744.34,3,192,Churned
103235,19,Male,48,23443.48,1,384,Churned
103236,37,Male,46,57846.23,1,158,Churned
103237,47,Male,47,48575.71,3,378,Churned
103238,19,Male,40,44852.53,2,253,Active
103239,37,F,3,14399.54,0,289,Churned
103240,46,Male,29,3546.42,1,256,ACTIVE
103241,35,Male,58,,0,159,Active
103242,69,Male,50,74123.74,1,312,Active
103243,14,F,10,15486.23,0,62,Active
103244,47,Female,61,40728.53,0,287,Active
103245,32,Female,61,50652.47,0,280,Active
103246,44,Male,23,36792.15,1,69,Churned
103247,40,M,6,38513.1,2,354,Active
103248,26,Female,60,49930.84,1,265,Active
103249,37,Male,27,61303.01,0,8,Churned
103250,12,Female,55,25663.28,4,107,Churned
103251,42,M,31,,0,93,Active
103252,38,Female,30,36882.66,3,227,Active
103253,42,F,67,49978.93,2,69,Active
103254,47,F,13,8882.01,0,302,Churned
103255,39,Male,59,37443.47,0,138,Active
103256,36,Female,54,2191.88,0,358,Active
103257,24,Male,21,29935.83,4,330,Active
103258,26,M,43,5031.83,5,383,Active
103259,49,Male,11,67376.58,0,139,Active
103260,52,M,67,50787.58,0,116,Churned
103261,32,Male,38,59598.85,0,8,Active
103262,35,Male,24,35608.28,0,68,Churned
103263,24,Male,51,64040.43,5,146,Active
103264,49,Male,61,65605.0,5,250,Active
103265,42,F,46,27404.55,0,384,Active
103266,58,Male,43,28887.26,0,250,Active
103267,24,Female,27,38609.81,1,378,Active
103268,30,Male,30,4126.02,0,3,Churned
103269,37,Male,63,74686.85,4,364,ACTIVE
103270,42,Male,10,27579.41,3,399,Active
103271,32,Male,3,35842.41,0,128,Active
103272,24,M,60,56852.02,0,120,Active
103273,45,Female,27,23016.0,99,200,Active
103274,43,Male,45,15920.73,1,238,active
103275,24,Female,62,10431.31,0,55,ACTIVE
103276,51,Male,24,40073.28,0,70,Active
103277,49,Male,46,1406.87,0,377,Churned
103278,36,Female,44,53504.53,0,356,Active
103279,35,Male,63,35142.82,0,288,Churned
103280,41,Female,4,₹40354.89,1,262,CHURNED
103281,24,Female,16,20477.14,1,210,Active
103282,35,Female,51,14190.73,2,237,Active
103283,9,F,48,52799.24,0,218,CHURNED
103284,45,Male,65,16560.24,0,212,Active
103285,16,Male,69,58726.36,1,16,Active
103286,53,Male,45,16071.77,0,213,Active
103287,31,Male,3,46338.55,3,270,Churned
103288,32,M,17,48646.53,1,318,Active
103289,27,Female,37,38417.77,0,146,Active
103290,31,Female,5,74762.52,0,264,ACTIVE
103291,52,Female,47,28812.38,2,133,CHURNED
103292,5,Male,44,66365.76,0,344,Active
103293,50,Female,33,13522.89,4,297,Active
103294,39,Female,21,25953.6,2,367,Churned
103295,20,Female,67,11757.17,3,315,Active
103296,22,Male,68,45668.21,5,9,Churned
103297,55,Female,32,48231.04,0,42,Churned
103298,23,Male,24,34559.29,1,18,Active
103299,21,Female,35,,0,302,CHURNED
103300,48,Female,18,65206.28,1,379,Active
103301,39,Male,67,58465.39,0,210,Active
103302,23,Female,54,18883.01,4,284,active
103303,37,F,26,24709.54,5,293,Active
103304,22,Male,60,29140.46,1,330,Active
103305,48,F,65,16078.7,0,276,Active
103306,47,Female,51,27731.48,2,215,Churned
103307,41,Female,60,18615.38,2,368,Churned
103308,39,M,59,74683.86,1,380,Active
103309,56,Female,17,₹58960.53,0,235,Active
103310,34,M,21,64641.26,0,148,Active
103311,20,Male,67,,1,50,ACTIVE
103312,40,Male,28,50210.07,0,133,Active
103313,60,Female,44,14022.27,2,188,CHURNED
103314,22,M,70,57130.93,0,73,Active
103315,30,F,62,2155.25,4,299,Active
103316,39,Female,42,9379.05,3,382,Active
103317,34,Female,22,3189.25,0,105,Active
103318,23,Male,38,11022.94,0,292,Active
103319,48,,14,56648.31,1,232,Active
103320,62,Male,26,66525.56,0,101,Active
103321,37,Female,40,21634.18,0,259,Active
103322,24,Female,54,,1,292,Churned
103323,16,Female,13,21199.02,99,112,Active
103324,38,Male,19,48886.42,0,45,Churned
103325,999,,42,26915.02,0,100,Active
103326,40,Female,41,72124.81,1,157,Active
103327,34,F,50,10692.43,2,225,Churned
103328,27,Male,3,74285.35,0,392,Churned
103329,21,Female,31,1921.43,2,73,Active
103330,45,Female,15,34425.28,0,69,active
103331,45,Female,54,19634.07,3,172,Churned
103332,16,F,53,42905.12,1,224,Active
103333,54,Male,45,8144.76,0,49,Active
103334,41,Male,38,65810.89,3,236,Active
103335,51,Female,50,11102.95,2,109,Active
103336,18,Male,24,44466.81,2,375,Active
103337,18,,17,3467.67,0,273,Active
103338,33,Male,18,24013.42,1,158,Churned
103339,41,Female,42,12079.49,0,239,Active
103340,56,Male,17,,3,380,ACTIVE
103341,43,Female,16,1889.58,1,4,Active
103342,32,Male,52,27077.26,3,204,Active
103343,22,Male,36,23405.43,0,84,Active
103344,49,Male,39,49645.65,0,214,ACTIVE
103345,23,Male,25,5171.97,1,391,Active
103346,54,,42,60985.72,0,359,Active
103347,31,Male,21,35522.76,0,373,Active
103348,54,Female,68,34505.17,4,62,CHURNED
103349,43,,59,17782.45,0,58,Active
103350,33,Female,30,37263.46,0,172,Active
103351,28,,57,27928.12,4,314,Active
103352,30,,33,19140.1,0,362,Active
103353,40,Female,53,13481.35,0,252,Churned
103354,35,Female,16,54896.83,2,328,Active
103355,27,Male,49,₹11511.18,4,137,ACTIVE
103356,33,Female,5,13430.67,2,238,Churned
103357,35,M,60,43703.28,3,6,Active
103358,9,Female,71,17729.74,0,275,Active
103359,40,Female,55,34993.86,0,86,Active
103360,23,Female,35,41915.88,2,367,Active
103361,21,Male,69,21307.8,2,148,Churned
103362,14,M,42,26423.01,1,64,Active
103363,13,Female,69,16555.31,2,155,Active
103364,18,Male,24,35071.41,3,135,Active
103365,26,M,71,74437.59,1,118,Active
103366,58,Female,71,27840.68,4,24,Active
103367,28,Female,55,49346.45,1,379,Active
103368,37,Female,14,48056.19,0,264,Churned
103369,39,Male,55,59199.66,0,323,Active
103370,36,M,15,53681.96,2,11,Active
103371,34,Female,5,1871.7,1,356,Active
103372,20,Male,4,23882.06,3,66,Active
103373,52,Male,30,65397.28,2,385,Churned
103374,56,F,53,40926.72,1,263,Active
103375,14,Male,30,8712.58,4,24,Churned
103376,22,M,61,21434.13,2,396,Active
103377,31,Male,71,21970.57,0,319,Active
103378,23,Female,68,65615.12,1,328,CHURNED
103379,41,F,55,41951.69,0,141,Churned
103380,26,Male,71,46015.95,1,231,Active
103381,60,Female,42,28162.79,2,88,Active
103382,49,Female,29,5462.97,3,116,Churned
103383,37,Female,35,6568.37,1,280,Active
103384,47,Female,45,32108.31,2,38,Active
103385,48,Female,29,14134.55,0,199,Active
103386,28,Female,70,8715.43,1,266,Active
103387,25,M,3,20406.02,3,158,Churned
103388,35,Female,57,55911.43,0,231,Active
103389,45,Male,66,6403.35,0,344,Active
103390,36,,22,34168.72,2,283,Churned
103391,16,Female,27,62130.45,0,286,Active
103392,25,Male,22,20826.44,5,128,Active
103393,34,Male,49,23338.69,0,207,Active
103394,34,Male,24,66431.34,1,373,Churned
103395,58,Male,27,49100.26,1,258,Churned
103396,18,Male,36,60030.7,0,264,Active
103397,41,Male,17,22401.11,3,145,Active
103398,52,Female,56,74761.68,1,48,active
103399,62,Male,10,11426.33,0,64,active
103400,30,Male,54,72183.34,3,189,Active
103401,40,Male,38,67755.33,1,141,Churned
103402,41,Male,4,41840.2,2,228,Churned
103403,37,Male,50,44311.94,99,107,Active
103404,33,Female,61,58353.54,0,130,Active
103405,40,,21,23701.88,2,383,Churned
103406,4,M,36,40032.76,2,340,Active
103407,43,M,46,67775.81,3,151,Active
103408,36,Male,71,6050.43,0,213,Active
103409,32,Male,44,68009.12,3,223,Active
103410,59,Male,64,54929.57,1,16,Active
103411,26,Female,18,57968.52,0,141,Active
103412,30,Male,13,5789.14,0,388,Active
103413,58,Female,13,14893.99,0,258,Active
103414,25,Male,25,69469.37,2,114,Churned
103415,28,Male,5,10179.81,0,321,Churned
103416,33,,39,47707.53,3,26,Active
103417,45,Female,29,58919.25,0,286,Churned
103418,37,M,57,18114.87,0,374,Active
103419,19,Female,46,52710.48,5,38,Active
103420,28,M,33,5852.66,0,25,Active
103421,27,Female,10,37908.86,1,381,Active
103422,34,F,58,25748.05,0,52,Churned
103423,999,Male,25,48784.91,0,339,Active
103424,40,Female,39,66786.36,0,91,Active
103425,13,Female,16,10286.33,3,138,Active
103426,47,Male,60,34322.77,0,209,Active
103427,38,M,28,32316.34,2,61,Churned
103428,51,,44,24960.85,1,111,Churned
103429,40,Female,58,36532.34,0,258,Active
103430,48,Male,32,66173.91,3,337,Churned
103431,40,Female,63,73050.98,0,135,Churned
103432,51,M,45,1210.37,99,60,Active
103433,41,Female,53,55688.33,3,189,Churned
103434,33,Male,61,46516.01,0,336,Churned
103435,62,Female,50,74593.9,0,113,Active
103436,45,Male,27,7654.92,0,27,Churned
103437,41,Female,26,61039.63,1,1,Churned
103438,19,Male,3,70110.69,1,214,Active
103439,19,Female,39,68496.56,4,86,Active
103440,38,Female,65,42482.38,0,155,CHURNED
103441,36,Male,35,25239.15,1,80,Active
103442,27,Male,53,48352.88,2,60,Active
103443,36,Male,46,23649.33,1,309,Active
103444,54,Male,68,31507.93,0,36,active
103445,43,Male,22,33983.65,0,291,Active
103446,21,,60,23344.31,0,289,Churned
103447,33,M,6,26295.22,0,325,Active
103448,25,F,52,1541.17,0,363,Active
103449,30,F,29,,2,175,active
103450,30,Male,43,35950.6,0,354,Churned
103451,29,Male,34,13802.55,3,352,Active
103452,19,Male,31,60613.26,0,89,Active
103453,33,M,46,40785.14,1,59,Active
103454,28,Female,4,59747.17,1,61,Active
103455,0,Male,2,10479.65,0,242,Active
103456,59,Male,5,61717.83,0,283,Active
103457,48,Female,46,71911.46,0,225,Active
103458,30,Female,19,27081.59,1,222,active
103459,35,F,38,22012.48,2,368,Active
103460,20,Male,59,48865.53,99,90,Active
103461,55,F,20,48057.64,0,15,Active
103462,57,Female,68,9322.63,4,365,Churned
103463,999,Female,53,69580.15,1,185,Active
103464,47,F,55,₹36450.16,0,204,Churned
103465,37,F,39,57566.81,0,41,ACTIVE
103466,18,Male,36,27589.51,0,171,active
103467,30,Male,58,20353.71,1,268,Active
103468,36,Female,15,9234.12,4,196,active
103469,29,Female,1,21314.38,0,250,Active
103470,32,Female,9,74513.9,0,195,Churned
103471,33,F,23,49689.05,0,230,Active
103472,34,Male,52,60405.89,0,96,Active
103473,35,Female,26,71929.68,3,218,Active
103474,22,Male,60,6845.36,0,4,Active
103475,26,F,18,13187.39,0,375,Active
103476,19,,58,69669.46,4,5,Churned
103477,46,Female,65,42776.97,0,386,Active
103478,9,Male,69,47978.84,0,46,Active
103479,48,Female,14,32644.94,2,331,active
103480,51,Female,46,61267.73,1,126,Active
103481,31,Male,69,39276.07,2,137,Active
103482,3,F,32,,1,136,Active
103483,30,,51,₹74421.81,0,314,Active
103484,34,Female,69,48857.78,0,359,ACTIVE
103485,22,Female,15,40132.21,3,319,Churned
103486,28,Male,53,28021.68,0,189,Active
103487,53,Female,71,15407.54,5,143,ACTIVE
103488,42,Female,69,49592.68,0,73,Active
103489,23,Male,15,5635.15,3,178,Active
103490,15,Male,30,71765.28,2,350,Active
103491,-5,Male,24,48919.09,0,226,ACTIVE
103492,32,Male,35,71992.85,0,278,Active
103493,40,Female,69,21148.31,2,238,Churned
103494,28,Female,12,71042.17,1,94,Active
103495,41,Female,46,46297.26,1,373,Churned
103496,58,Male,69,60959.53,0,330,Active
103497,44,Female,36,14240.32,1,197,active
103498,34,M,48,38008.17,0,64,Active
103499,32,Female,67,43103.07,0,150,Active
103500,30,,54,30071.23,0,141,Active
103501,49,Female,36,19739.22,0,231,Churned
103502,27,Female,52,67953.33,4,245,Active
103503,35,Male,22,7294.36,0,303,Active
103504,35,Female,38,12395.04,0,347,Active
103505,28,M,62,24717.78,1,277,Active
103506,18,F,65,69062.98,0,31,Churned
103507,38,,3,42751.57,3,377,active
103508,34,Male,8,28614.85,0,38,ACTIVE
103509,41,Female,39,30798.19,4,39,Churned
103510,28,Female,18,62995.54,0,164,Active
103511,49,Female,3,2981.69,0,356,Churned
103512,24,Male,18,1839.09,2,267,Churned
103513,55,M,1,4410.27,1,69,Active
103514,14,F,26,35721.17,1,290,Active
103515,40,Female,52,44012.46,0,229,Active
103516,40,Male,12,47210.69,0,261,active
103517,25,Male,38,55104.15,1,20,Active
103518,40,Female,41,15039.56,0,63,active
103519,50,Male,53,20409.07,0,301,Active
103520,8,F,13,19019.52,3,170,Active
103521,41,Female,13,12038.74,2,13,Active
103522,5,Female,18,19085.27,4,137,Active
103523,23,Female,19,46410.3,1,389,active
103524,54,Male,19,28114.46,0,224,Churned
103525,28,F,70,57825.52,0,94,Active
103526,20,Female,48,40694.99,3,177,Churned
103527,32,,71,16690.9,0,348,Active
103528,59,Female,71,35586.27,1,357,CHURNED
103529,13,Female,28,44909.29,0,156,Active
103530,22,Male,19,65098.43,1,121,Active
103531,52,Female,48,62695.1,2,380,Churned
103532,57,Female,29,32559.51,2,171,active
103533,33,Female,48,48928.01,5,198,Churned
103534,20,Female,19,23037.55,0,169,CHURNED
103535,60,Male,47,47842.24,1,172,Active
103536,54,,60,68546.64,0,157,Churned
103537,43,,48,47216.16,0,324,Active
103538,25,Male,20,23479.12,4,210,Active
103539,34,F,19,48654.77,0,281,Active
103540,33,Male,42,67803.85,2,196,Active
103541,38,Female,49,11141.47,5,270,Churned
103542,52,Male,15,36701.07,0,187,Active
103543,45,,60,24757.77,0,62,Active
103544,22,Male,68,18868.59,0,145,Active
103545,51,Female,27,30319.46,0,226,Churned
103546,38,Female,55,30153.64,0,117,Active
103547,43,Male,15,16572.04,0,206,ACTIVE
103548,52,Female,52,30868.26,1,356,Active
103549,21,Male,31,47896.15,1,66,Active
103550,34,Female,7,2904.17,3,301,Active
103551,999,,13,74202.67,0,327,ACTIVE
103552,16,M,54,22899.88,0,28,Active
103553,39,M,13,47149.76,0,315,Active
103554,65,Male,20,21982.62,0,264,Churned
103555,12,Male,10,30121.65,4,221,Churned
103556,34,Female,52,41643.57,5,10,Active
103557,-5,Male,37,46277.09,0,277,Active
103558,36,F,52,58013.89,0,291,Churned
103559,33,Male,27,59584.6,0,4,active
103560,19,F,34,39384.04,0,181,Active
103561,37,Male,62,6603.71,3,85,Active
103562,25,M,16,42275.98,2,25,Active
103563,-5,Male,59,36340.94,4,20,active
103564,49,Male,21,16938.61,3,199,ACTIVE
103565,46,Female,16,1752.05,0,199,Active
103566,35,Male,13,24381.48,0,96,Active
103567,37,Female,33,20202.14,0,96,Churned
103568,47,Female,54,36735.36,1,383,active
103569,37,Male,69,57358.52,1,278,Active
103570,45,F,27,33488.96,0,49,Active
103571,31,Female,52,71416.06,0,89,Active
103572,50,Female,65,17377.19,0,6,Churned
103573,38,Female,44,17350.45,0,146,Churned
103574,37,Female,30,45729.27,3,12,Churned
103575,19,Male,23,67323.43,2,28,Active
103576,38,Male,16,50717.46,1,275,Active
103577,25,Female,55,50852.19,0,43,Active
103578,27,Female,18,60665.16,3,99,CHURNED
103579,25,Male,17,50482.29,1,143,Active
103580,22,Female,52,57191.73,1,292,Churned
103581,60,Female,45,65093.43,0,97,ACTIVE
103582,50,Male,56,1585.39,3,85,Active
103583,58,Male,54,66536.1,3,298,Active
103584,20,Female,9,16929.56,3,91,Active
103585,35,Male,17,68495.81,1,382,Active
103586,19,Male,27,20697.56,0,301,Active
103587,26,Male,37,34687.68,0,30,Active
103588,23,,22,70107.37,0,295,Churned
103589,49,Female,67,,0,174,Churned
103590,30,Male,38,56150.95,0,186,ACTIVE
103591,47,Male,44,30041.2,0,30,Active
103592,-5,Female,36,2783.46,3,251,Churned
103593,62,Female,25,70495.85,1,109,Active
103594,17,Female,42,9719.34,2,213,active
103595,50,F,13,58286.49,0,218,Active
103596,48,Female,56,29435.99,0,344,Churned
103597,23,Male,51,60983.14,0,182,Active
103598,47,Female,50,56521.26,2,342,Active
103599,39,,52,47858.17,0,37,Churned
103600,32,Female,33,70502.47,0,346,CHURNED
103601,25,Female,25,8320.34,0,150,Active
103602,26,Male,58,60094.86,1,97,Churned
103603,59,Male,40,50638.11,0,24,Active
103604,35,Female,38,24289.33,0,325,Active
103605,44,F,3,41401.94,1,344,Churned
103606,999,Female,16,48702.45,2,355,Active
103607,25,Female,2,55484.09,0,122,Churned
103608,47,Male,23,14842.42,1,86,Active
103609,18,Male,30,8556.4,0,161,Active
103610,30,Female,10,8552.14,5,17,Active
103611,35,Male,65,22746.28,2,244,Churned
103612,36,Female,22,₹12408.81,1,268,Churned
103613,32,Male,52,40637.48,0,286,Churned
103614,39,Female,56,33340.96,1,218,Churned
103615,43,M,33,67086.93,3,397,Churned
103616,43,Female,30,54087.78,2,6,Active
103617,23,Male,24,16230.1,2,381,Active
103618,31,Female,5,4383.8,0,267,Active
103619,49,,53,53477.53,0,235,active
103620,45,Female,55,63591.24,1,384,Active
103621,18,Male,23,52873.53,0,124,CHURNED
103622,39,Male,10,48640.78,0,60,Churned
103623,11,Male,33,19449.32,0,10,Churned
103624,35,Male,62,37600.66,0,16,Active
103625,57,M,27,54647.17,2,84,Active
103626,23,M,7,15309.73,2,172,Churned
103627,24,Male,27,36264.22,1,147,Churned
103628,44,Male,10,9660.09,2,100,ACTIVE
103629,16,Male,57,40273.2,1,271,Active
103630,27,F,30,,1,215,Churned
103631,42,Female,3,40618.54,0,85,Active
103632,27,Female,29,,3,39,Active
103633,32,Female,14,44471.59,1,5,Churned
103634,999,Female,25,74763.16,1,86,active
103635,40,Male,10,47067.7,0,287,active
103636,38,Male,49,56690.01,0,207,Active
103637,30,Female,38,15216.95,4,38,Churned
103638,-5,Female,71,40221.73,5,256,Churned
103639,33,Male,14,1555.4,3,180,Churned
103640,40,Male,30,,4,399,Churned
103641,29,Male,40,,0,19,Active
103642,32,Female,12,35528.44,0,163,Churned
103643,23,Female,14,43597.13,3,202,Active
103644,34,F,1,66712.32,0,271,Active
103645,25,Male,68,58109.97,0,370,active
103646,21,Male,49,23198.29,3,88,Active
103647,38,Male,18,56017.83,1,175,active
103648,37,Female,36,41654.94,0,243,Active
103649,44,Female,64,58659.42,1,148,ACTIVE
103650,29,Female,28,31417.67,3,265,Churned
103651,39,Male,32,7800.11,2,5,Active
103652,41,Female,25,46768.09,1,139,CHURNED
103653,40,F,47,42220.78,5,374,Active
103654,25,F,20,71566.66,1,103,Churned
103655,36,,33,12997.63,0,347,Churned
103656,39,Female,30,49553.84,0,258,Active
103657,35,F,37,36081.44,0,180,Active
103658,9,Male,53,29040.26,0,246,Active
103659,36,Male,69,59798.0,0,148,CHURNED
103660,61,Male,8,60988.12,0,21,Active
103661,30,Female,1,53880.44,0,307,Active
103662,26,F,7,7186.51,0,158,Churned
103663,39,Male,62,26538.19,0,176,Churned
103664,38,Female,58,4459.51,0,257,Active
103665,49,Female,8,26432.41,0,265,CHURNED
103666,19,F,64,48945.92,0,113,Active
103667,43,Female,8,39384.3,0,168,Active
103668,42,,3,53017.32,1,21,Churned
103669,33,Male,58,41808.17,0,80,Active
103670,39,Male,32,42130.22,1,396,Active
103671,47,Female,68,38811.43,2,228,CHURNED
103672,45,Male,49,27960.08,0,37,Active
103673,21,Male,38,34045.8,0,91,Active
103674,44,Female,2,9320.39,0,327,ACTIVE
103675,34,Female,9,62753.63,3,152,Active
103676,35,Female,46,66801.66,99,178,Churned
103677,35,Male,65,57704.04,0,182,Active
103678,33,Female,49,44185.36,0,110,Active
103679,49,Male,29,43119.26,0,360,Active
103680,33,Male,29,35803.95,0,109,Churned
103681,21,Female,33,18119.66,1,156,Churned
103682,30,Male,28,29401.48,5,260,Active
103683,37,Male,26,74253.03,3,396,Churned
103684,49,Female,29,11789.42,1,67,Churned
103685,42,Male,11,41158.56,0,260,Active
103686,24,,34,65122.91,0,271,CHURNED
103687,999,Female,48,34522.12,1,37,Churned
103688,38,,27,45815.16,2,393,Churned
103689,50,Male,40,62256.69,0,270,Active
103690,33,Female,31,41519.54,0,123,Churned
103691,41,Male,65,55128.72,1,224,Active
103692,45,M,39,26698.16,1,195,Active
103693,49,Male,24,55243.72,0,367,Active
103694,47,Male,68,4035.58,2,382,Churned
103695,45,M,23,12314.55,0,82,Active
103696,31,Male,61,48159.92,0,50,Active
103697,28,Male,27,34222.64,4,78,active
103698,38,Male,16,62297.82,2,25,Active
103699,46,Female,45,26306.11,0,295,Churned
103700,32,Male,27,57773.42,1,26,Active
103701,47,Female,5,11294.35,0,60,Active
103702,52,Male,59,₹69830.85,0,308,Active
103703,24,Female,35,31964.51,0,70,Active
103704,24,Female,70,18086.74,3,154,Active
103705,33,Female,46,,0,48,Active
103706,38,Female,56,71143.58,1,54,Active
103707,28,Male,24,68938.05,0,371,ACTIVE
103708,999,Male,10,18607.48,0,372,Active
103709,40,Male,38,50728.57,4,385,Active
103710,35,Female,70,41467.49,0,114,CHURNED
103711,17,Female,48,54657.71,0,277,Active
103712,19,F,9,37033.03,0,110,CHURNED
103713,38,Male,50,35762.47,0,72,Active
103714,9,Female,69,66320.31,1,18,Churned
103715,47,Female,48,65472.97,1,15,Active
103716,33,Female,39,59282.13,1,42,Active
103717,73,M,5,53162.22,1,20,Active
103718,62,Male,11,51199.13,0,16,CHURNED
103719,32,Male,60,5157.46,0,135,Active
103720,33,Female,27,56465.68,3,221,Active
103721,46,Male,7,48219.73,1,95,Churned
103722,999,Male,60,23378.44,0,93,ACTIVE
103723,15,Male,50,61687.51,0,81,Active
103724,13,Male,67,62601.08,1,389,Active
103725,27,Female,69,₹69982.11,0,78,Active
103726,41,Male,55,31958.49,4,351,active
103727,40,Female,16,41792.5,0,146,Active
103728,47,Female,12,68040.61,5,320,Active
103729,20,Female,27,24443.3,2,26,Active
103730,7,,33,59951.56,3,197,Churned
103731,45,Male,55,74405.53,0,144,Active
103732,25,,52,49243.24,0,77,Active
103733,10,Female,37,73794.09,1,314,Churned
103734,36,Female,15,39170.12,0,352,Churned
103735,44,Female,65,12325.95,4,201,Active
103736,33,Female,68,13994.1,0,303,ACTIVE
103737,29,M,3,55121.71,1,327,Churned
103738,33,F,5,1067.25,3,123,Churned
103739,30,Male,9,49979.71,0,178,Active
103740,18,Male,1,12194.11,5,302,CHURNED
103741,26,Female,30,73843.28,0,8,Active
103742,41,F,71,13071.44,1,2,Active
103743,38,Male,20,41882.34,2,146,CHURNED
103744,37,Female,27,50538.99,0,36,active
103745,23,Female,63,61642.72,0,88,Churned
103746,32,Female,31,₹34985.52,0,119,Churned
103747,8,Female,19,70101.11,0,42,Active
103748,37,Female,62,36538.23,0,358,Active
103749,52,,7,19652.44,0,139,Active
103750,17,Female,37,44884.61,0,59,active
103751,27,Female,71,49692.41,0,180,Churned
103752,38,Male,8,38546.94,99,202,Churned
103753,50,Female,57,55255.48,1,221,Active
103754,29,Male,28,32130.38,0,49,Active
103755,26,Male,17,1320.92,1,360,Active
103756,11,Female,11,20575.88,2,240,Active
103757,36,Female,15,70996.99,0,128,Churned
103758,59,Female,30,57478.52,3,330,Active
103759,38,Male,6,15025.5,1,286,Active
103760,34,Female,12,5932.32,3,28,Active
103761,38,Female,61,26958.97,2,93,Active
103762,34,Female,36,62886.34,2,179,CHURNED
103763,25,Male,35,8842.48,0,217,Active
103764,44,Female,67,41208.19,0,27,Active
103765,37,M,63,21350.02,1,127,Active
103766,35,Male,40,54742.87,0,98,ACTIVE
103767,23,Male,31,1030.36,0,308,Active
103768,50,Female,37,₹21510.89,0,300,Active
103769,42,Female,5,51264.53,0,388,Churned
103770,28,Female,4,41459.54,0,48,Active
103771,47,Female,26,58636.06,0,354,Churned
103772,999,Male,24,12668.02,1,272,Churned
103773,25,Male,39,40292.19,0,188,Active
103774,25,Male,56,15486.96,0,303,Active
103775,13,Male,54,48302.29,0,110,Churned
103776,40,Female,38,10719.35,2,331,CHURNED
103777,13,Male,54,12003.34,2,15,Churned
103778,20,F,19,25287.19,0,102,Active
103779,10,M,26,30741.08,0,94,Active
103780,33,M,52,37893.41,2,184,Active
103781,33,F,61,43972.31,3,219,Active
103782,31,Female,67,35692.22,0,129,Active
103783,22,M,22,4377.27,1,153,Active
103784,20,Male,17,26416.07,0,320,ACTIVE
103785,40,Male,11,5542.26,0,92,Active
103786,28,Female,39,9738.2,2,43,Active
103787,38,Male,61,7868.94,0,270,Active
103788,24,,49,12699.07,2,248,Active
103789,37,Female,61,61156.12,0,68,Churned
103790,50,Female,12,47440.36,1,270,Churned
103791,42,Male,13,38501.79,0,208,Churned
103792,30,Female,58,55187.06,0,399,Churned
103793,38,Male,11,72130.56,0,226,Active
103794,32,M,64,31907.96,0,205,Active
103795,35,Male,31,28188.48,0,145,Active
103796,31,Female,11,73355.24,0,92,Active
103797,33,Male,43,58078.45,0,138,active
103798,37,Male,36,58506.23,2,17,Active
103799,23,Female,2,45395.73,1,392,Active
103800,22,Male,61,₹38518.62,0,2,Active
103801,18,Female,36,41743.79,0,250,active
103802,15,Male,49,49254.29,1,321,Active
103803,20,Male,27,28886.11,3,119,Active
103804,36,Female,12,58889.81,0,197,Active
103805,24,Male,58,68282.35,0,355,Churned
103806,41,Male,6,43274.99,1,214,Active
103807,35,M,44,29229.2,0,107,Active
103808,11,Male,47,52473.64,0,208,Active
103809,42,Male,23,14480.18,2,117,Active
103810,44,Male,26,72674.38,0,9,Churned
103811,23,Female,7,49691.06,0,142,Active
103812,40,Female,32,6000.09,1,330,Churned
103813,24,Male,33,40201.51,0,22,Churned
103814,36,Female,20,56525.22,2,272,Active
103815,19,Male,69,21560.6,4,169,Active
103816,999,Female,52,4773.23,1,195,Churned
103817,30,Male,42,37198.02,1,94,Churned
103818,33,Female,1,62688.21,1,193,Active
103819,30,,63,19613.54,3,342,Active
103820,20,Female,7,54058.97,0,288,Churned
103821,30,,58,31176.51,0,180,Active
103822,38,Male,50,5412.77,3,267,Churned
103823,34,Male,34,23493.27,2,20,Churned
103824,37,Male,51,24228.78,0,340,Active
103825,26,Male,10,67945.16,3,225,ACTIVE
103826,49,Male,26,73649.36,0,169,Churned
103827,20,Male,32,16522.82,1,323,Active
103828,40,Female,42,32857.95,5,44,Active
103829,49,Male,62,73276.06,1,188,active
103830,40,Male,12,31137.84,2,95,Churned
103831,32,Male,40,26838.66,2,362,Active
103832,28,F,34,9131.23,3,135,Churned
103833,47,Male,70,56743.05,5,94,Active
103834,17,Female,27,34078.41,0,54,Active
103835,23,Female,8,48261.06,0,82,active
103836,30,Female,47,38729.4,1,269,ACTIVE
103837,-5,Male,26,13915.75,5,289,Churned
103838,39,Male,57,14051.36,0,135,Churned
103839,23,Female,7,70541.97,3,158,Active
103840,31,Male,26,66824.42,2,267,Active
103841,27,Male,59,46186.92,0,326,Active
103842,26,Male,69,1092.07,1,277,Active
103843,46,M,47,33063.88,0,288,Churned
103844,18,Female,35,40251.67,0,133,Active
103845,54,Female,30,34258.4,3,362,Churned
103846,44,Female,50,69483.26,0,349,Active
103847,48,M,24,4024.07,4,35,Active
103848,29,Female,30,49464.71,0,251,Active
103849,33,Female,54,24223.89,0,47,Churned
103850,17,F,67,42401.3,0,268,Churned
103851,28,Female,32,49537.88,3,293,Active
103852,40,Male,8,33620.78,0,44,Active
103853,50,Male,50,11979.7,2,278,Churned
103854,21,Female,47,39408.82,0,139,CHURNED
103855,30,M,46,70038.76,0,343,Churned
103856,33,Female,35,40655.13,0,311,Active
103857,18,Female,61,10097.55,0,237,Active
103858,42,Female,51,61988.06,0,266,Active
103859,26,Female,63,17409.12,1,170,Active
103860,32,Female,8,28396.06,0,216,Active
103861,29,Male,34,32728.03,0,117,CHURNED
103862,25,,25,26137.74,0,238,Active
103863,34,Female,44,30929.43,0,256,active
103864,-5,Female,43,59865.57,2,244,Active
103865,30,Male,50,17528.57,0,336,Active
103866,26,Male,13,35810.97,0,332,Active
103867,38,Female,46,2480.63,2,88,Active
103868,54,Female,53,38567.28,0,234,Active
103869,36,Female,63,9264.96,0,97,Active
103870,46,Male,2,21885.46,1,18,Active
103871,18,Female,40,25040.63,3,111,Churned
103872,36,M,23,7094.09,1,209,ACTIVE
103873,21,Male,59,27681.9,0,341,Active
103874,17,Female,69,37856.25,0,65,Active
103875,26,Female,34,32901.06,0,123,ACTIVE
103876,49,Female,27,21751.47,4,238,Churned
103877,46,Female,55,22819.27,2,364,Active
103878,37,Female,4,47885.14,0,123,Active
103879,16,,68,54161.3,0,287,Active
103880,32,Male,70,43663.27,0,218,active
103881,38,Female,27,73237.92,4,222,Churned
103882,37,Male,47,70920.68,1,345,Churned
103883,12,Male,40,8286.7,3,113,Active
103884,24,Male,27,20341.71,0,18,CHURNED
103885,34,Male,7,65261.16,3,219,Active
103886,41,,23,3195.1,0,161,ACTIVE
103887,8,F,64,44822.59,0,70,Active
103888,33,Male,29,71632.97,0,7,Churned
103889,36,Female,61,51225.11,5,1,Active
103890,45,Female,44,7803.07,0,358,Active
103891,43,M,69,56338.51,0,99,Active
103892,41,Female,27,28859.87,2,87,Active
103893,25,Male,12,69193.49,3,80,CHURNED
103894,12,Female,17,22187.41,3,315,Active
103895,30,Female,37,36019.17,0,34,Active
103896,47,Female,34,56248.93,4,226,Active
103897,51,F,36,,1,223,Active
103898,43,F,6,14451.89,3,180,Active
103899,40,Female,32,1200.4,4,395,Active
103900,39,Female,22,37109.18,0,8,Active
103901,28,,10,69717.69,0,243,active
103902,33,Male,29,21830.05,1,88,Active
103903,55,Male,11,4210.01,3,309,Active
103904,23,Male,66,46911.91,0,143,Churned
103905,54,F,56,5156.57,0,28,Active
103906,31,Female,58,38511.51,2,142,Churned
103907,50,Male,52,29233.2,1,90,active
103908,18,,61,36181.37,3,186,Active
103909,42,Female,17,13035.38,1,313,Active
103910,26,M,30,7674.94,0,180,Active
103911,18,Male,37,56425.32,5,37,Active
103912,37,Female,5,19179.34,1,2,Active
103913,47,Female,26,60231.38,1,34,Churned
103914,24,Female,70,57125.1,4,314,ACTIVE
103915,17,Female,1,15680.04,1,226,Active
103916,33,M,9,68213.5,0,73,Active
103917,33,Male,71,12934.69,0,364,Active
103918,41,M,64,59988.79,5,373,Active
103919,46,Male,24,32119.5,0,116,Active
103920,34,Male,5,14543.21,0,114,Active
103921,57,Male,51,70420.24,3,30,CHURNED
103922,37,Male,38,72281.05,0,83,Churned
103923,-5,Male,29,38841.6,0,208,Active
103924,15,M,46,35718.91,0,107,CHURNED
103925,31,Female,52,67662.29,99,315,ACTIVE
103926,30,Female,46,45114.11,1,186,CHURNED
103927,46,Female,68,₹20686.86,0,376,Active
103928,-5,Male,59,32464.6,3,152,Active
103929,20,Male,10,62863.19,0,399,Active
103930,37,Female,4,64607.68,0,150,active
103931,43,Female,52,70504.71,0,160,Churned
103932,53,Female,18,22331.31,2,75,Active
103933,45,Female,51,51316.5,1,349,CHURNED
103934,44,Female,23,6060.77,0,170,Active
103935,35,Female,25,54716.8,1,187,Churned
103936,39,,60,42676.78,0,344,Churned
103937,49,Male,37,19482.69,5,339,Churned
103938,19,Female,68,49442.76,0,311,Active
103939,30,Female,18,11003.48,1,389,Active
103940,25,,29,25701.67,1,169,Active
103941,39,Male,30,30667.61,1,313,Active
103942,49,Female,7,58508.15,0,53,CHURNED
103943,27,Male,41,23850.04,0,257,CHURNED
103944,6,Female,37,4628.56,5,60,Churned
103945,30,Male,27,14374.81,0,222,Active
103946,45,Male,21,45998.89,2,76,Active
103947,999,Female,43,2128.53,0,46,Active
103948,40,Male,51,59625.19,0,260,Churned
103949,31,Male,71,67682.89,1,15,Active
103950,19,Male,13,₹37659.42,0,337,Active
103951,999,Male,53,53364.65,5,116,Active
103952,24,,63,35238.08,3,12,Active
103953,61,Female,57,23848.48,4,1,Churned
103954,41,M,25,13200.11,1,77,Active
103955,28,Female,13,39344.01,0,30,Churned
103956,27,F,37,69811.83,1,202,Active
103957,33,Female,30,66857.94,2,390,Active
103958,32,Female,12,69052.31,0,329,Active
103959,48,Female,65,72514.57,3,50,Churned
103960,37,Female,18,13236.49,1,130,Active
103961,26,Female,62,11842.88,2,6,Active
103962,57,Male,24,32654.34,1,75,active
103963,35,Male,60,52009.05,3,346,Active
103964,44,Female,17,33537.35,0,348,Active
103965,27,Female,60,67034.22,0,333,Active
103966,39,Male,9,54087.34,1,166,Active
103967,38,Male,52,47913.84,1,332,Active
103968,12,Female,15,6256.8,4,339,Active
103969,59,M,28,13974.82,0,274,active
103970,50,Male,9,32683.38,3,156,Churned
103971,30,Male,56,73251.73,1,268,Active
103972,21,M,36,25746.24,1,308,Active
103973,39,Female,56,47618.18,0,205,Active
103974,36,Male,71,74179.05,1,244,Churned
103975,39,M,20,20537.85,1,87,Active
103976,37,Female,55,13333.36,0,100,Churned
103977,41,Female,60,41428.66,1,186,CHURNED
103978,52,,35,,0,222,Active
103979,41,F,1,69219.61,1,278,CHURNED
103980,22,Male,45,2955.83,1,358,Active
103981,51,Male,69,31145.95,2,173,Active
103982,54,Male,40,24113.76,0,318,Active
103983,72,Male,38,43257.91,0,42,Active
103984,21,Male,24,1690.45,3,67,Churned
103985,37,Male,4,53618.72,0,393,Active
103986,10,F,69,36889.24,3,192,Active
103987,41,M,13,52851.0,0,143,Active
103988,28,Female,21,34137.66,2,154,Active
103989,58,Female,32,36090.27,0,94,Active
103990,25,Male,38,67270.68,0,197,Churned
103991,14,Male,32,16606.46,4,378,Churned
103992,29,Male,57,17094.17,0,95,Active
103993,11,Female,48,42401.27,0,383,Active
103994,44,Male,30,49856.6,1,249,Churned
103995,10,M,71,27246.93,3,22,Active
103996,35,Female,38,39443.83,0,54,Churned
103997,10,Male,44,17861.37,3,125,Churned
103998,31,Male,26,11057.39,2,314,Active
103999,54,Female,2,18631.44,0,207,Churned
104000,39,F,43,68811.61,0,181,Active
104001,24,Female,43,60334.53,0,355,Active
104002,34,Male,63,11378.18,1,275,Active
104003,999,Female,58,4445.46,1,162,Active
104004,40,Male,48,7895.69,0,398,Active
104005,18,,5,22714.03,1,278,Active
104006,-5,Female,35,61040.57,0,141,ACTIVE
104007,2,Female,16,24781.71,0,123,Active
104008,27,Female,49,14738.49,5,192,Active
104009,29,Female,60,30292.24,3,56,Active
104010,-5,Male,51,10179.97,0,298,Active
104011,35,Male,59,35796.05,4,247,Active
104012,18,Male,64,50991.01,4,322,Active
104013,23,F,13,28294.8,0,191,Churned
104014,37,Female,26,13847.25,0,170,CHURNED
104015,34,Male,70,34536.61,2,219,Active
104016,28,F,3,57424.2,4,34,Active
104017,29,Male,12,6667.97,3,285,Active
104018,43,Male,41,6249.35,0,36,Active
104019,28,Male,65,24540.19,0,374,Active
104020,33,Female,63,31713.91,0,265,Churned
104021,61,Female,50,17018.92,0,341,Active
104022,17,Female,47,2991.39,0,298,Churned
104023,12,Female,8,17247.41,1,228,active
104024,44,Male,31,33217.37,0,67,Active
104025,26,Female,11,6877.62,0,7,CHURNED
104026,31,Male,17,53976.0,4,23,Churned
104027,25,Female,27,41855.46,0,23,Active
104028,31,Female,27,33148.58,0,272,Active
104029,54,Female,56,39384.68,1,69,Churned
104030,44,Female,69,49529.64,0,13,Churned
104031,45,Female,47,74615.09,2,266,ACTIVE
104032,18,Male,19,58358.88,3,248,Churned
104033,21,M,57,40986.87,1,59,Active
104034,0,Male,31,58019.5,2,258,Active
104035,25,Male,16,36166.59,0,208,Active
104036,46,Female,45,24007.24,0,129,Active
104037,41,Female,27,20385.13,0,198,Active
104038,32,Male,61,30561.47,4,310,Churned
104039,34,F,26,1168.96,1,275,Active
104040,26,,29,14094.74,0,97,Churned
104041,37,Female,44,10363.47,1,28,Active
104042,44,Female,29,72065.31,0,133,Active
104043,15,Female,2,5798.74,1,332,Active
104044,38,Male,6,38071.99,0,275,Active
104045,46,Female,9,69059.13,1,104,active
104046,30,F,15,45956.5,2,42,Churned
104047,43,,58,37649.91,0,153,Active
104048,68,F,2,,4,291,Churned
104049,33,Male,3,27149.77,0,9,Active
104050,39,Male,52,15334.87,0,224,Active
104051,26,Male,55,63698.9,1,39,Active
104052,37,Female,53,5187.08,4,38,Churned
104053,40,Male,40,60776.76,0,271,Active
104054,37,Male,39,8649.09,4,109,Churned
104055,22,Female,43,47292.02,1,346,Active
104056,37,Female,13,36301.5,2,381,Churned
104057,52,Female,37,74892.05,4,60,Churned
104058,40,M,55,29706.14,1,62,Active
104059,46,Male,32,71839.22,1,31,ACTIVE
104060,32,Male,14,30879.76,1,30,Active
104061,43,Female,65,51445.84,2,66,Churned
104062,38,Female,27,48630.93,0,263,Active
104063,23,Female,24,7397.44,2,158,Active
104064,-5,Male,22,56009.07,2,161,Active
104065,23,Male,45,16441.4,1,368,Churned
104066,27,Female,8,29744.63,0,359,Churned
104067,37,M,67,58882.86,2,111,Active
104068,38,F,64,70879.21,0,38,Active
104069,20,Female,47,42425.47,5,212,Churned
104070,47,Female,21,39434.45,0,137,Active
104071,41,M,32,,2,342,Churned
104072,26,Female,45,61425.79,0,158,Active
104073,16,Female,44,,2,134,Active
104074,33,F,41,47885.74,1,189,Churned
104075,29,Female,52,29018.06,1,165,ACTIVE
104076,36,F,11,17181.16,0,79,Active
104077,30,Male,18,15712.77,5,252,Churned
104078,10,Female,11,64355.17,0,206,Active
104079,30,M,27,74434.05,4,148,ACTIVE
104080,31,Male,43,52651.29,1,286,Active
104081,42,Female,65,71731.34,0,18,Churned
104082,26,Male,54,26899.67,1,191,Active
104083,55,M,29,47442.05,1,185,ACTIVE
104084,12,Female,21,38864.66,2,217,Active
104085,50,Male,29,36669.34,0,88,Active
104086,32,Female,9,47795.65,5,95,Active
104087,45,Female,61,23965.07,1,274,Active
104088,35,Female,62,48406.05,0,61,Active
104089,48,Female,71,50791.75,1,82,Active
104090,30,F,5,62872.39,0,78,Active
104091,21,Female,15,55055.62,0,196,Churned
104092,52,Female,57,24663.31,0,391,Active
104093,999,Male,5,34359.2,3,391,Active
104094,37,F,20,9907.97,0,321,CHURNED
104095,49,Male,4,20039.77,2,40,Churned
104096,22,Female,56,39549.93,0,372,Active
104097,42,M,34,8456.3,0,24,Active
104098,27,Male,40,43224.87,0,160,Active
104099,33,Female,69,,3,266,Churned
104100,35,Male,68,3572.7,0,137,Active
104101,16,Female,22,33149.14,0,39,active
104102,999,Female,14,21804.37,0,387,Active
104103,-5,M,68,5956.33,0,108,ACTIVE
104104,45,F,8,22709.37,4,227,Active
104105,34,Female,67,22763.04,4,69,Active
104106,37,Female,46,27275.45,0,263,CHURNED
104107,31,Female,29,,0,396,Churned
104108,51,Male,12,32803.09,2,279,Active
104109,32,Female,52,7804.9,0,345,Active
104110,37,F,58,1390.56,3,17,active
104111,48,Female,2,55464.54,0,334,Active
104112,25,Male,1,25963.64,0,227,Active
104113,53,Male,55,46407.27,0,192,Active
104114,16,Female,34,23720.58,3,321,Active
104115,54,Male,64,73829.86,0,342,Active
104116,30,Female,68,24341.43,0,28,Active
104117,32,Female,12,45773.29,0,314,CHURNED
104118,12,Female,50,17277.87,0,215,Active
104119,29,Male,21,39317.38,0,18,Churned
104120,22,Female,10,43870.48,0,110,ACTIVE
104121,27,M,70,14528.98,5,121,Churned
104122,33,,14,10150.5,0,300,ACTIVE
104123,46,Female,40,73046.5,0,64,Churned
104124,37,Male,30,67101.8,4,37,Active
104125,38,,14,49844.97,3,3,Active
104126,21,Female,52,64718.02,1,270,Active
104127,24,Male,17,8071.47,1,135,Active
104128,999,Male,62,54973.84,3,83,active
104129,26,Male,22,22134.72,0,207,Churned
104130,54,Male,53,40922.5,1,167,Churned
104131,32,Male,32,57596.23,0,133,Active
104132,35,F,55,3477.47,0,79,Churned
104133,47,Female,22,52418.03,0,308,Churned
104134,50,Female,38,33180.14,2,109,Active
104135,33,M,50,33535.79,3,26,Active
104136,-5,Female,66,68138.58,1,167,Churned
104137,34,F,45,,0,173,Active
104138,39,,8,5257.5,1,333,Active
104139,45,Female,65,46755.34,2,31,Active
104140,35,,40,33252.62,1,151,Churned
104141,42,Female,5,9718.27,1,40,Active
104142,54,Male,45,63977.8,0,288,Active
104143,39,Female,46,6291.82,1,357,Churned
104144,38,Female,36,3375.21,0,260,CHURNED
104145,16,F,17,15616.15,1,81,Active
104146,3,Male,41,23450.06,3,340,Active
104147,39,Female,30,5505.18,0,174,Active
104148,33,Male,52,48457.05,0,75,Active
104149,28,Male,20,33349.1,5,42,Active
104150,37,Male,36,31501.98,3,97,Churned
104151,34,Female,66,11755.21,0,167,Churned
104152,48,M,45,₹33396.39,0,198,Active
104153,36,Male,4,29872.28,0,103,Active
104154,26,Female,50,29389.56,0,47,Active
104155,46,Male,55,17173.96,3,166,Churned
104156,32,Male,59,7988.36,0,18,active
104157,41,Female,42,20292.39,2,2,Churned
104158,29,Male,2,50377.99,4,105,Churned
104159,27,Female,46,6396.33,0,102,Active
104160,36,Male,2,,0,182,Active
104161,-5,Male,50,39063.84,3,209,Active
104162,40,Female,1,72273.23,2,344,Active
104163,31,Female,13,63443.05,0,216,Active
104164,12,Male,70,68829.39,1,260,Active
104165,29,Female,22,61680.11,3,7,Active
104166,44,M,17,44594.48,0,207,Churned
104167,999,Female,59,64698.22,0,57,Active
104168,32,Male,70,42828.31,0,30,Churned
104169,46,Female,3,27473.35,99,251,Active
104170,26,Female,70,28553.31,0,221,Active
104171,16,Male,49,42844.17,0,241,ACTIVE
104172,33,M,50,60898.53,0,172,Churned
104173,29,F,35,₹10890.3,5,245,Active
104174,23,M,23,3905.63,0,205,Active
104175,32,M,7,59428.08,2,231,active
104176,40,Female,50,48921.81,0,346,Active
104177,34,Female,10,61776.96,2,36,Active
104178,38,Female,55,73274.06,2,99,Active
104179,56,M,19,19603.16,0,369,Active
104180,30,Female,23,15377.61,0,258,Active
104181,38,Male,64,26232.41,0,142,Active
104182,28,Male,33,65969.21,0,208,active
104183,24,F,66,2033.33,2,113,Active
104184,27,Male,9,1779.39,0,100,Churned
104185,29,Female,29,17042.19,1,104,ACTIVE
104186,39,,18,28817.81,0,240,Churned
104187,63,Female,71,23373.61,0,368,Active
104188,-5,,29,62043.92,0,241,Active
104189,30,Female,61,52039.46,0,291,ACTIVE
104190,34,Male,5,62999.69,0,149,active
104191,39,M,69,29398.26,1,220,Active
104192,38,Male,56,45089.96,0,82,Active
104193,50,Female,52,39143.7,3,288,active
104194,5,Male,15,36129.76,3,151,ACTIVE
104195,6,Male,20,22319.64,3,134,Active
104196,29,Female,16,53482.33,5,285,active
104197,48,Male,25,39778.19,4,319,Active
104198,16,Female,57,6816.61,0,225,Active
104199,-1,M,21,1038.66,0,125,Churned
104200,41,Male,5,2503.61,1,96,Active
104201,37,Male,9,6620.3,0,337,Active
104202,21,Female,11,28450.61,5,388,CHURNED
104203,23,Female,65,23619.26,0,240,Active
104204,23,F,63,12591.54,2,314,Active
104205,36,Male,26,39143.25,1,374,Churned
104206,27,M,19,72793.42,5,85,Active
104207,40,Female,16,12891.55,2,84,Active
104208,0,Female,56,19543.77,0,343,Active
104209,24,Male,68,35195.62,0,272,Churned
104210,21,Female,30,48422.22,3,6,Active
104211,31,Male,7,45418.5,4,7,Active
104212,28,Male,12,39568.75,3,14,Active
104213,44,Female,24,55557.85,2,3,CHURNED
104214,12,M,22,63599.97,0,225,Churned
104215,35,Female,47,74923.55,1,305,Churned
104216,41,Female,30,35447.78,4,292,Churned
104217,57,Female,60,74626.79,0,285,Churned
104218,29,Female,39,55056.96,0,388,Active
104219,38,,20,49643.29,0,168,Active
104220,13,Female,26,48336.55,1,132,Active
104221,6,Male,49,68395.08,1,121,Active
104222,45,Male,69,71147.14,1,236,Active
104223,34,Female,42,14208.51,0,23,Active
104224,49,Female,6,37513.36,0,102,Active
104225,18,Male,53,70667.29,2,132,Active
104226,41,M,34,29276.35,99,274,Active
104227,57,Female,69,18218.06,0,1,Active
104228,40,Female,10,8596.34,0,32,Active
104229,38,Male,28,45194.1,2,149,ACTIVE
104230,35,Male,3,52820.19,0,166,ACTIVE
104231,16,F,48,,0,297,CHURNED
104232,51,M,66,50849.22,1,177,Active
104233,27,Male,35,67571.82,1,341,Churned
104234,41,Male,52,19024.88,0,93,Active
104235,16,Female,62,10027.99,99,117,Active
104236,20,Male,52,62821.37,0,96,Churned
104237,52,Female,47,68817.04,0,59,Churned
104238,30,,54,16899.78,0,388,Active
104239,52,Male,28,54382.16,2,141,Churned
104240,34,Male,23,44728.04,3,317,Churned
104241,12,F,35,18700.54,0,51,Churned
104242,45,Male,32,61950.67,0,255,ACTIVE
104243,27,,2,35812.37,0,91,Active
104244,43,Female,16,52824.71,0,321,Churned
104245,35,F,16,23305.29,1,305,Churned
104246,16,Male,51,61367.84,2,177,ACTIVE
104247,36,Male,67,,0,103,Active
104248,61,Female,54,27994.26,5,142,Active
104249,40,Female,20,29968.72,2,30,ACTIVE
104250,34,Male,33,16275.59,0,142,ACTIVE
104251,47,,8,65703.34,0,203,Active
104252,37,M,24,9398.1,0,223,Churned
104253,37,Female,53,42671.55,1,348,Active
104254,21,Male,64,61247.16,1,318,Active
104255,37,Female,58,43986.97,1,3,Active
104256,47,Female,37,25190.34,0,39,Active
104257,24,Female,12,58820.27,0,275,Active
104258,52,F,4,37939.13,3,361,Churned
104259,33,Male,31,13062.95,3,98,ACTIVE
104260,24,Male,38,24447.88,4,128,Active
104261,46,Male,37,44803.55,5,167,Active
104262,31,Female,14,49749.46,0,266,Churned
104263,44,Female,24,41561.77,0,384,Active
104264,31,Male,10,21128.7,3,345,Active
104265,34,Male,38,44937.7,4,151,Active
104266,40,Male,43,25601.41,0,248,CHURNED
104267,38,Male,37,17644.16,0,59,ACTIVE
104268,11,Female,42,70969.12,0,218,Churned
104269,21,Male,32,,2,83,Active
104270,46,Male,14,25835.91,2,102,Churned
104271,33,M,4,67361.46,2,148,active
104272,28,Female,24,11559.28,0,244,Active
104273,18,Female,10,44260.02,0,300,Active
104274,22,Male,16,58994.59,0,274,Churned
104275,10,Male,39,21251.24,0,48,Active
104276,33,Female,18,63462.0,5,331,Active
104277,27,Male,25,57954.02,0,250,Active
104278,23,Male,7,36970.96,0,217,Active
104279,34,M,56,9784.96,2,235,Active
104280,39,F,47,72787.93,0,1,active
104281,60,Male,3,47193.04,4,97,Active
104282,16,Male,1,39265.28,0,263,Active
104283,48,,33,66523.27,3,351,Churned
104284,46,Male,71,32180.36,3,90,Active
104285,25,Female,59,42709.46,0,199,ACTIVE
104286,37,,32,64522.56,0,100,Churned
104287,29,,17,30079.94,0,152,Active
104288,37,Female,17,58156.98,0,69,Active
104289,53,Male,21,19954.2,0,214,Active
104290,42,Male,55,52975.02,4,108,active
104291,41,F,6,38772.18,0,164,Active
104292,29,F,49,13203.1,0,306,Active
104293,17,Female,26,,0,248,CHURNED
104294,32,Female,32,34868.93,2,302,Active
104295,49,Female,44,53602.69,4,198,Active
104296,16,Female,59,45643.9,0,279,ACTIVE
104297,22,M,29,64249.65,0,12,Active
104298,36,Female,17,29834.96,0,156,Churned
104299,23,Female,18,63429.52,0,186,Churned
104300,25,Male,40,3740.11,1,236,Active
104301,29,Female,63,28069.54,0,317,Active
104302,18,Female,45,6400.75,3,224,Churned
104303,23,Male,3,69024.07,0,34,Active
104304,43,M,3,36173.1,4,350,Churned
104305,19,Female,38,24395.58,0,101,Active
104306,15,F,40,37444.09,3,254,Active
104307,27,Male,68,40430.61,4,274,Active
104308,43,Female,54,63621.2,5,376,Active
104309,32,Male,20,41139.65,3,163,Active
104310,29,F,15,32922.23,0,37,Churned
104311,999,Male,5,72140.23,0,297,Active
104312,14,Female,39,72673.3,2,390,Active
104313,40,Female,40,3842.84,3,211,Active
104314,39,Male,7,53306.59,0,384,Active
104315,30,,33,28510.1,4,86,Active
104316,47,M,37,50964.78,1,91,Churned
104317,21,Male,32,48132.26,0,251,Active
104318,48,Male,43,25427.73,0,208,Active
104319,36,Male,63,74012.75,0,295,Active
104320,30,Male,36,27426.1,0,260,Active
104321,34,F,49,47766.64,2,308,Active
104322,33,,25,61190.59,0,113,Active
104323,49,Male,66,11764.41,1,275,Active
104324,22,Female,9,23242.06,2,92,ACTIVE
104325,25,Female,18,15723.98,3,377,Churned
104326,47,Male,22,58854.86,1,273,Churned
104327,27,Male,15,60289.43,1,173,Churned
104328,45,Male,7,19939.85,4,130,active
104329,55,Female,13,,0,386,Active
104330,30,Female,36,32327.94,0,88,active
104331,43,Female,16,51848.18,3,246,ACTIVE
104332,21,Male,41,47065.16,0,55,Active
104333,44,M,21,33981.78,0,347,ACTIVE
104334,37,Female,28,23343.68,0,4,ACTIVE
104335,40,F,17,36104.66,0,379,Active
104336,27,Female,65,2117.61,2,356,ACTIVE
104337,15,F,13,6466.43,0,396,Active
104338,41,M,36,13038.08,0,316,Churned
104339,-5,Female,58,47280.0,3,29,Active
104340,31,Male,20,17191.14,1,189,Active
104341,46,F,52,32330.04,1,46,active
104342,37,Female,6,46984.4,0,97,Active
104343,58,F,23,62462.68,0,49,Churned
104344,47,Female,42,41674.58,0,120,Churned
104345,27,Female,24,14107.36,1,146,Churned
104346,-5,Male,5,71428.72,1,332,Churned
104347,34,Male,32,7661.12,1,249,CHURNED
104348,16,,46,28166.83,3,74,Active
104349,23,Male,17,69177.97,0,273,Active
104350,28,Male,27,45572.68,0,107,CHURNED
104351,10,Female,68,50036.27,1,352,Active
104352,35,Female,23,23325.26,1,184,Churned
104353,32,Male,34,6811.85,0,345,ACTIVE
104354,14,Male,21,,0,308,CHURNED
104355,39,Female,22,30759.64,3,71,CHURNED
104356,43,Male,65,21000.15,1,20,Churned
104357,37,Female,32,16945.92,0,157,Churned
104358,31,Male,62,27307.64,4,339,Active
104359,42,M,28,48316.85,0,225,Active
104360,43,M,7,71228.57,4,178,Active
104361,38,Female,54,53079.77,0,375,Active
104362,25,Male,70,,1,118,active
104363,38,Female,14,23648.96,1,399,Churned
104364,49,Female,55,8747.24,1,159,Active
104365,27,Male,58,22572.0,0,13,Active
104366,60,M,44,30796.41,1,56,Active
104367,28,Female,46,52051.22,0,240,Active
104368,35,M,14,70512.53,0,275,Churned
104369,26,Male,44,60887.65,0,326,active
104370,37,Male,41,20713.62,1,156,Active
104371,14,,2,61702.25,0,80,Active
104372,28,Female,5,31469.26,0,114,CHURNED
104373,21,Female,12,13982.47,0,33,Churned
104374,36,Female,47,35132.76,0,114,Active
104375,46,Male,35,42678.32,1,371,Active
104376,42,Female,19,57491.98,1,63,Active
104377,6,Male,63,26892.34,0,26,Active
104378,59,Female,8,11861.67,4,87,Active
104379,38,Female,23,7982.16,1,257,active
104380,25,F,13,9321.0,3,93,Active
104381,36,Female,23,71301.73,1,200,Active
104382,37,Male,31,71429.59,0,362,Active
104383,26,Female,30,72687.98,1,387,Active
104384,37,Male,42,23384.18,0,205,Churned
104385,27,Male,2,15179.47,1,84,Active
104386,30,Male,11,73587.67,5,107,Churned
104387,26,Female,25,74131.54,0,247,Active
104388,17,Male,29,6797.93,0,372,Active
104389,36,Female,22,56687.08,0,5,Active
104390,42,F,19,22361.13,0,268,Churned
104391,41,Female,41,68288.11,2,304,active
104392,44,Male,38,7602.65,0,14,Churned
104393,38,Male,29,,0,309,CHURNED
104394,28,Female,22,1193.97,1,218,Active
104395,45,F,8,39626.36,1,234,Churned
104396,18,Male,47,25831.72,1,45,CHURNED
104397,24,M,6,32622.7,0,160,Active
104398,23,Female,7,33100.06,2,158,Active
104399,47,Female,36,49366.63,0,268,Active
104400,46,,8,2709.19,0,100,Active
104401,40,Female,46,52160.94,0,83,Active
104402,47,M,64,2642.66,1,44,Active
104403,24,Male,31,14710.26,0,153,Active
104404,39,Female,23,45898.88,0,170,Active
104405,33,Female,61,7396.37,2,21,Churned
104406,45,Male,50,74326.87,0,250,Active
104407,33,Female,46,59044.42,5,189,Churned
104408,30,Male,43,53219.28,5,322,Churned
104409,41,Male,10,20808.39,1,357,Churned
104410,45,Male,20,4593.8,2,21,Active
104411,26,Female,16,73429.79,1,282,Churned
104412,34,F,3,11940.77,0,160,Active
104413,22,Female,30,62461.98,1,219,Active
104414,5,Female,18,15616.29,2,17,Churned
104415,37,Male,59,28683.06,2,4,Churned
104416,42,F,70,52325.63,3,39,Active
104417,38,Female,35,70957.0,4,271,Active
104418,11,Female,19,2463.89,0,289,Active
104419,30,Female,26,20296.84,2,189,Churned
104420,8,Male,35,57607.46,1,142,active
104421,51,Female,57,13831.14,3,346,Churned
104422,21,,49,9247.68,0,303,Active
104423,50,Male,10,4417.67,2,130,Active
104424,46,Female,29,38184.26,0,346,Active
104425,-5,,71,57812.29,0,322,Churned
104426,21,Male,68,72168.36,0,176,Churned
104427,39,M,24,20793.96,5,194,active
104428,24,F,43,9981.56,1,337,Active
104429,36,Female,39,30788.94,1,274,CHURNED
104430,29,Male,25,5102.58,0,179,Churned
104431,13,Male,68,25520.61,1,240,Active
104432,8,Male,34,48587.92,4,132,Active
104433,37,M,53,13444.29,0,81,Churned
104434,28,M,55,47758.88,5,161,Active
104435,28,Female,53,72924.23,0,181,active
104436,43,Male,18,64950.79,5,269,Active
104437,49,Male,7,27405.78,1,327,Active
104438,31,Female,63,32190.72,0,58,Churned
104439,30,Female,42,32029.73,0,191,Churned
104440,41,F,11,64632.67,0,321,Churned
104441,18,Female,9,74543.2,0,360,Active
104442,37,M,35,62116.28,1,42,Active
104443,41,Female,65,42300.75,0,95,Active
104444,43,Female,5,8205.09,5,356,Churned
104445,11,Female,26,71631.83,2,89,Churned
104446,25,F,51,64643.39,4,109,Churned
104447,24,Female,38,63264.4,2,370,Churned
104448,36,Male,3,29994.52,0,233,Active
104449,-5,Male,59,34090.68,0,296,Churned
104450,52,Male,13,9854.97,1,350,active
104451,29,Female,35,70402.6,2,102,Active
104452,29,Male,3,70799.34,3,21,Churned
104453,48,Male,53,19828.65,0,83,Active
104454,38,Female,55,52504.58,1,161,Active
104455,50,Male,45,16058.24,1,367,Active
104456,38,M,66,30078.08,1,198,Active
104457,21,Female,67,23376.22,0,42,Churned
104458,19,Female,44,29829.73,0,37,Active
104459,16,Male,68,23863.98,3,200,CHURNED
104460,42,Male,62,26551.56,3,385,active
104461,49,Female,25,59538.46,1,333,active
104462,57,M,52,23202.01,5,154,Active
104463,45,Female,50,61287.46,3,369,Active
104464,48,Male,1,43026.24,2,39,Active
104465,28,Female,39,58752.91,1,47,CHURNED
104466,21,Male,52,68997.91,1,312,Active
104467,45,,40,11243.45,0,110,Active
104468,40,,60,26447.88,1,186,Active
104469,36,Female,69,5111.25,1,185,active
104470,39,Female,20,31111.34,0,327,active
104471,38,M,2,18567.82,5,216,Active
104472,50,Female,9,43304.22,0,110,Active
104473,50,Female,39,58970.85,0,200,Active
104474,41,,30,36991.08,0,173,Churned
104475,45,Female,54,25688.07,1,321,Active
104476,41,Female,58,12289.17,0,4,Active
104477,29,M,44,2985.43,0,61,Churned
104478,44,Female,43,51163.34,0,171,Active
104479,18,Female,10,3260.39,0,361,Churned
104480,47,Male,48,69142.06,0,147,Active
104481,20,Male,17,44973.02,0,342,Churned
104482,38,Male,5,27143.85,0,356,Churned
104483,24,Female,70,4101.61,0,129,Active
104484,41,Female,64,31598.0,2,147,Churned
104485,34,,66,65180.17,0,51,Churned
104486,15,Female,71,72766.93,0,64,CHURNED
104487,40,Female,4,,0,63,Churned
104488,28,Male,28,,0,285,ACTIVE
104489,45,M,38,20118.46,3,43,Churned
104490,35,Female,66,29078.33,0,70,Churned
104491,39,Female,67,41527.77,5,256,Churned
104492,23,Male,60,74609.93,0,295,Active
104493,27,Female,47,16452.3,0,23,Active
104494,29,Female,25,10656.88,3,257,Active
104495,45,Female,66,45028.3,5,61,Active
104496,55,F,67,64125.63,0,207,Churned
104497,25,F,69,48967.97,0,281,Active
104498,47,,40,26720.65,1,132,Active
104499,8,Female,50,73296.71,1,365,Active
104500,20,,40,74632.37,5,364,Active
104501,23,M,37,58028.03,0,1,Active
104502,18,Male,69,60378.81,0,40,Churned
104503,15,Female,17,57302.28,1,277,Churned
104504,39,Male,62,20066.91,0,247,Active
104505,32,Male,41,12119.55,0,138,Churned
104506,39,Male,42,42022.16,0,322,Active
104507,43,Male,31,71606.82,0,17,active
104508,38,Female,33,65993.63,5,124,ACTIVE
104509,42,Female,43,8907.62,0,397,ACTIVE
104510,34,Male,67,5217.35,3,91,Active
104511,20,Female,38,65659.04,1,246,Active
104512,47,M,41,46363.12,3,113,Churned
104513,27,,63,23519.76,0,126,Active
104514,23,Female,40,42570.84,99,266,ACTIVE
104515,32,Female,30,17403.48,1,241,Active
104516,24,Male,47,71074.43,0,138,Churned
104517,29,Male,22,62212.63,0,246,Active
104518,39,Male,55,72205.61,4,238,Active
104519,999,Female,43,14842.23,1,303,Churned
104520,24,,61,63431.61,0,9,Active
104521,29,Male,32,42461.14,2,46,Active
104522,47,Male,4,25049.41,0,373,ACTIVE
104523,40,Male,45,36495.09,3,359,Active
104524,59,Female,20,70884.41,1,124,Churned
104525,49,Male,71,52167.51,0,68,CHURNED
104526,48,Female,65,27633.75,0,365,Active
104527,18,Male,60,74992.58,0,324,Churned
104528,44,Female,26,26584.98,4,132,ACTIVE
104529,34,Male,23,61215.26,1,361,Active
104530,28,Female,40,59043.92,2,385,ACTIVE
104531,37,Male,2,54496.57,0,237,Active
104532,46,Female,26,50538.29,0,213,Active
104533,41,Female,62,,3,59,active
104534,24,Female,44,74626.74,0,153,Active
104535,43,Female,31,12917.17,0,393,Active
104536,27,Male,26,45113.92,0,281,Active
104537,37,Male,5,19436.94,1,82,Active
104538,31,Female,70,13489.54,0,238,Active
104539,32,Female,35,42400.44,0,312,Active
104540,44,Female,16,62889.47,1,49,Active
104541,22,Female,31,28893.98,1,65,Active
104542,58,M,14,6710.5,0,189,Churned
104543,13,Female,25,47158.16,0,9,Active
104544,27,Male,71,57715.84,2,394,Active
104545,39,Female,18,22910.25,4,368,Active
104546,42,Male,50,52103.64,0,395,Churned
104547,-5,Female,20,6608.48,0,96,Churned
104548,34,Male,56,27745.7,0,85,Active
104549,39,Male,2,,0,36,Active
104550,32,M,26,58865.31,0,83,Active
104551,51,Female,23,₹26022.49,1,163,Active
104552,45,Male,32,34573.78,1,214,ACTIVE
104553,45,Male,13,47498.2,1,388,Churned
104554,23,Female,13,47181.92,0,221,Active
104555,34,F,17,39314.26,1,318,ACTIVE
104556,31,Female,58,25307.13,0,319,Churned
104557,22,,27,50574.42,0,392,Churned
104558,999,Male,17,62949.42,2,119,active
104559,28,Female,38,12382.24,0,76,active
104560,42,Female,14,26194.17,0,69,Active
104561,22,Female,14,50487.38,1,94,Churned
104562,55,Male,12,56927.39,1,319,Active
104563,24,Female,69,58828.01,0,317,Active
104564,37,Female,68,49342.13,0,355,Active
104565,44,Female,55,36392.0,1,293,Active
104566,28,Female,63,48789.17,5,254,Churned
104567,45,Female,29,10993.3,99,4,Active
104568,20,Female,45,16374.33,5,56,Active
104569,52,Male,4,69637.3,0,43,Active
104570,35,Female,16,69240.65,0,277,Active
104571,27,Female,66,54567.4,0,58,Churned
104572,31,,23,25201.49,0,250,active
104573,-5,Male,68,49014.16,0,144,Churned
104574,27,Female,20,51896.58,1,309,Active
104575,26,Male,17,39118.51,0,18,Churned
104576,32,Male,52,56390.91,0,313,Churned
104577,20,Female,6,3197.13,1,351,Active
104578,56,Female,39,19960.34,0,166,Active
104579,28,Male,34,59789.33,0,379,Active
104580,44,Female,54,70463.83,1,32,Active
104581,37,M,65,65830.5,0,112,Churned
104582,23,,29,54020.51,2,225,ACTIVE
104583,34,Male,41,13246.76,5,275,Active
104584,44,Female,63,28285.24,0,340,Active
104585,32,Female,32,4715.74,1,304,Active
104586,49,Male,66,48349.77,0,74,ACTIVE
104587,47,Female,45,,5,154,CHURNED
104588,46,Female,17,43402.88,0,110,Churned
104589,29,Male,43,73472.12,3,338,Churned
104590,22,,66,30766.68,1,173,Active
104591,27,M,68,23696.55,2,271,Active
104592,37,Female,34,12144.74,5,146,Active
104593,41,Female,1,11627.13,0,287,active
104594,8,Male,23,,0,399,Churned
104595,34,Female,6,56442.88,2,102,Active
104596,36,Male,16,,3,15,Active
104597,31,F,2,65623.66,1,249,Active
104598,50,Male,27,24374.56,3,65,Active
104599,40,Male,19,45033.45,2,361,Churned
104600,50,Female,28,49931.89,5,174,CHURNED
104601,32,Male,35,21771.08,1,331,ACTIVE
104602,46,Female,68,30326.5,0,358,Active
104603,54,Female,49,44729.55,1,30,Churned
104604,50,M,7,2548.87,0,41,Active
104605,21,Female,37,66609.21,0,67,Active
104606,31,Male,25,9218.74,2,273,Active
104607,30,Male,41,4519.28,0,26,Churned
104608,40,Female,62,16912.61,0,118,Active
104609,43,Female,41,38171.53,0,329,ACTIVE
104610,24,Female,14,25323.61,0,209,Churned
104611,35,Male,54,33570.77,1,357,Churned
104612,10,Male,2,7236.06,0,248,Active
104613,52,Male,48,18249.74,2,95,Active
104614,28,Male,51,8226.9,0,314,Active
104615,35,Male,55,17998.29,0,95,Active
104616,31,Female,12,53044.87,0,102,Churned
104617,48,Male,69,43571.52,0,214,Active
104618,0,Female,1,25713.85,2,131,Churned
104619,34,Female,59,20330.82,0,376,Active
104620,-5,Male,34,74817.06,0,382,Churned
104621,29,Female,46,57822.21,0,369,Churned
104622,55,Female,59,61831.27,2,132,Active
104623,24,Female,66,,1,102,active
104624,44,M,19,5409.42,2,57,Active
104625,39,Male,28,53733.47,0,193,active
104626,50,F,40,15195.63,1,255,Churned
104627,26,Female,57,32498.5,0,162,Active
104628,26,Female,51,14628.33,3,32,Active
104629,48,M,22,14103.32,2,172,Active
104630,40,M,68,9071.69,0,97,CHURNED
104631,16,Female,8,44975.25,1,139,Active
104632,28,Female,60,55708.3,0,292,Active
104633,39,Female,65,5206.5,0,141,Active
104634,45,Female,36,21390.84,1,313,ACTIVE
104635,26,Male,71,49719.26,0,153,Churned
104636,0,Male,29,₹30031.39,0,198,Active
104637,41,M,65,53145.28,0,346,Active
104638,20,Male,56,57182.89,3,132,Churned
104639,10,Male,4,3389.76,4,365,active
104640,1,Female,50,29183.62,0,26,Active
104641,44,Male,39,54956.28,0,269,ACTIVE
104642,36,Male,35,29002.78,0,72,Active
104643,32,Female,25,1431.66,0,303,Active
104644,51,Female,44,25886.42,0,381,Churned
104645,42,Female,47,65576.3,0,208,Churned
104646,54,Female,40,71443.48,3,170,Active
104647,18,Female,31,42478.23,1,231,Churned
104648,34,Female,69,23670.65,0,384,Churned
104649,15,Female,43,35488.75,0,287,Churned
104650,32,Female,55,18479.06,0,168,Active
104651,32,F,16,13441.3,0,215,Churned
104652,42,Female,68,37521.61,1,116,CHURNED
104653,35,Male,69,55514.62,0,144,Churned
104654,42,Male,42,17462.4,4,312,Active
104655,43,Female,41,68305.76,0,330,Active
104656,60,Male,50,13448.85,1,36,active
104657,31,Female,6,42322.46,3,223,Active
104658,23,M,53,58452.36,0,236,Churned
104659,37,Female,17,16790.75,1,352,Active
104660,25,Male,57,22936.89,0,336,Active
104661,52,Female,67,4809.83,0,184,Active
104662,31,Male,16,70852.18,0,242,Active
104663,28,Female,52,37035.94,0,304,Active
104664,29,Female,34,5758.66,0,208,Churned
104665,43,Male,20,62429.38,0,58,Active
104666,33,F,56,43131.47,3,271,Active
104667,27,Male,51,5091.07,4,399,ACTIVE
104668,54,,53,34366.35,0,149,Active
104669,24,Male,49,33145.83,0,64,Churned
104670,35,Male,4,,0,135,Churned
104671,42,Male,18,32107.59,0,308,Active
104672,15,Male,36,21927.72,0,19,Active
104673,40,Female,35,52795.7,1,381,Active
104674,22,Female,30,1406.4,0,86,active
104675,44,Female,63,8871.82,0,174,Active
104676,23,Male,21,68980.01,2,38,Churned
104677,43,Female,52,33066.67,0,141,Active
104678,48,Female,69,14037.47,1,300,Active
104679,45,Female,41,59698.76,0,199,Active
104680,38,Female,54,64017.85,1,35,Active
104681,32,Female,30,16629.84,3,131,Active
104682,28,Male,56,53806.4,1,227,Active
104683,52,Female,41,46520.04,1,367,Active
104684,26,Female,14,56134.2,0,144,Active
104685,22,Female,21,59304.48,0,144,ACTIVE
104686,42,Male,25,49909.25,0,194,Active
104687,25,Male,50,71760.05,4,358,Active
104688,23,Male,53,64952.75,1,337,Active
104689,999,Male,48,17943.89,0,166,Churned
104690,29,Male,70,68603.87,1,24,ACTIVE
104691,34,M,48,27610.2,1,215,Active
104692,37,Female,4,54764.1,4,364,Active
104693,46,Female,24,63752.76,0,313,Churned
104694,41,Male,31,33291.41,3,236,Active
104695,32,F,29,4811.63,1,123,Active
104696,32,Male,5,71274.95,0,56,Active
104697,41,Female,67,6363.52,0,86,ACTIVE
104698,50,,53,26760.11,0,322,Active
104699,36,Female,64,45137.1,0,78,Active
104700,29,,35,9697.72,1,92,Churned
104701,23,Female,12,63027.27,0,333,Active
104702,17,Male,47,16053.24,0,248,ACTIVE
104703,42,Male,55,73964.27,0,102,active
104704,41,Male,69,68816.07,1,337,Churned
104705,41,Male,38,45737.15,3,73,Churned
104706,33,Female,29,49840.75,2,318,Churned
104707,51,Male,12,40486.88,3,232,Active
104708,29,M,19,29941.69,1,14,Churned
104709,46,Male,9,27026.4,1,194,Active
104710,34,Female,29,66982.46,0,234,active
104711,27,,3,43669.86,2,188,Churned
104712,42,Male,30,,0,277,Active
104713,39,Female,58,39041.26,0,30,CHURNED
104714,39,Female,53,23719.84,2,25,active
104715,35,Male,4,7790.2,2,187,Churned
104716,34,Female,57,24953.56,0,231,Churned
104717,63,Male,54,66128.7,0,355,Active
104718,49,Female,28,53685.13,0,134,Churned
104719,43,Female,16,59151.41,4,131,Active
104720,36,Female,13,58234.13,0,112,CHURNED
104721,47,Female,56,9877.96,5,367,Churned
104722,41,Male,53,12755.68,99,129,Active
104723,35,Female,48,24475.7,2,65,Active
104724,31,M,25,23276.13,2,26,Active
104725,34,M,66,5890.0,5,18,Active
104726,-3,Female,30,12356.89,0,134,Active
104727,37,Female,3,64361.04,0,203,Active
104728,29,,23,44589.32,3,254,Churned
104729,54,Male,29,26328.94,0,40,Active
104730,35,Female,41,39959.36,0,30,Active
104731,20,Male,11,20337.19,0,78,Active
104732,34,,21,44204.33,0,330,Active
104733,22,Female,24,6522.69,0,249,Active
104734,40,Female,65,67796.15,0,287,Active
104735,38,Male,1,18793.05,0,164,Active
104736,46,Female,54,61611.59,1,335,Active
104737,25,Female,34,49839.92,4,48,Active
104738,35,Female,68,39702.51,0,78,ACTIVE
104739,18,Male,29,69804.94,0,111,Active
104740,43,Female,3,12604.18,0,343,Active
104741,41,Male,11,9826.53,5,273,Active
104742,-5,Female,8,24817.65,0,283,Active
104743,35,Male,62,62436.37,0,364,Churned
104744,39,Male,33,3604.91,0,254,Active
104745,54,Male,8,18716.02,1,126,Active
104746,31,Male,25,32427.96,0,398,Churned
104747,36,Male,26,53757.63,2,171,Active
104748,21,F,26,23149.17,1,203,Churned
104749,24,Female,17,34160.32,1,129,Churned
104750,36,Male,29,25926.94,0,280,Active
104751,48,Female,43,7812.46,1,8,Active
104752,31,Female,5,55662.02,1,286,Active
104753,32,F,50,35142.08,0,382,Active
104754,30,Male,56,61125.9,2,18,Churned
104755,28,Male,63,52407.28,0,333,Active
104756,38,,57,5278.32,2,122,Churned
104757,17,Male,45,38005.62,0,126,ACTIVE
104758,50,Male,37,74323.32,1,367,active
104759,27,Male,36,23782.4,0,228,Active
104760,999,Male,33,37478.9,0,83,Active
104761,19,,6,49250.4,3,397,ACTIVE
104762,43,Male,71,15967.65,0,188,Active
104763,43,F,45,52985.53,1,154,Active
104764,39,,7,49823.47,4,124,Active
104765,23,Female,65,28747.07,0,393,Active
104766,37,Male,24,22048.51,1,354,Active
104767,20,Male,45,69013.6,0,309,Active
104768,31,Female,61,10399.74,0,95,Active
104769,47,Female,19,32970.28,0,122,Churned
104770,44,Female,32,57756.79,2,362,Active
104771,35,Female,30,11962.15,0,71,Active
104772,23,F,65,70036.64,0,393,Active
104773,42,Female,32,39942.68,1,104,Churned
104774,35,Female,57,38356.36,0,154,Active
104775,999,F,20,32396.53,4,244,CHURNED
104776,44,Male,30,65191.31,1,371,ACTIVE
104777,34,Male,59,71184.66,5,161,Active
104778,49,Male,62,29125.03,0,161,Active
104779,21,Male,67,41137.13,0,377,Churned
104780,-3,Female,31,24341.31,0,180,Active
104781,38,Male,66,28233.24,3,168,Active
104782,38,Female,54,3096.68,1,388,Active
104783,14,,10,59159.23,3,54,Active
104784,23,Male,38,72730.65,0,239,ACTIVE
104785,68,Female,31,57944.96,1,354,Active
104786,31,Male,29,39347.65,1,49,Active
104787,43,Male,25,62235.74,1,360,Churned
104788,27,Female,32,64483.05,0,368,Active
104789,9,F,17,41294.67,1,134,Active
104790,32,Male,45,70349.65,1,289,Churned
104791,31,Male,49,3232.59,0,133,Active
104792,30,Male,18,1747.1,0,146,Active
104793,33,Male,52,7027.99,0,131,Active
104794,-5,Male,20,5281.47,1,354,Active
104795,33,Female,62,32421.21,1,122,Churned
104796,19,Male,13,70583.76,0,2,Churned
104797,40,Female,43,50966.54,0,65,Active
104798,11,Female,21,49799.51,0,291,Active
104799,10,Female,6,29481.57,0,324,Active
104800,43,Male,71,40498.72,1,35,Churned
104801,41,,53,23508.93,3,328,Churned
104802,34,Male,52,39319.99,3,285,Active
104803,18,Female,69,56252.91,99,334,Active
104804,26,Male,9,42343.24,0,298,Churned
104805,31,Female,46,31996.52,0,113,Active
104806,15,Male,71,63524.23,2,94,Active
104807,26,Male,30,22270.77,1,114,Active
104808,42,Male,43,36630.03,0,7,Active
104809,52,Male,59,73382.9,1,397,Churned
104810,29,F,38,72581.8,0,22,Active
104811,44,Female,34,1465.06,5,57,ACTIVE
104812,12,Male,46,40385.27,3,173,Active
104813,42,Female,32,25932.03,0,182,Active
104814,25,F,16,22550.57,0,2,Churned
104815,38,Female,39,45122.66,0,313,Churned
104816,32,Male,1,34026.52,0,118,Active
104817,50,M,57,55230.31,0,84,CHURNED
104818,24,Male,20,3007.93,4,331,Active
104819,42,Female,42,69589.92,2,290,Active
104820,31,Female,34,43001.9,1,44,active
104821,33,M,50,51620.94,3,69,Active
104822,32,F,11,45739.4,0,53,Churned
104823,24,F,43,74195.74,2,350,Active
104824,34,Male,10,73986.08,1,289,Active
104825,34,F,8,46131.97,3,332,active
104826,37,Male,19,51613.28,0,325,Active
104827,36,Male,65,46774.17,2,129,active
104828,44,Female,55,23990.39,3,163,Active
104829,46,Female,52,15253.4,1,251,Active
104830,999,Female,3,30804.47,0,25,Active
104831,45,Female,53,51524.0,4,132,Churned
104832,20,F,44,5142.32,0,329,Churned
104833,42,Male,48,39058.59,0,118,ACTIVE
104834,42,Male,54,31221.4,0,369,Active
104835,12,F,16,40033.88,1,236,Active
104836,36,Male,30,64656.77,2,115,active
104837,29,Female,28,4523.15,2,125,Active
104838,25,Female,16,57508.18,0,195,Active
104839,51,Female,51,50351.33,5,94,Active
104840,27,Female,33,16084.75,0,212,ACTIVE
104841,25,Male,25,55329.59,5,127,Active
104842,35,M,18,37731.52,4,138,Churned
104843,43,Male,26,36595.83,0,148,Active
104844,33,Female,6,36747.22,0,296,Churned
104845,48,Male,38,71243.32,0,75,CHURNED
104846,41,Female,44,70882.97,1,15,Churned
104847,8,Female,67,68607.0,2,372,Active
104848,28,F,43,66618.91,0,156,Churned
104849,28,Female,6,3781.52,0,364,Active
104850,40,Female,64,30644.02,1,35,Active
104851,3,F,13,₹67220.9,0,7,Churned
104852,65,Female,65,56879.37,1,182,Churned
104853,41,Female,38,34792.83,1,170,Churned
104854,36,Female,64,58220.72,0,294,Churned
104855,49,Female,14,16405.75,2,211,Active
104856,63,M,17,45385.14,2,320,CHURNED
104857,45,Male,13,40441.87,1,57,Churned
104858,46,Female,6,43442.48,0,364,Active
104859,36,Female,6,54412.86,0,124,Active
104860,33,F,37,71285.35,1,194,Churned
104861,999,F,57,,0,83,Active
104862,25,Female,53,57095.76,2,201,Active
104863,26,Female,46,48740.43,0,252,Active
104864,18,Male,4,52440.73,0,390,Churned
104865,34,Female,34,32740.06,0,337,Active
104866,14,F,66,70898.82,0,2,Active
104867,37,F,63,36494.56,0,390,Active
104868,34,F,61,9997.79,0,270,Churned
104869,36,Male,42,51371.28,1,241,Active
104870,28,M,64,10536.31,0,146,Churned
104871,-5,F,17,24877.95,0,326,Churned
104872,51,Male,61,17872.42,0,76,Active
104873,20,Female,30,40881.15,1,230,Active
104874,37,Female,43,26715.29,2,334,Churned
104875,27,Female,7,12829.14,2,269,Churned
104876,22,,46,59520.26,1,73,Active
104877,18,Female,23,35668.38,1,370,Active
104878,40,Female,36,34629.23,4,106,Active
104879,26,Female,14,66590.86,0,224,Active
104880,46,Female,20,40873.0,0,10,Churned
104881,46,M,56,53532.31,0,283,Churned
104882,51,Female,32,25276.84,1,270,Active
104883,24,Female,25,42535.42,0,265,Active
104884,40,Male,49,54754.69,0,137,Active
104885,999,Male,57,22938.93,0,218,Active
104886,29,Female,27,51951.53,1,224,Active
104887,25,F,27,43088.47,0,361,Churned
104888,54,Male,46,33130.29,4,291,Churned
104889,37,Male,45,53759.75,0,154,Active
104890,42,Male,26,24450.92,3,169,active
104891,25,Female,14,53873.2,0,365,CHURNED
104892,20,,48,41782.44,3,106,ACTIVE
104893,28,Female,15,19174.69,3,121,Active
104894,33,Female,51,50452.38,0,67,Churned
104895,22,Female,54,66472.57,0,286,CHURNED
104896,34,Male,11,23941.04,1,285,Churned
104897,14,Female,28,61112.56,0,84,Active
104898,21,Female,55,₹25873.65,4,324,Active
104899,43,Female,69,61762.97,0,14,active
104900,42,F,26,4785.18,0,365,active
104901,30,Female,70,1533.93,0,180,Churned
104902,22,Female,32,9381.39,0,39,Active
104903,22,F,48,65671.77,1,277,ACTIVE
104904,30,,12,40495.42,1,327,active
104905,42,Female,70,44963.5,2,6,Active
104906,46,Male,61,63323.2,3,183,Active
104907,29,Female,34,4747.79,0,40,Active
104908,21,Female,45,29645.92,2,198,Active
104909,38,Male,60,48588.69,0,153,Active
104910,25,Male,65,30946.33,0,388,Active
104911,28,Male,71,3377.63,0,252,ACTIVE
104912,50,Female,13,49169.83,3,229,Active
104913,44,Female,48,29963.7,1,89,Active
104914,36,Male,49,2421.47,1,22,Churned
104915,19,Male,58,13618.36,1,312,Active
104916,37,Female,70,17101.08,0,302,Active
104917,47,Male,61,38785.57,0,120,Active
104918,30,Male,26,14791.74,0,184,Churned
104919,51,Female,39,27738.22,0,206,Active
104920,50,Female,58,56549.27,1,90,Active
104921,54,Male,27,60771.27,1,116,Active
104922,38,Female,40,59860.56,0,163,Active
104923,42,Male,31,52436.13,0,104,Churned
104924,51,Female,3,41094.11,0,148,Active
104925,40,Male,15,41746.64,1,271,CHURNED
104926,28,Male,54,71550.68,2,110,Churned
104927,29,Female,70,65962.29,1,200,CHURNED
104928,37,Female,11,₹49084.02,1,280,Active
104929,19,Male,30,35668.63,0,225,Active
104930,33,Male,35,54951.21,3,80,Active
104931,48,M,43,5640.98,2,251,Churned
104932,8,Female,61,70901.01,0,220,Active
104933,53,Male,40,41520.88,1,300,Active
104934,48,Female,42,38206.49,4,142,Churned
104935,29,Male,42,22521.78,0,73,Active
104936,41,Female,3,,4,366,Churned
104937,35,Male,21,5532.0,0,205,CHURNED
104938,49,Male,53,20462.63,1,222,Churned
104939,46,Male,44,41074.42,0,160,CHURNED
104940,18,Female,46,7184.94,0,80,Active
104941,42,Female,37,72931.85,3,115,Active
104942,32,Female,38,31411.1,0,25,Active
104943,35,Male,38,24407.49,0,177,Churned
104944,26,Male,11,39864.54,1,279,Active
104945,55,Female,45,5809.01,5,293,Active
104946,47,Male,64,63933.35,0,220,Active
104947,26,Female,44,35060.51,0,3,Active
104948,18,Male,62,14196.82,0,316,active
104949,30,Female,61,12968.35,3,315,Active
104950,40,Female,12,27710.62,0,33,Active
104951,37,,9,43428.85,0,182,Active
104952,50,Male,67,31851.03,0,39,Active
104953,44,Male,2,45163.0,0,153,Active
104954,46,Female,8,53205.35,0,63,Churned
104955,38,F,43,56388.17,4,89,CHURNED
104956,18,,18,30670.71,2,103,ACTIVE
104957,32,Female,52,54058.25,5,341,Churned
104958,47,Female,39,11471.32,0,187,Active
104959,34,Female,31,38969.12,0,159,ACTIVE
104960,41,Female,14,6366.09,0,49,Churned
104961,31,Female,64,19063.82,0,222,Active
104962,22,M,44,44155.82,4,359,Active
104963,33,Female,60,55791.13,5,188,Active
104964,38,Female,2,8052.89,3,253,Active
104965,27,Female,32,16323.17,0,365,Active
104966,32,Female,36,74400.47,1,192,Churned
104967,23,Female,55,25986.67,1,244,Active
104968,48,Female,63,22019.02,3,71,Churned
104969,31,Male,69,7309.02,1,347,Active
104970,52,Male,40,52418.36,0,77,CHURNED
104971,53,Female,24,38610.75,0,221,Churned
104972,34,M,58,12658.76,2,343,Active
104973,22,Male,28,47834.47,1,264,Active
104974,9,Female,62,₹39906.27,1,269,CHURNED
104975,17,Male,25,42805.95,5,282,Active
104976,18,Male,7,74619.26,0,394,Active
104977,51,,38,3117.34,0,221,Active
104978,36,M,71,68707.94,0,91,Active
104979,39,Male,45,63299.92,0,56,Active
104980,8,Female,32,31735.37,0,388,ACTIVE
104981,20,Male,32,66190.03,0,106,active
104982,45,,1,48993.53,0,287,Active
104983,38,Male,45,66812.23,0,273,Active
104984,33,Male,64,45010.09,0,392,active
104985,41,Female,68,16995.04,0,293,Active
104986,54,M,7,43640.38,4,381,Churned
104987,32,Male,38,14250.61,4,47,Churned
104988,35,Female,70,11421.27,1,307,Active
104989,37,Male,53,,3,114,Active
104990,63,F,30,71113.27,1,58,Churned
104991,9,Male,22,44548.7,3,44,Active
104992,43,F,58,59888.28,1,354,Churned
104993,33,Female,55,13458.96,0,231,CHURNED
104994,41,Female,46,49411.57,3,267,Active
104995,27,,26,55240.33,0,12,Active
104996,34,,64,4079.47,0,394,active
104997,43,Female,9,8190.16,1,205,Churned
104998,72,Male,15,58836.99,4,54,Active
104999,44,Female,19,33556.3,0,34,Churned
105000,24,Female,16,31012.99,1,248,Active
105001,29,Female,25,69107.35,0,399,Active
105002,29,Female,51,74405.47,4,136,Active
105003,13,Male,46,57564.46,1,230,Churned
105004,31,Female,7,59651.94,0,356,Active
105005,43,Female,34,16415.75,1,278,Active
105006,19,Male,58,15224.68,0,261,CHURNED
105007,47,Female,23,73570.53,0,20,Active
105008,40,Female,23,52436.79,2,215,Active
105009,26,Female,17,51816.53,1,232,Churned
105010,33,Male,13,22177.91,0,118,Active
105011,54,Female,27,66599.47,0,49,Churned
105012,43,Male,66,4288.59,3,119,Active
105013,35,Female,30,21319.69,1,147,Churned
105014,32,Female,4,14330.46,0,218,Churned
105015,35,Female,67,53621.11,0,228,Churned
105016,28,Male,14,53935.9,0,398,ACTIVE
105017,9,Female,11,40570.13,2,263,Active
105018,59,,40,1389.21,99,336,Active
105019,36,Male,3,,0,10,Active
105020,39,M,1,71713.45,2,363,Active
105021,34,Female,9,15971.12,1,150,ACTIVE
105022,26,Female,1,63325.22,1,218,Active
105023,32,Male,16,73023.2,5,133,active
105024,15,Male,46,25196.09,0,204,Churned
105025,62,F,10,14694.21,0,24,Churned
105026,20,Male,33,73337.96,3,143,Active
105027,22,Male,41,5421.0,0,344,Churned
105028,29,Female,51,21421.09,3,216,active
105029,50,Male,22,55910.17,1,234,Active
105030,35,Female,16,46684.16,0,55,Active
105031,20,Female,62,51653.79,0,354,Churned
105032,50,M,53,53398.77,0,171,CHURNED
105033,43,Female,14,51774.67,2,390,Active
105034,41,Male,59,26325.85,0,173,active
105035,43,Male,26,24051.02,1,281,Active
105036,63,Female,44,32706.52,0,144,Churned
105037,61,Female,20,60768.58,3,247,Active
105038,26,,5,70432.06,4,29,Active
105039,54,Female,65,34688.21,1,320,active
105040,39,Male,11,,5,385,Active
105041,40,M,47,70434.09,0,124,Active
105042,14,Male,10,6951.69,0,173,Active
105043,32,Male,61,12774.11,0,234,Active
105044,25,Female,45,65208.17,0,365,Active
105045,44,M,47,41809.41,0,26,Active
105046,47,Female,34,27098.78,3,85,Active
105047,10,Male,13,69887.32,2,50,Churned
105048,34,Male,23,72077.47,1,155,Active
105049,999,Male,36,25476.44,2,100,Churned
105050,32,Male,63,65263.39,0,80,Churned
105051,43,Male,47,51211.14,0,29,CHURNED
105052,39,Female,66,21312.36,1,135,Churned
105053,39,F,14,70666.02,0,62,CHURNED
105054,31,Male,53,5667.11,1,71,Active
105055,20,Male,66,24527.73,0,383,CHURNED
105056,21,M,49,30323.36,1,290,Active
105057,43,Female,16,52108.34,3,133,Active
105058,35,F,68,3844.04,1,117,Active
105059,33,Male,43,66843.49,0,8,Churned
105060,29,Male,65,49773.62,0,200,Active
105061,31,Female,9,21351.69,0,43,active
105062,47,Female,21,49717.31,1,180,Active
105063,30,Female,43,40732.37,0,330,Churned
105064,18,Female,66,25884.41,2,257,CHURNED
105065,43,Male,4,3116.14,0,38,active
105066,32,Female,7,41781.45,1,263,Churned
105067,35,Female,58,7081.43,0,337,Active
105068,54,Female,4,60953.05,0,184,Active
105069,34,Female,20,7550.9,99,280,Active
105070,38,Female,35,32726.71,3,291,active
105071,20,Male,59,33156.83,0,201,Active
105072,32,Male,45,42158.92,1,42,Active
105073,42,Female,14,3923.58,2,300,Active
105074,16,Male,22,16083.6,1,4,Active
105075,37,Female,48,15763.09,0,364,Active
105076,36,M,30,45323.83,3,119,Active
105077,35,Male,29,20509.03,2,77,Active
105078,47,Male,36,11670.43,1,280,active
105079,39,,42,2358.13,0,327,Active
105080,52,Male,29,63200.32,0,123,Active
105081,23,Male,7,₹72894.57,1,347,Active
105082,36,Male,32,53041.39,3,350,Churned
105083,36,Female,13,31540.72,1,156,Active
105084,22,Male,13,10028.81,0,329,Churned
105085,46,Female,54,36157.76,0,103,Churned
105086,62,Female,14,34841.81,1,359,Active
105087,34,Male,6,32070.85,0,341,Churned
105088,41,Male,16,28994.47,1,102,Active
105089,-5,Female,41,37759.76,2,391,Active
105090,26,Female,52,6415.37,3,45,Active
105091,13,Male,16,3833.8,3,345,Active
105092,26,Male,5,5733.06,1,70,Active
105093,18,Female,24,15799.89,4,49,Active
105094,55,M,43,21577.2,1,119,Active
105095,33,Male,65,13539.86,2,340,Active
105096,30,Female,10,19641.84,1,296,active
105097,45,Male,59,14751.97,3,18,Active
105098,21,Male,35,12155.0,0,47,Churned
105099,25,Male,31,22680.72,2,1,Churned
105100,35,Female,11,30415.93,0,161,Churned
105101,47,Female,9,56075.74,0,295,ACTIVE
105102,41,M,66,71710.7,0,112,Active
105103,37,Female,44,69003.43,0,23,Active
105104,35,M,16,36219.1,1,244,Active
105105,39,Male,48,35139.54,1,270,Active
105106,37,Male,53,10301.64,0,253,Active
105107,22,,65,72908.77,1,293,Churned
105108,35,Female,48,57247.24,99,71,Active
105109,22,M,70,63720.05,2,76,Active
105110,35,Male,46,18328.11,0,165,Active
105111,29,Male,33,30680.36,1,379,Active
105112,65,Female,52,8595.74,0,263,Active
105113,-5,Male,55,70620.17,0,109,Active
105114,18,Female,51,22151.36,1,377,CHURNED
105115,33,Female,40,45104.72,5,180,CHURNED
105116,41,Male,25,12264.28,2,145,Active
105117,55,Male,63,60406.95,2,190,Churned
105118,27,Male,22,14789.51,1,165,Churned
105119,16,Male,38,60894.44,1,14,Active
105120,44,Female,9,30730.43,99,244,Churned
105121,18,Male,37,43754.02,0,311,CHURNED
105122,29,Male,5,20958.45,0,57,Active
105123,31,F,22,66325.46,0,4,Active
105124,34,Female,12,57230.26,0,214,Active
105125,43,Male,60,27216.27,0,49,Active
105126,26,Female,44,44316.94,0,81,Churned
105127,31,F,22,10545.15,5,35,Churned
105128,34,Male,6,12874.95,1,366,Churned
105129,36,Female,27,40492.14,2,181,Active
105130,36,Female,55,48404.31,2,160,CHURNED
105131,40,Male,15,42249.95,3,358,Active
105132,45,Female,64,42396.19,2,377,Active
105133,999,,17,55929.47,0,217,Active
105134,40,F,3,,0,266,Active
105135,16,Male,10,29682.22,5,251,Active
105136,35,Male,63,40733.06,1,113,Active
105137,40,,63,67083.77,0,190,Active
105138,43,Female,62,35356.62,0,2,Churned
105139,26,Male,9,33941.02,5,63,Active
105140,27,Female,24,57722.07,99,120,Active
105141,28,Male,32,65920.28,0,245,Active
105142,41,Male,3,55587.75,3,272,Active
105143,47,M,33,8409.2,1,131,Active
105144,30,Male,43,35393.05,1,217,Active
105145,45,Male,12,16685.75,0,18,Active
105146,36,Male,32,24483.74,3,231,Active
105147,33,Female,20,35687.83,1,298,Active
105148,32,Male,67,17393.12,0,232,Active
105149,43,Female,68,39179.09,0,124,active
105150,38,Female,17,48602.42,0,50,active
105151,62,M,19,65742.48,0,177,active
105152,24,Male,4,16648.09,0,3,Active
105153,41,M,17,23981.81,1,72,Active
105154,28,Male,64,31029.24,0,372,Active
105155,24,Female,22,17616.46,3,125,Churned
105156,34,Female,66,25570.97,0,383,active
105157,36,Male,42,66367.94,3,5,Active
105158,70,Female,45,11260.45,2,185,Churned
105159,32,Male,11,33837.32,0,84,Active
105160,21,Male,53,24011.56,0,153,Churned
105161,38,Male,60,6710.19,1,198,Churned
105162,10,Female,29,8113.27,4,220,Churned
105163,33,Male,20,59081.11,0,23,Active
105164,35,Male,5,64072.64,0,394,Active
105165,44,Male,25,55864.16,99,138,Active
105166,46,Female,34,40902.95,3,161,Active
105167,28,Female,12,58176.8,1,73,Churned
105168,33,Male,28,12249.17,1,195,Active
105169,25,Male,6,58734.92,0,97,Active
105170,21,Female,19,32337.17,0,74,Active
105171,38,Female,12,56523.35,0,27,Churned
105172,19,Female,25,17853.46,0,163,Active
105173,30,M,13,62608.21,1,62,Churned
105174,23,Male,3,43040.62,0,263,Active
105175,41,,24,1542.98,0,199,Active
105176,56,Male,8,,2,214,ACTIVE
105177,19,,45,23960.68,0,266,Active
105178,12,Male,1,5255.14,2,27,Active
105179,33,Female,3,34100.91,0,68,CHURNED
105180,35,Male,65,24048.79,0,195,active
105181,37,Male,15,16124.87,0,304,Churned
105182,-5,M,50,26835.03,0,363,Churned
105183,32,Female,20,14290.93,0,323,Active
105184,39,,3,23186.09,0,345,Churned
105185,47,Female,61,9534.74,0,327,Active
105186,11,Female,15,7239.13,0,302,ACTIVE
105187,30,Male,59,68341.44,0,98,Active
105188,37,,54,67804.67,1,202,Active
105189,23,Female,60,62272.38,1,248,Active
105190,55,Female,37,₹18044.09,0,348,Active
105191,27,Female,21,54715.91,0,11,Active
105192,34,Female,23,44638.7,0,32,active
105193,41,F,18,4791.27,2,328,Active
105194,27,Male,17,67569.35,1,148,Active
105195,12,Male,31,74850.67,0,133,Churned
105196,29,Male,64,53445.39,4,382,Churned
105197,47,Female,48,18131.58,5,269,Active
105198,30,Male,26,42026.31,0,203,Active
105199,24,Male,22,9094.16,0,122,Active
105200,46,Male,45,,0,98,Active
105201,31,Female,36,54076.95,3,236,Active
105202,28,Female,64,23279.49,0,131,Active
105203,36,Male,35,11893.24,0,399,Churned
105204,44,,27,1552.87,4,252,Active
105205,63,,68,43366.07,1,252,Active
105206,44,Male,17,72681.62,1,353,Active
105207,48,Female,70,36825.84,3,56,Active
105208,28,Female,11,16733.28,3,380,CHURNED
105209,22,Male,5,35282.72,0,249,Churned
105210,35,Male,58,45554.2,1,202,Active
105211,36,Female,57,60301.26,1,249,Active
105212,22,Female,14,34498.22,0,302,Churned
105213,32,Male,1,13798.45,0,373,Active
105214,39,M,16,14912.74,0,176,Churned
105215,39,Female,26,67579.73,3,105,ACTIVE
105216,41,Female,49,18481.9,3,245,Active
105217,38,Male,42,54873.3,2,225,ACTIVE
105218,28,Female,70,₹20902.21,99,353,Active
105219,28,Male,66,54321.59,0,151,CHURNED
105220,20,Female,53,6798.92,0,311,Churned
105221,56,Female,9,16347.09,0,54,Churned
105222,35,Female,69,31243.9,1,381,Active
105223,32,Male,40,39133.43,3,321,Churned
105224,23,Female,56,27118.38,0,219,Active
105225,70,F,5,43440.21,0,307,Churned
105226,22,Female,56,₹25077.37,1,236,Active
105227,29,Male,5,51204.48,2,384,Active
105228,39,Female,69,38829.32,0,347,Active
105229,42,Male,52,53178.09,5,164,Churned
105230,46,M,33,32892.44,0,288,Active
105231,56,Female,22,65861.01,0,359,Active
105232,41,Male,15,29277.83,0,57,Active
105233,22,Male,65,23801.89,2,29,CHURNED
105234,31,Male,71,42224.29,5,87,Active
105235,38,F,23,38678.76,4,378,Active
105236,59,Male,6,39339.26,1,79,Active
105237,18,Female,58,59913.63,0,363,Active
105238,49,F,26,,1,308,Active
105239,37,Male,12,66509.64,5,399,Active
105240,45,Female,2,46813.18,0,89,Active
105241,33,Female,32,2605.88,0,179,Churned
105242,24,Female,50,65409.12,1,287,Churned
105243,44,Male,61,63144.05,0,84,Active
105244,42,Male,11,4614.89,0,223,Churned
105245,46,Female,68,10271.05,1,144,Active
105246,34,F,34,42170.34,4,164,Churned
105247,27,Male,8,4171.09,99,295,Active
105248,16,Male,8,31426.43,1,139,active
105249,44,Male,15,73176.69,4,148,Churned
105250,40,M,5,13785.44,0,312,Active
105251,-5,Male,19,16251.09,2,241,Active
105252,28,F,9,51049.78,0,243,Active
105253,29,Male,57,4254.39,2,170,Churned
105254,17,F,54,61730.78,3,47,active
105255,25,Female,29,₹15728.31,0,6,Active
105256,21,Female,19,40335.01,4,365,active
105257,30,Male,46,19408.47,0,35,Active
105258,26,Female,62,49757.26,2,392,Churned
105259,15,Male,60,44453.99,0,71,Churned
105260,59,Male,5,71036.54,3,293,Active
105261,50,Male,33,33974.46,0,178,Active
105262,25,M,55,65741.04,0,123,CHURNED
105263,38,Female,19,43610.82,4,245,Churned
105264,999,Female,17,68670.24,2,9,Churned
105265,49,Female,42,22594.83,2,331,Churned
105266,25,Male,22,41682.32,2,213,Churned
105267,48,M,39,29862.19,1,316,Active
105268,-5,Female,27,5876.4,5,51,Churned
105269,18,Female,46,43495.67,3,302,Active
105270,43,Female,28,59772.9,0,327,Active
105271,50,,52,42159.07,2,396,ACTIVE
105272,66,M,65,21671.32,99,64,active
105273,20,Female,39,20523.35,3,371,Churned
105274,43,Male,18,18600.05,0,232,Active
105275,30,Female,22,73492.74,2,21,Active
105276,44,Female,68,,3,5,Active
105277,17,Male,11,24448.36,0,6,Active
105278,19,Male,64,31966.64,5,43,CHURNED
105279,25,Female,71,9569.05,0,282,Churned
105280,35,Female,57,15505.45,0,349,Active
105281,27,Female,35,38658.76,0,54,CHURNED
105282,42,Male,37,60114.69,0,384,ACTIVE
105283,47,Female,50,65855.58,1,131,Active
105284,42,Female,30,65082.87,1,139,Active
105285,54,Male,17,70911.56,0,215,Active
105286,39,Male,33,10307.09,1,25,Active
105287,20,F,16,4031.8,0,396,Active
105288,-5,Female,15,8824.11,3,65,Churned
105289,27,Male,13,,5,260,Churned
105290,45,F,3,42152.8,1,383,CHURNED
105291,53,Male,24,50669.54,3,198,Churned
105292,40,,23,,3,109,Active
105293,17,Male,59,29977.57,2,16,Active
105294,23,Male,55,41372.56,0,203,Active
105295,50,Female,65,6850.15,0,142,Churned
105296,32,Male,32,60190.54,4,358,active
105297,35,Female,60,69291.31,0,113,Active
105298,44,Female,30,29663.54,0,74,Churned
105299,43,M,66,55728.36,0,53,Active
105300,38,Female,18,41613.77,1,118,Active
105301,32,Female,59,18464.64,1,186,active
105302,31,Male,53,6017.04,1,63,Active
105303,45,Male,64,19196.52,0,141,Churned
105304,41,Female,30,₹45763.06,0,301,Churned
105305,31,Male,18,3977.0,0,226,Churned
105306,47,Female,5,62878.11,1,225,ACTIVE
105307,33,Female,69,72802.66,1,183,Active
105308,24,Male,8,7179.14,0,161,Churned
105309,25,Female,9,19255.65,0,62,Churned
105310,23,Male,32,50996.89,3,397,Active
105311,31,Female,14,60649.94,3,81,Active
105312,49,Female,13,26603.56,0,329,Churned
105313,25,Female,18,39127.64,1,397,Active
105314,37,Male,68,66990.2,0,16,Churned
105315,27,Female,22,29445.48,0,229,Active
105316,31,Male,20,7033.83,4,97,Active
105317,16,Female,15,74622.17,0,360,Churned
105318,-5,Female,7,14340.74,0,320,Churned
105319,32,Female,30,4609.85,0,326,Churned
105320,41,M,5,31388.37,3,140,Active
105321,37,Female,1,9988.3,2,130,Active
105322,20,Male,60,73426.27,1,143,Churned
105323,48,Male,31,29178.75,1,337,Active
105324,37,M,20,62110.02,0,180,Active
105325,37,Male,64,14068.8,4,163,Active
105326,34,Female,64,11272.29,0,351,Active
105327,28,Female,29,49047.69,0,123,Active
105328,37,Female,10,68288.95,4,38,Active
105329,40,Female,29,9475.7,4,298,Active
105330,14,Female,31,44604.79,0,365,Active
105331,28,Female,30,7285.52,1,232,Churned
105332,31,M,25,61100.06,4,337,Active
105333,38,Female,58,68288.64,3,252,active
105334,49,Female,57,47530.78,3,7,CHURNED
105335,25,Female,63,51937.39,0,56,active
105336,29,Female,37,5102.3,3,389,Active
105337,-5,M,58,₹6400.31,0,168,Active
105338,25,Male,28,14295.62,0,317,ACTIVE
105339,30,Male,27,21263.31,0,219,Active
105340,44,F,70,57229.35,0,65,Churned
105341,22,Female,37,33221.76,1,194,Churned
105342,40,Male,6,6790.48,0,93,Churned
105343,14,Female,62,64095.73,0,341,Churned
105344,28,,33,74543.18,0,170,Active
105345,31,M,40,34671.95,5,226,Active
105346,55,Female,41,38870.54,0,231,Active
105347,31,Male,42,6809.7,0,281,Churned
105348,8,M,9,29343.29,1,6,ACTIVE
105349,-5,Female,18,28513.52,3,264,Churned
105350,35,F,15,72468.57,1,53,active
105351,42,Male,4,49871.93,5,19,active
105352,39,Male,34,58881.55,0,265,Churned
105353,37,Female,62,10496.57,0,161,Active
105354,48,Male,38,31852.59,3,264,Churned
105355,-5,Female,71,15174.91,1,294,Active
105356,45,,23,64653.98,0,160,Active
105357,15,Female,20,12275.56,0,23,Churned
105358,24,F,56,33476.47,5,162,CHURNED
105359,13,Female,53,4970.12,3,343,ACTIVE
105360,31,Female,2,47937.78,0,385,Active
105361,34,M,21,36662.43,0,7,Active
105362,36,Female,42,37849.54,3,363,Active
105363,35,Female,57,8519.8,0,368,Active
105364,23,Female,49,39034.61,0,24,Active
105365,32,Female,10,42719.98,0,130,Active
105366,17,Male,61,72250.17,0,255,Churned
105367,51,M,21,3458.48,3,256,Active
105368,31,,60,69280.81,2,250,CHURNED
105369,29,Female,13,36487.77,0,339,Active
105370,54,Female,48,16548.47,0,106,Active
105371,20,Female,40,50250.41,3,356,Churned
105372,21,Female,63,39261.86,0,312,CHURNED
105373,21,Female,9,17779.87,1,348,CHURNED
105374,-5,F,57,47385.19,0,32,Active
105375,40,Female,51,36021.41,0,77,CHURNED
105376,43,Male,40,51987.08,1,326,Churned
105377,65,M,64,51991.69,2,93,Active
105378,8,Female,70,35988.33,3,10,Active
105379,42,M,64,29918.92,0,379,Active
105380,28,Male,25,5680.07,0,330,Active
105381,27,Male,28,37544.65,0,34,Active
105382,27,F,10,18990.51,0,340,Active
105383,24,Male,28,4940.31,3,111,Active
105384,55,M,36,25448.14,0,289,Active
105385,45,M,11,7472.71,0,344,Active
105386,35,Female,21,43900.89,1,97,Active
105387,51,Male,26,38271.51,0,313,Active
105388,16,Female,18,₹59639.75,3,150,Active
105389,19,F,68,20804.88,1,204,Active
105390,8,Female,41,₹28493.15,0,222,Active
105391,26,Female,15,51982.33,0,32,Churned
105392,36,Female,23,74477.89,2,125,Active
105393,36,Male,41,67908.56,4,108,CHURNED
105394,36,F,6,39541.04,3,211,Active
105395,-5,M,71,51168.1,0,2,Active
105396,44,,60,40362.25,0,183,Churned
105397,37,Female,52,33175.61,1,59,Churned
105398,43,Female,9,45570.03,0,289,Active
105399,12,Male,30,29600.94,0,96,ACTIVE
105400,38,Female,44,21733.94,5,250,Active
105401,20,Female,62,53219.87,2,105,Active
105402,30,F,43,65526.03,1,211,Active
105403,41,M,28,22313.8,0,270,Active
105404,-5,F,8,53309.98,0,59,Churned
105405,24,M,51,33117.41,1,271,Active
105406,35,M,30,23354.29,2,29,Active
105407,16,Male,11,46962.21,4,203,Active
105408,48,M,20,70516.67,1,112,Active
105409,32,Female,31,27025.17,0,365,Churned
105410,48,Male,34,57201.47,1,123,Active
105411,28,Male,12,24287.66,0,201,active
105412,28,Female,48,60486.26,1,303,Churned
105413,25,Male,28,57238.87,3,185,Active
105414,45,Female,67,57656.83,1,58,Active
105415,26,Female,63,74830.4,0,349,Churned
105416,42,F,48,11398.3,1,255,Active
105417,30,M,42,29774.1,2,229,Churned
105418,11,Female,52,47680.1,1,341,Churned
105419,28,Male,5,44695.18,3,53,Active
105420,999,Male,12,58766.85,0,342,ACTIVE
105421,35,Male,59,4471.31,0,320,Active
105422,20,Male,65,53173.79,3,244,Active
105423,46,,52,55591.57,1,338,Active
105424,33,Female,43,5521.48,99,258,ACTIVE
105425,32,Male,63,40862.49,0,60,Active
105426,42,Male,50,19129.46,0,229,Churned
105427,46,Female,39,60320.42,0,340,Churned
105428,34,Female,42,4671.41,5,304,Active
105429,25,Male,17,11816.15,3,118,Active
105430,13,,43,8729.58,0,388,Active
105431,26,Male,49,5826.11,0,26,Active
105432,27,Male,5,45405.45,0,340,CHURNED
105433,36,Male,1,65272.47,1,150,Active
105434,30,Female,67,38812.01,0,171,active
105435,43,Male,24,16583.03,0,253,Active
105436,27,Male,29,26440.92,1,20,active
105437,34,Male,15,27667.1,2,349,Active
105438,49,Female,4,34421.02,0,304,Active
105439,39,Male,44,,2,377,Active
105440,34,Male,65,50665.19,0,351,Active
105441,27,Female,31,26153.5,0,61,Churned
105442,27,Male,20,50059.44,0,151,Churned
105443,24,Female,10,41461.24,1,236,Active
105444,28,Male,11,4589.65,0,317,Active
105445,44,Male,28,69055.73,0,230,active
105446,32,Female,38,14168.85,0,336,Active
105447,18,Male,24,34413.14,4,191,Active
105448,56,Male,39,,0,275,Active
105449,38,Female,51,19302.66,2,203,Churned
105450,18,F,50,2640.18,0,204,Active
105451,29,Female,7,37263.69,5,228,Active
105452,36,M,68,17570.91,5,269,active
105453,55,M,53,44070.04,3,386,Churned
105454,21,,37,61466.0,1,179,Active
105455,46,Female,54,38830.27,1,331,Active
105456,51,Female,55,48732.17,0,257,ACTIVE
105457,27,Male,31,50295.28,0,169,Churned
105458,31,Male,65,61719.55,0,394,Active
105459,22,Female,59,51906.58,0,3,Active
105460,32,,47,73236.74,5,8,CHURNED
105461,34,Female,49,34759.63,0,336,Active
105462,42,Female,18,4719.12,0,107,Active
105463,48,Female,3,30157.99,1,40,ACTIVE
105464,26,Female,18,63150.98,0,375,Churned
105465,11,Female,58,10847.01,0,188,active
105466,34,Female,71,55459.55,0,264,Churned
105467,-5,Male,25,40638.95,3,330,Active
105468,37,Female,18,67649.29,4,243,Active
105469,31,M,52,55108.04,0,165,Active
105470,36,F,43,49878.78,4,283,ACTIVE
105471,53,Male,67,66628.97,3,95,Churned
105472,39,F,7,68208.27,0,131,Churned
105473,30,Male,44,29483.84,0,262,Active
105474,28,Male,44,69660.7,3,209,Active
105475,32,Female,51,5047.65,0,10,Active
105476,54,Male,21,57429.93,2,29,Active
105477,32,Male,37,25903.29,1,148,ACTIVE
105478,34,Male,28,37067.37,0,335,Active
105479,29,Female,32,₹62845.49,1,66,Churned
105480,48,Male,57,48140.87,2,12,Churned
105481,58,Female,41,34854.34,0,13,Active
105482,40,Female,54,13131.06,2,364,CHURNED
105483,35,Female,27,70505.59,0,102,ACTIVE
105484,35,F,40,25603.33,5,173,Churned
105485,6,Female,41,8485.95,0,213,Active
105486,43,Male,70,42746.86,2,169,Churned
105487,36,Male,24,31064.7,2,208,Active
105488,40,Female,18,44697.83,1,347,Active
105489,26,Female,56,18281.22,0,62,active
105490,30,Male,15,29025.94,0,387,Active
105491,30,Male,35,72965.62,1,9,Active
105492,47,Female,27,,1,125,Active
105493,30,Female,3,64964.25,2,162,Active
105494,59,Female,21,58654.94,0,19,active
105495,-5,M,39,12585.42,0,346,Churned
105496,19,Female,32,35552.86,1,87,Active
105497,33,Female,50,54864.81,0,18,CHURNED
105498,27,Female,9,20370.8,1,237,Active
105499,8,,50,3447.49,1,174,Active
105500,54,Female,1,31939.32,2,104,active
105501,43,Male,4,32460.46,1,237,Active
105502,41,Male,4,5817.42,0,126,CHURNED
105503,-5,Female,34,24725.55,0,49,active
105504,18,F,27,68880.2,0,102,Active
105505,29,Male,15,19521.96,1,74,Active
105506,45,Male,32,43117.83,3,171,Churned
105507,22,F,41,37103.27,0,138,Active
105508,4,F,71,64797.31,1,85,Active
105509,32,Male,61,49362.72,1,166,Active
105510,33,Male,63,12723.78,0,38,Churned
105511,36,Female,61,11572.29,0,391,Active
105512,43,Male,14,42254.05,1,249,Active
105513,42,M,23,4438.51,0,268,CHURNED
105514,38,Male,65,30121.29,1,308,ACTIVE
105515,49,Male,32,30526.82,2,105,Churned
105516,16,Male,41,15528.65,0,348,Active
105517,41,Male,26,23274.9,0,24,Active
105518,42,Male,48,25416.17,2,287,Churned
105519,20,Male,16,1870.14,1,82,Active
105520,16,Female,31,60635.96,0,255,Active
105521,26,Male,66,71851.02,1,23,Active
105522,27,F,32,22405.72,2,327,Active
105523,44,Male,10,9286.93,0,72,ACTIVE
105524,27,Female,25,71562.86,0,118,Active
105525,24,Male,45,55800.78,1,399,ACTIVE
105526,27,Male,24,66944.54,0,38,Active
105527,48,Female,3,27704.84,3,156,Active
105528,35,Female,62,36820.61,2,347,Churned
105529,32,Female,67,,0,127,Active
105530,33,Female,55,35006.88,0,277,Active
105531,50,Female,10,50735.05,3,27,Active
105532,26,Female,55,53155.11,0,56,Active
105533,50,F,22,62946.42,2,125,ACTIVE
105534,37,Female,14,73163.25,0,362,Active
105535,33,,8,25782.55,0,398,active
105536,65,M,15,19311.36,0,21,Churned
105537,22,Male,15,6750.24,0,14,Churned
105538,30,Male,52,64383.78,1,241,Churned
105539,20,Female,70,22658.31,4,107,Churned
105540,46,Female,54,,0,70,ACTIVE
105541,55,Female,42,₹65030.01,0,204,Active
105542,55,Female,19,38733.3,0,28,Active
105543,49,Male,40,63035.18,0,369,Churned
105544,32,Male,69,42031.67,0,221,Active
105545,30,Male,27,24216.0,5,102,Active
105546,14,Female,43,10603.84,1,67,Churned
105547,59,Female,52,33349.95,2,124,Active
105548,40,Male,46,2964.63,0,289,Active
105549,29,Female,14,45582.0,1,242,CHURNED
105550,50,Male,64,32647.18,1,12,Active
105551,23,Male,61,11472.75,3,396,Churned
105552,39,Female,58,40237.35,0,203,Active
105553,32,Male,49,60267.39,3,220,ACTIVE
105554,42,Female,29,73135.22,0,179,Active
105555,34,M,26,40024.53,4,226,Active
105556,17,M,27,10586.77,0,214,Active
105557,35,Male,67,60992.26,1,359,Active
105558,47,Female,67,52488.36,0,268,Churned
105559,34,Female,35,71593.87,0,19,Active
105560,44,Female,60,40605.76,0,351,Churned
105561,22,Female,61,27425.69,0,315,Active
105562,34,Male,70,72250.17,1,373,Active
105563,27,Male,3,40844.9,0,269,Active
105564,43,Female,33,2177.02,0,275,Active
105565,35,Female,42,36051.51,3,164,Churned
105566,43,Male,13,1175.97,0,214,Active
105567,48,Male,29,55590.38,5,222,Active
105568,43,Female,9,42879.94,3,388,Active
105569,38,Male,32,9125.28,1,269,Churned
105570,23,Male,22,61162.84,0,84,active
105571,34,Male,58,40696.36,0,231,Churned
105572,28,Male,57,9440.47,1,390,Active
105573,30,Female,10,12840.8,0,44,Active
105574,30,Male,25,61835.69,2,76,Active
105575,23,Male,62,₹27306.03,3,365,Active
105576,11,Male,63,61761.11,5,337,Active
105577,26,Male,3,6143.25,1,392,Active
105578,37,Female,47,19045.57,5,161,Active
105579,18,Male,55,57579.11,0,236,Active
105580,35,Female,26,48485.96,3,377,Active
105581,57,Male,13,23705.01,0,308,Active
105582,47,Male,7,70265.96,0,359,Active
105583,54,Male,34,₹16618.9,0,117,CHURNED
105584,39,Male,22,63883.69,0,90,active
105585,49,Female,23,52485.05,0,339,Active
105586,26,Female,48,9962.66,5,269,CHURNED
105587,27,M,14,42078.56,0,376,Churned
105588,2,Male,52,69813.16,0,254,Active
105589,49,Male,39,46798.31,0,138,Active
105590,53,Male,41,40131.75,0,95,Active
105591,28,Female,36,28107.92,0,155,Active
105592,31,Male,6,59370.32,5,195,Active
105593,25,Female,23,68566.38,1,325,Active
105594,39,Male,10,56745.44,2,5,Active
105595,48,Male,60,54668.45,1,71,Active
105596,14,F,30,15244.29,2,104,Active
105597,39,Female,70,62714.99,1,56,Active
105598,31,Female,5,4011.49,2,307,Churned
105599,36,Female,57,57044.75,1,312,Active
105600,40,Female,43,16604.38,1,170,Active
105601,32,Male,52,37057.33,0,141,Churned
105602,33,Female,6,52447.31,0,34,active
105603,32,Male,2,57171.8,3,356,Churned
105604,46,Female,17,66718.21,0,53,Active
105605,40,Female,12,21911.82,1,3,Active
105606,37,Female,44,17599.7,1,330,Active
105607,19,Female,54,74722.22,2,250,Churned
105608,30,Female,7,16359.3,0,107,Active
105609,45,Male,32,50245.58,1,99,Churned
105610,35,Male,29,71503.11,1,293,Churned
105611,42,Male,46,67345.14,2,180,ACTIVE
105612,56,Female,53,33801.49,1,134,Active
105613,47,,25,48181.04,1,149,Churned
105614,36,Male,53,40153.12,4,301,Churned
105615,28,Male,29,26652.51,0,133,Active
105616,4,Female,6,11687.24,0,259,Active
105617,32,M,38,60451.17,2,276,Active
105618,31,Female,3,7692.68,0,204,Churned
105619,39,Male,35,46112.43,1,61,Active
105620,-5,,55,44983.32,1,160,Churned
105621,31,M,47,25777.0,0,147,Churned
105622,13,Male,33,11020.23,0,143,Churned
105623,23,F,3,60173.15,0,330,ACTIVE
105624,40,Female,69,35182.41,0,313,Active
105625,55,Male,59,54670.19,0,154,CHURNED
105626,33,Female,18,2219.95,1,326,Churned
105627,38,M,66,6513.23,2,111,CHURNED
105628,46,Female,25,14012.73,0,90,Churned
105629,25,Male,20,9424.02,0,386,Active
105630,39,,71,15186.3,1,49,Active
105631,26,Male,69,51800.12,1,131,Active
105632,45,Female,29,4477.78,2,211,Active
105633,36,Female,18,3802.06,1,228,Active
105634,38,Male,27,3342.26,0,253,Churned
105635,25,Male,42,52626.04,0,94,Active
105636,43,M,66,40674.02,3,165,Active
105637,60,Female,26,28397.94,0,109,Active
105638,22,Female,23,50994.99,0,60,Active
105639,30,Female,5,41966.72,3,98,Active
105640,37,Female,11,1542.78,0,187,Churned
105641,44,Female,19,63052.68,0,236,Active
105642,28,Male,12,26913.64,0,81,Active
105643,1,Male,2,30567.53,3,42,Churned
105644,51,M,43,58889.46,1,151,CHURNED
105645,44,Female,22,₹14844.72,0,73,Active
105646,14,Male,26,1745.32,2,27,active
105647,27,F,33,68254.04,0,81,active
105648,53,Female,24,38405.39,0,233,Active
105649,52,Male,69,26865.01,4,174,Active
105650,46,,21,61609.37,1,273,Active
105651,32,Female,46,2945.82,2,113,Churned
105652,35,Male,18,15969.52,4,386,Churned
105653,33,Male,5,12491.32,2,250,Churned
105654,48,Female,8,55599.47,0,251,ACTIVE
105655,24,Female,57,24094.42,0,15,Active
105656,25,Male,5,58195.1,0,374,Active
105657,47,Male,13,4069.26,0,169,Churned
105658,34,Male,66,46000.55,1,73,Active
105659,51,Female,37,24548.33,1,270,Active
105660,26,Male,29,14832.08,1,264,Active
105661,34,Male,69,61440.61,1,332,ACTIVE
105662,23,Female,32,31506.51,0,391,Churned
105663,35,Female,48,43300.59,3,67,Active
105664,17,Female,2,3448.2,2,259,Active
105665,29,Male,69,59580.21,1,132,Active
105666,17,Female,51,22229.31,0,124,Churned
105667,43,Male,35,52312.05,1,224,Churned
105668,43,,15,57275.12,1,174,Active
105669,14,Female,65,9666.6,1,270,Active
105670,51,Male,38,22896.64,0,387,CHURNED
105671,64,Male,17,54534.57,2,141,Active
105672,35,Female,45,18181.14,0,136,Active
105673,27,Female,1,63764.87,3,230,Churned
105674,68,Female,3,24086.04,0,386,Active
105675,999,M,70,30772.44,0,102,Active
105676,35,Female,52,8381.01,0,372,Active
105677,37,Female,53,11927.96,0,302,Active
105678,51,M,3,21381.2,0,287,Active
105679,39,Female,47,4619.25,3,91,Active
105680,29,Female,6,15284.39,0,209,Active
105681,23,,46,31261.78,1,35,Churned
105682,30,Male,61,29117.21,0,62,Active
105683,22,Male,43,15703.38,1,152,Active
105684,35,F,56,6953.35,2,65,active
105685,28,Female,70,24542.94,0,221,Churned
105686,-5,F,20,56155.65,0,346,Active
105687,50,Male,47,38747.37,0,300,Active
105688,-5,Female,54,71063.49,1,355,Churned
105689,19,Male,41,11351.59,0,51,Active
105690,32,Female,66,,3,108,Active
105691,35,Male,31,21742.17,0,344,Active
105692,14,Male,64,1962.14,5,174,Active
105693,38,Male,58,70810.16,0,289,Churned
105694,22,Female,55,33956.92,0,192,Churned
105695,55,Male,46,36642.06,0,357,Active
105696,41,Male,24,12681.45,0,167,Active
105697,30,Male,37,65579.63,5,244,Active
105698,26,Male,41,52254.79,1,255,Active
105699,33,F,25,32920.71,0,58,Active
105700,42,Male,29,,1,371,Active
105701,34,Male,31,68003.87,2,26,Churned
105702,32,M,2,4661.56,0,117,Active
105703,35,Female,12,9830.02,1,242,Active
105704,27,Female,5,3044.49,0,230,Churned
105705,30,Female,61,44048.04,1,331,CHURNED
105706,9,F,56,17127.85,0,253,Churned
105707,46,Male,71,63524.68,1,93,Active
105708,38,,37,35477.63,1,221,Active
105709,999,M,36,62990.52,1,195,Churned
105710,57,Female,29,42114.79,4,201,Active
105711,36,Female,38,59916.42,4,227,Active
105712,22,Female,41,28517.27,0,57,Active
105713,45,Male,33,70959.14,0,70,Active
105714,39,Male,13,50369.75,0,248,Active
105715,39,,6,45066.3,0,73,active
105716,29,Female,66,27074.39,1,255,Active
105717,40,Male,8,70351.61,0,264,Active
105718,31,Female,64,25992.35,1,91,ACTIVE
105719,41,Female,9,62853.6,0,126,Churned
105720,12,Male,23,30918.81,0,290,Churned
105721,29,Female,71,57771.62,3,240,Active
105722,55,Female,21,68478.97,0,325,Active
105723,25,Male,1,35454.93,0,10,Churned
105724,27,,46,39934.01,0,212,ACTIVE
105725,29,Male,62,25445.38,0,22,Active
105726,20,Female,2,5047.48,2,396,Churned
105727,-5,Male,44,49283.61,0,157,Active
105728,32,Female,5,9853.55,1,159,Active
105729,36,Male,39,27200.36,2,262,Active
105730,34,Male,66,26862.55,2,110,Churned
105731,33,M,45,12174.28,0,263,Active
105732,35,Male,13,50336.56,0,353,Active
105733,47,Female,32,,0,366,Churned
105734,32,Female,43,58596.89,0,13,Active
105735,28,,8,19446.65,1,63,Active
105736,31,Female,59,22259.27,0,24,ACTIVE
105737,41,Male,11,26435.89,0,350,Churned
105738,51,Male,28,12303.69,1,353,Churned
105739,27,F,39,33135.57,1,340,Churned
105740,36,M,26,6944.06,2,19,Active
105741,39,Male,26,32606.59,0,339,Active
105742,23,Female,32,26153.5,1,230,Active
105743,35,Female,46,26031.64,0,88,Churned
105744,17,,28,49889.89,99,69,Active
105745,13,F,7,,0,150,Churned
105746,39,,35,27343.89,0,316,Churned
105747,30,M,66,20389.09,5,278,Active
105748,37,F,22,37581.86,0,92,Churned
105749,34,Male,22,59291.21,3,145,Churned
105750,23,M,3,48698.4,0,351,Active
105751,34,Female,46,3812.1,0,175,Active
105752,20,,50,36514.78,0,391,Churned
105753,51,Female,8,74331.41,4,145,CHURNED
105754,18,Male,4,27131.44,0,191,Active
105755,32,Female,15,33613.04,0,135,Active
105756,22,Female,44,,5,29,Churned
105757,41,Male,39,37829.41,1,237,Active
105758,31,Male,29,12908.18,0,200,Churned
105759,28,Female,62,19279.01,0,260,Churned
105760,45,Male,34,53668.49,0,360,Active
105761,35,Male,26,11233.22,3,118,Churned
105762,41,Male,18,69534.64,2,272,Active
105763,23,F,63,23789.07,0,80,Active
105764,18,Female,52,43551.86,0,342,Active
105765,36,Male,54,₹24815.47,3,75,Churned
105766,31,Female,42,36374.28,0,187,active
105767,42,Female,54,67881.3,1,41,Active
105768,34,Male,52,6074.72,0,246,Churned
105769,37,Male,13,64369.35,3,316,Active
105770,15,Female,32,42260.45,0,58,Active
105771,57,Female,66,50215.27,3,230,Active
105772,33,Female,58,5135.64,0,112,Churned
105773,43,Female,39,57343.53,0,204,Active
105774,24,Male,27,10455.6,1,40,Active
105775,38,,54,72396.77,0,58,ACTIVE
105776,19,Male,43,60147.26,2,189,ACTIVE
105777,40,Female,52,37472.23,0,173,Churned
105778,30,Male,14,69388.35,1,77,Churned
105779,35,Male,8,,1,48,Churned
105780,43,Female,35,74383.13,4,90,ACTIVE
105781,20,Male,18,54044.61,3,11,Active
105782,26,Female,55,8279.97,0,56,ACTIVE
105783,40,Male,52,40707.77,0,279,CHURNED
105784,60,Female,49,53604.85,1,33,Churned
105785,33,Female,8,46363.65,2,180,Active
105786,42,Male,37,32372.26,0,116,Active
105787,33,M,66,19362.57,0,28,ACTIVE
105788,58,Male,41,18628.98,0,115,Active
105789,14,Male,27,₹69594.33,0,388,Churned
105790,36,Female,20,18370.82,0,220,Churned
105791,15,Female,38,72217.97,1,226,ACTIVE
105792,4,Female,12,16556.72,0,243,Active
105793,38,Male,42,29437.0,0,179,Active
105794,36,M,50,1911.93,1,394,Active
105795,31,Female,31,67832.65,0,308,Active
105796,33,Male,65,8722.02,0,200,Active
105797,72,Male,53,27442.37,0,265,Active
105798,31,M,40,,1,274,Active
105799,41,Female,39,59600.45,0,194,Churned
105800,27,Male,10,63271.08,0,82,Active
105801,38,Male,29,68643.96,2,168,CHURNED
105802,32,Male,40,68419.24,1,66,Churned
105803,30,Female,30,58016.94,0,22,Active
105804,56,M,2,44099.35,0,336,Active
105805,49,Female,28,42554.65,0,101,Churned
105806,36,Female,47,1956.05,0,352,Active
105807,7,F,32,54470.2,3,330,Active
105808,30,Female,32,17774.08,0,361,Active
105809,67,Female,27,62323.61,1,176,Active
105810,32,Male,54,41981.5,0,272,Active
105811,48,Female,56,74056.34,0,49,Active
105812,52,Female,31,16560.24,4,354,Active
105813,37,Male,24,54536.44,3,101,Active
105814,24,,35,41517.5,2,63,Churned
105815,5,F,30,69953.71,0,312,Active
105816,43,Female,55,20683.53,1,354,Active
105817,25,Female,64,,0,364,Active
105818,37,Female,33,41246.06,5,333,ACTIVE
105819,20,Male,46,39599.36,0,37,Active
105820,31,Male,33,24066.33,4,396,Active
105821,35,Female,68,74003.8,2,207,Active
105822,38,Female,64,₹6158.65,0,222,Active
105823,21,F,30,43144.49,0,223,ACTIVE
105824,49,Male,29,20256.05,2,349,Churned
105825,27,Female,62,1141.49,3,354,Active
105826,14,Female,30,74100.84,0,32,Active
105827,33,Female,12,36639.35,0,364,Active
105828,35,F,67,64432.1,0,151,active
105829,36,,15,63164.98,0,74,Active
105830,51,Male,10,61108.6,2,72,CHURNED
105831,32,Male,61,34967.28,5,277,Active
105832,33,Male,23,67298.55,1,203,Active
105833,21,Female,11,28178.14,2,396,Active
105834,44,Male,16,31220.63,0,103,Active
105835,37,Female,49,₹19922.18,1,175,Active
105836,29,Female,14,34158.3,0,211,Active
105837,12,Female,6,74001.02,3,253,Active
105838,52,Female,42,43419.81,0,354,Active
105839,20,Female,17,62501.23,0,318,Active
105840,-5,Female,42,20487.38,99,294,active
105841,39,Male,10,71738.13,4,354,Active
105842,20,Female,46,1974.82,0,366,Active
105843,17,Female,49,69838.15,0,154,Active
105844,9,Female,9,67452.29,4,296,Churned
105845,43,F,39,5984.36,2,144,Active
105846,28,F,2,45758.66,4,19,Active
105847,70,M,68,59108.06,1,29,Active
105848,23,Male,52,30881.78,0,365,Active
105849,23,Female,11,7797.44,0,189,Active
105850,28,Male,37,62375.59,1,164,Active
105851,37,Male,22,35520.88,4,341,Active
105852,29,Male,52,20480.51,1,266,Churned
105853,42,Male,5,6243.3,0,175,Churned
105854,23,Male,2,48372.72,1,172,Active
105855,18,Female,5,4130.34,1,116,Active
105856,13,,32,,1,364,Active
105857,8,Male,19,58035.65,1,251,Active
105858,28,F,4,24897.76,0,7,Churned
105859,31,Male,46,35949.26,0,197,Active
105860,27,Male,26,50522.25,2,275,Active
105861,49,Female,50,71975.17,0,366,CHURNED
105862,-5,Female,26,39491.18,0,33,Active
105863,30,Male,71,74754.3,0,152,Active
105864,13,Male,32,25057.83,3,23,Active
105865,28,Female,44,39960.4,0,255,Active
105866,27,Male,26,9555.55,0,86,Churned
105867,999,Female,61,42176.53,0,356,Active
105868,26,Female,51,40687.18,0,181,Active
105869,27,Male,59,63812.23,2,366,Active
105870,30,F,38,74744.82,1,149,Active
105871,27,Male,26,73977.18,3,338,active
105872,-5,Female,45,18486.29,0,102,Active
105873,39,Female,31,26044.97,1,91,active
105874,24,,70,21324.62,2,37,Churned
105875,50,Female,45,15776.29,0,49,Churned
105876,23,Female,31,12110.06,0,39,Active
105877,15,Male,61,38869.06,1,30,Active
105878,39,Female,48,65564.91,1,43,Active
105879,25,Female,45,44650.2,0,206,active
105880,38,Female,60,65577.11,0,226,Churned
105881,6,M,61,72002.6,0,32,Churned
105882,51,Male,52,29352.47,1,126,Active
105883,43,F,52,62839.42,2,95,ACTIVE
105884,16,M,62,,0,2,Churned
105885,17,Female,26,36599.41,1,303,Churned
105886,55,Female,67,28253.94,1,99,Active
105887,26,Male,49,16159.04,0,23,active
105888,-5,,44,33441.07,0,390,Active
105889,999,Male,36,33833.99,0,341,Active
105890,30,Female,53,60831.93,2,218,Active
105891,32,Female,44,65299.98,0,222,Active
105892,43,F,22,49614.33,1,297,Active
105893,18,Female,2,47870.72,0,298,Active
105894,16,Female,7,9153.5,3,72,Churned
105895,40,Male,16,43569.37,0,167,active
105896,47,Male,44,21308.91,5,225,ACTIVE
105897,16,Male,65,22812.44,0,138,Active
105898,47,F,71,8013.32,0,210,Active
105899,35,Female,69,48054.24,0,112,Churned
105900,48,Female,61,44201.82,4,228,Active
105901,34,Female,30,17300.17,3,233,ACTIVE
105902,4,Female,42,20464.73,0,50,Churned
105903,33,Male,25,,1,331,Churned
105904,47,Male,71,59677.07,1,236,Active
105905,24,Male,57,37488.26,0,392,active
105906,30,Female,32,12026.2,0,257,Active
105907,32,Male,50,5113.84,0,200,active
105908,0,Female,10,21088.7,2,197,ACTIVE
105909,55,Female,22,55107.75,0,1,Active
105910,24,Female,41,45460.43,0,283,ACTIVE
105911,41,Male,47,54139.9,0,365,Active
105912,33,Male,14,35909.35,4,189,Churned
105913,50,Male,3,56848.24,0,125,Active
105914,39,Female,53,36579.63,0,176,Active
105915,32,Male,16,7217.09,1,279,Churned
105916,24,M,61,6909.51,2,395,active
105917,44,Female,28,62531.2,2,365,Active
105918,12,Male,35,47592.2,2,139,Active
105919,42,Female,2,21655.4,0,356,Active
105920,21,Female,61,57030.98,0,102,active
105921,50,Female,56,11044.41,2,287,Active
105922,36,Male,55,48748.02,4,311,CHURNED
105923,42,Male,18,74221.96,0,318,active
105924,35,Male,71,12101.45,0,147,CHURNED
105925,13,Male,49,11503.92,0,352,Churned
105926,24,Female,42,35619.75,3,296,Active
105927,43,Female,7,48556.94,0,358,Churned
105928,36,F,4,2964.43,2,273,Churned
105929,49,Male,43,37975.65,0,355,active
105930,39,Male,59,7154.61,0,12,Churned
105931,23,Female,49,18857.96,3,143,Active
105932,25,Male,60,53717.42,2,167,Active
105933,36,Male,6,55676.01,1,269,Active
105934,7,Female,20,55000.2,0,94,Churned
105935,55,Male,31,5820.83,0,106,Active
105936,40,Female,22,59220.47,0,275,Active
105937,49,Male,32,32983.32,1,201,Active
105938,16,Female,47,36172.91,1,313,ACTIVE
105939,49,M,34,32057.09,0,92,Active
105940,61,Male,27,64419.66,0,236,Active
105941,19,F,44,,1,60,Active
105942,44,Female,30,38001.91,4,235,active
105943,-5,F,33,62737.24,0,184,CHURNED
105944,16,Male,27,60596.9,0,360,Churned
105945,40,Female,56,1373.27,1,233,Active
105946,45,Female,23,36437.12,0,388,Active
105947,27,Female,43,4126.21,3,127,Active
105948,48,Female,54,23731.8,3,101,Active
105949,14,Female,68,60483.96,1,135,Churned
105950,17,F,53,70859.87,1,233,Churned
105951,36,Male,40,18912.93,5,68,Churned
105952,35,Male,60,2585.46,2,87,Churned
105953,26,Female,9,30772.89,1,236,Active
105954,44,Female,10,25798.79,3,108,Active
105955,41,Female,10,51095.5,1,137,Churned
105956,45,Female,30,37634.27,0,377,ACTIVE
105957,33,,10,30514.7,0,265,Churned
105958,42,Female,58,17987.11,0,387,Active
105959,29,Male,36,62307.55,1,333,CHURNED
105960,59,Male,44,19380.81,3,63,Active
105961,25,,57,5050.39,0,230,Active
105962,60,Female,43,42781.18,1,375,Active
105963,35,F,23,24483.81,0,238,Active
105964,18,Male,4,53720.2,4,349,Active
105965,51,Female,12,6984.5,0,247,Active
105966,36,Female,49,72506.76,1,386,Active
105967,45,Male,24,14827.49,1,159,Active
105968,49,Female,13,27422.21,0,38,Active
105969,39,Female,68,36590.67,3,244,Active
105970,27,Female,34,66868.7,0,7,Churned
105971,46,M,9,54468.03,0,360,Active
105972,35,M,10,11717.31,1,394,Churned
105973,43,M,65,33457.41,0,77,Active
105974,9,M,54,41175.48,1,257,Active
105975,40,Female,43,52957.3,0,37,Churned
105976,27,Male,59,43314.26,0,350,Churned
105977,54,M,59,34842.78,2,66,Churned
105978,42,Female,67,,1,100,Active
105979,37,Male,61,28976.26,0,332,Churned
105980,40,Female,38,74050.78,0,261,active
105981,23,Male,8,71135.91,1,312,Active
105982,54,Female,65,53346.15,0,42,ACTIVE
105983,58,Male,5,66313.28,4,49,Active
105984,39,Male,43,30094.99,1,302,Churned
105985,54,,60,44028.8,0,71,Active
105986,28,Female,26,21176.48,1,246,Churned
105987,25,Female,11,66537.31,1,2,Active
105988,35,Female,34,35855.85,2,323,Active
105989,40,M,2,40674.63,4,388,Active
105990,-5,Female,21,64977.99,5,62,CHURNED
105991,41,Female,26,59998.61,2,368,Active
105992,38,,5,24809.0,1,336,Active
105993,23,Male,9,7469.64,0,27,Churned
105994,41,F,50,₹12994.9,0,342,Active
105995,45,Female,10,26093.09,0,67,Active
105996,37,Female,58,23591.52,0,369,Active
105997,48,Male,10,3834.98,0,378,Active
105998,20,Female,36,32972.82,5,145,Active
105999,40,Female,56,8832.92,2,214,Active
106000,20,,62,17345.84,0,327,Active
106001,21,,37,59273.76,0,57,Active
106002,27,,41,37621.09,1,286,Active
106003,23,Male,48,28598.53,0,211,Active
106004,28,,22,14722.21,0,193,Churned
106005,32,Female,61,65104.73,0,114,Active
106006,45,M,48,67873.04,0,122,Active
106007,31,Male,64,39382.17,1,360,Churned
106008,15,Female,37,69174.33,0,103,Active
106009,48,,41,35394.38,0,155,Active
106010,24,F,5,8935.94,0,74,Active
106011,34,Female,52,2260.93,0,354,Active
106012,40,Female,17,10499.96,2,175,active
106013,999,Male,62,47076.57,1,14,CHURNED
106014,48,Female,52,24746.98,1,386,Churned
106015,40,Female,20,48974.87,1,167,Active
106016,24,Male,16,38590.23,0,55,Active
106017,61,Male,7,25642.93,0,26,Active
106018,37,Male,66,,3,44,CHURNED
106019,33,Female,12,6997.24,3,69,Churned
106020,46,Male,43,,0,38,Active
106021,37,Female,40,61606.31,5,336,Active
106022,39,Male,1,41067.36,4,12,Active
106023,64,Female,58,12625.01,3,105,Active
106024,31,Female,3,20501.15,0,244,Active
106025,31,Female,8,71680.75,3,364,Churned
106026,36,Female,61,17719.62,1,273,active
106027,47,Female,5,5203.56,0,281,Active
106028,16,Male,26,41703.66,2,192,active
106029,11,M,17,20381.63,0,88,ACTIVE
106030,27,Male,66,71850.18,0,139,ACTIVE
106031,15,Male,51,43532.82,3,146,Churned
106032,29,Female,47,72470.29,3,164,CHURNED
106033,41,Male,40,59132.67,3,259,Active
106034,24,M,27,54508.28,3,339,Active
106035,17,Male,40,62446.98,1,326,Active
106036,35,Female,1,45761.53,1,87,Active
106037,45,Male,46,1822.98,4,327,active
106038,14,Male,11,30042.39,0,367,Churned
106039,44,Male,39,17207.34,3,364,Active
106040,44,M,18,33139.14,1,239,active
106041,46,,47,35820.66,5,265,Active
106042,49,Female,21,10459.5,1,194,Active
106043,61,M,28,2733.93,0,128,Active
106044,30,Female,1,11226.82,3,122,Active
106045,36,,14,64449.61,1,244,Active
106046,30,M,20,56933.21,0,47,Churned
106047,35,Male,45,60118.07,0,320,Active
106048,53,Female,61,21446.69,1,365,active
106049,18,Female,27,18471.34,0,112,Churned
106050,24,Male,56,3765.56,3,303,Active
106051,51,Male,52,35947.87,0,75,Churned
106052,47,F,68,29298.26,1,381,Active
106053,30,F,37,62855.57,0,298,Active
106054,45,Female,31,51458.2,0,305,Churned
106055,39,,49,11677.16,0,30,ACTIVE
106056,53,M,53,74049.48,1,8,active
106057,35,Male,39,58027.41,1,341,Active
106058,47,Male,10,54297.58,1,8,Active
106059,66,Male,9,17029.55,3,239,Churned
106060,42,Male,13,67981.59,1,191,Churned
106061,35,Male,18,36070.14,2,128,Active
106062,43,Female,12,23026.54,0,11,Active
106063,30,M,5,49457.69,0,256,Active
106064,63,M,7,16669.65,0,233,CHURNED
106065,37,Female,15,68159.86,0,377,Active
106066,31,F,67,64221.43,0,186,Active
106067,24,Female,18,35403.44,0,121,active
106068,48,F,38,15108.65,3,167,Churned
106069,45,Female,26,37741.31,1,144,active
106070,29,Male,38,12036.23,5,327,Active
106071,41,F,59,20968.82,3,388,Active
106072,16,Male,52,36722.2,5,352,Churned
106073,37,Female,33,2564.34,0,101,Active
106074,40,Male,21,57663.47,0,22,Active
106075,55,Female,17,15571.7,0,199,Active
106076,25,,62,65129.23,5,269,Active
106077,19,Male,59,2647.23,0,82,Active
106078,24,F,2,40377.75,0,170,Churned
106079,18,Male,64,58472.17,0,13,Churned
106080,51,Male,25,₹18608.18,0,382,Active
106081,53,Male,41,53358.93,1,197,Churned
106082,38,Female,19,54344.22,1,95,Churned
106083,49,Male,38,48200.43,2,267,Active
106084,36,Female,25,27954.7,1,319,Active
106085,33,Male,39,59094.8,0,358,Active
106086,31,Male,4,47504.1,0,51,Active
106087,31,Female,3,44688.73,1,188,Active
106088,16,Male,34,61617.93,0,303,Active
106089,-5,Male,10,19103.22,0,4,Active
106090,34,Male,27,18204.11,3,263,CHURNED
106091,43,Female,1,29597.07,1,343,CHURNED
106092,36,Female,44,6411.85,0,31,active
106093,33,Male,52,25967.12,3,118,Active
106094,24,Male,25,31064.13,0,209,Active
106095,35,Female,65,37634.31,1,202,ACTIVE
106096,43,Male,11,19797.0,1,86,Active
106097,21,F,68,68106.34,2,30,Churned
106098,36,Female,15,22095.8,0,157,Active
106099,37,Female,57,64014.76,3,209,Active
106100,26,Male,64,33926.48,0,43,Active
106101,27,Female,11,54143.6,0,85,Active
106102,37,M,20,9206.78,0,176,active
106103,21,Female,30,41303.15,0,231,Churned
106104,39,Female,10,72101.12,0,360,Active
106105,24,Female,54,,0,368,Churned
106106,47,Female,58,61701.41,0,150,Active
106107,63,Male,29,20319.21,3,319,Active
106108,24,Female,1,60212.5,0,260,Churned
106109,41,Male,58,26992.75,0,346,active
106110,26,Female,21,36895.78,3,378,Active
106111,47,M,15,,0,3,Active
106112,19,M,67,36941.68,0,337,Active
106113,40,Female,33,39161.94,0,235,ACTIVE
106114,24,Male,38,47052.21,0,339,Active
106115,32,Male,19,65278.9,2,82,Churned
106116,22,Female,4,23558.99,0,252,Churned
106117,44,F,58,73826.12,0,373,Churned
106118,24,Female,70,63729.06,0,399,Active
106119,41,Male,12,30816.27,0,307,Active
106120,30,F,17,17773.11,0,154,Active
106121,33,,1,6290.6,0,291,Churned
106122,36,Female,14,18342.95,1,382,Churned
106123,25,Female,2,66454.7,1,336,Churned
106124,37,Female,4,22610.32,2,271,Active
106125,53,Female,66,11210.51,3,389,Active
106126,25,,46,2677.92,1,174,Churned
106127,49,Male,50,23028.35,0,24,Active
106128,52,Female,60,16995.3,0,2,active
106129,25,Female,52,8562.97,0,187,Churned
106130,17,F,48,71380.35,0,164,Churned
106131,38,M,39,20804.02,5,45,Churned
106132,28,,70,1457.09,2,351,Churned
106133,57,Female,60,70876.39,0,94,Active
106134,35,M,30,43809.98,0,204,Active
106135,25,Female,27,7128.16,2,123,Churned
106136,21,Female,55,3325.23,1,37,Active
106137,48,Male,70,8980.83,0,118,ACTIVE
106138,28,M,26,,0,341,Active
106139,35,,42,5578.5,0,140,Active
106140,46,Male,67,43042.4,3,122,Active
106141,29,Male,67,49288.04,0,232,active
106142,34,M,52,11920.68,2,229,Active
106143,34,Female,6,37144.02,1,228,active
106144,43,,10,72327.11,2,373,Churned
106145,42,Male,38,62900.15,0,328,Active
106146,32,Male,12,54528.96,2,219,Active
106147,35,Female,46,39312.4,2,155,Active
106148,30,Male,49,30176.33,0,356,Active
106149,17,Male,63,34406.17,0,7,active
106150,38,Male,69,57581.14,5,3,Churned
106151,57,Male,43,42018.05,0,4,Active
106152,24,Male,60,57584.39,1,216,Active
106153,25,,29,72770.6,2,264,ACTIVE
106154,24,Male,11,48398.05,0,45,Active
106155,-5,Female,35,45629.66,2,205,Churned
106156,40,F,23,31055.98,0,201,Churned
106157,33,Female,21,15559.79,0,250,Active
106158,23,Female,37,28690.85,1,212,ACTIVE
106159,36,Female,28,39487.19,3,133,Active
106160,16,M,58,3579.32,1,174,Active
106161,36,M,53,36209.57,3,69,ACTIVE
106162,45,Female,28,64799.05,0,291,Active
106163,19,F,42,73270.2,2,143,Active
106164,16,Female,61,64310.6,0,17,Active
106165,53,Male,33,13726.65,0,332,Active
106166,27,F,55,12470.98,1,248,Active
106167,48,Female,37,30105.1,0,228,Active
106168,33,F,47,17681.85,0,171,Active
106169,33,Male,36,51023.59,3,378,Active
106170,40,Male,28,7257.3,4,335,Active
106171,24,F,10,33835.22,0,206,Churned
106172,36,Male,23,21746.36,1,91,Active
106173,30,F,5,45059.81,0,114,Churned
106174,19,,6,59982.81,3,22,Active
106175,39,F,42,69343.67,0,137,Active
106176,31,Female,47,72325.1,0,303,Active
106177,-5,Female,28,26988.4,1,213,Active
106178,20,M,13,64332.74,0,3,Active
106179,54,Female,25,44805.27,0,287,Active
106180,45,Female,7,52226.9,0,13,Churned
106181,46,,66,63983.66,5,2,Active
106182,31,Female,58,10628.38,3,367,Active
106183,14,,66,71108.14,3,263,Active
106184,58,Male,36,41507.38,0,285,ACTIVE
106185,34,Male,2,25864.25,5,388,Churned
106186,26,Female,38,26066.11,2,132,Active
106187,40,Male,14,56574.02,0,344,Active
106188,49,Female,27,51220.83,3,234,Active
106189,34,Male,15,54981.53,2,243,Active
106190,50,,12,19721.67,2,173,Churned
106191,47,Male,43,13594.52,2,383,Churned
106192,999,Female,57,54417.61,3,264,Active
106193,26,Male,48,,4,42,Active
106194,-5,Female,61,,0,145,Active
106195,2,Male,44,16881.03,99,393,Active
106196,33,Male,52,11981.67,3,340,Churned
106197,17,Female,62,32584.36,0,325,Active
106198,29,Male,2,20310.19,0,355,active
106199,31,Male,71,67146.05,0,297,active
106200,30,Female,31,51996.33,2,54,Churned
106201,28,Male,33,56045.79,1,160,Active
106202,21,Female,5,30867.18,0,223,Active
106203,62,Male,58,45415.5,0,223,Active
106204,57,Male,11,38059.04,5,377,Active
106205,21,Female,23,13391.41,3,43,active
106206,53,Male,45,4541.17,0,69,Active
106207,30,F,27,51580.37,1,371,Active
106208,36,F,56,9966.76,4,100,Active
106209,34,Male,59,5243.84,0,204,Active
106210,27,,40,33698.18,0,208,Active
106211,46,Male,18,55613.95,2,272,Active
106212,36,Male,51,57896.26,1,161,Churned
106213,29,Male,61,65636.75,0,154,Churned
106214,19,Female,23,15741.84,99,387,Active
106215,24,Female,36,73936.21,1,279,Active
106216,15,Male,38,57477.47,0,89,Active
106217,35,M,56,12633.79,0,182,Active
106218,20,Female,39,63213.38,2,340,Active
106219,31,Male,69,37922.99,0,47,Churned
106220,51,Female,28,5924.43,1,244,Churned
106221,49,F,21,10771.09,0,249,active
106222,34,Male,62,33108.1,1,241,Active
106223,33,Male,23,40257.5,3,118,ACTIVE
106224,57,Female,21,71114.44,3,164,CHURNED
106225,41,Female,16,16962.72,3,291,Active
106226,31,Female,62,36083.73,0,171,Active
106227,17,Male,65,17715.82,0,5,Active
106228,-5,Female,5,42321.65,3,260,Active
106229,44,Female,46,68289.54,0,58,ACTIVE
106230,27,Female,64,43013.54,0,200,Churned
106231,38,Male,41,38745.22,1,363,Active
106232,30,Female,44,56509.58,3,138,Churned
106233,32,Male,15,11923.4,3,379,ACTIVE
106234,5,Female,68,68015.51,1,318,Active
106235,32,F,51,43744.91,5,378,Active
106236,46,Female,54,51786.9,2,237,Active
106237,27,Male,68,61603.1,1,148,Churned
106238,35,Female,42,47992.8,0,288,ACTIVE
106239,25,M,46,48449.18,0,304,Active
106240,39,Female,25,54991.99,3,219,Churned
106241,32,Female,67,4865.51,0,177,Churned
106242,23,Male,35,29283.58,1,282,Churned
106243,50,Female,22,72257.32,5,378,Active
106244,46,Female,9,20087.25,0,163,Active
106245,27,,24,,0,284,CHURNED
106246,40,Female,23,13981.63,2,321,Active
106247,41,Female,61,24922.3,0,375,Churned
106248,42,Female,37,54063.92,1,186,Churned
106249,14,Male,45,48588.96,0,6,active
106250,47,M,15,31659.41,2,50,Active
106251,28,Female,57,70417.64,0,305,active
106252,30,,14,58353.46,0,46,Active
106253,66,Female,52,20826.36,0,217,Active
106254,38,Male,36,35443.03,0,209,Churned
106255,30,Female,27,65974.55,0,346,Active
106256,8,Male,17,2662.34,0,96,Active
106257,51,Male,41,44028.51,1,25,Churned
106258,18,Male,4,18165.07,0,352,active
106259,22,Female,3,5722.69,2,125,Churned
106260,31,Female,19,68551.72,4,361,ACTIVE
106261,51,Male,41,61404.94,0,63,Active
106262,44,Female,40,14711.72,1,339,Active
106263,33,Female,58,62934.04,0,322,CHURNED
106264,38,F,39,11835.63,2,163,Churned
106265,27,Female,7,36235.94,99,336,Churned
106266,36,Female,36,54707.22,2,289,Active
106267,35,Male,20,40501.61,0,243,ACTIVE
106268,46,Female,29,63957.77,1,306,ACTIVE
106269,46,Female,68,₹46648.96,1,152,Churned
106270,40,F,66,32964.42,0,95,Active
106271,30,Male,47,,0,337,Churned
106272,43,Female,23,3685.8,1,97,Active
106273,33,Female,6,37141.52,3,293,Churned
106274,22,Male,18,49897.83,2,356,Active
106275,30,Female,53,62868.32,1,63,Active
106276,-5,F,22,41045.58,4,248,Churned
106277,45,Female,68,66528.31,2,319,Active
106278,32,,35,32544.49,1,275,Active
106279,20,Male,9,24467.52,3,39,Churned
106280,35,Female,31,73062.09,0,104,active
106281,36,Female,43,50371.39,0,83,Active
106282,37,Female,17,32507.59,5,200,ACTIVE
106283,46,,51,65986.04,4,105,Active
106284,47,Male,66,51547.95,3,179,active
106285,27,F,24,₹48207.17,0,60,Churned
106286,27,Female,15,54911.81,1,256,ACTIVE
106287,22,Male,28,55633.69,1,338,Churned
106288,43,F,3,37480.77,0,206,ACTIVE
106289,52,Female,29,32028.76,0,210,Active
106290,31,M,52,68286.92,0,229,Active
106291,32,Male,54,,0,348,ACTIVE
106292,52,M,58,16970.8,5,122,Active
106293,41,Female,45,39598.61,0,124,Active
106294,40,Male,50,3547.24,1,353,ACTIVE
106295,20,Female,22,54525.56,1,390,Active
106296,43,Male,52,10396.82,3,135,active
106297,23,Female,53,9267.6,1,188,Churned
106298,21,Male,31,71030.35,1,133,Churned
106299,30,Male,71,58169.19,0,91,Churned
106300,27,Male,48,31652.93,1,392,Active
106301,32,Female,31,18728.63,0,102,Active
106302,-5,Female,4,63418.3,1,161,Churned
106303,46,Female,35,72675.2,0,396,Active
106304,48,Male,67,38618.2,2,357,Active
106305,11,Female,64,43925.63,1,125,Active
106306,46,Female,9,18985.96,0,293,active
106307,999,Male,46,44604.52,0,143,Active
106308,45,F,56,30644.22,1,273,Active
106309,34,Female,56,63572.81,3,37,active
106310,35,Female,26,28906.36,0,259,Active
106311,32,Male,60,49009.66,0,154,Active
106312,49,Male,48,16056.48,0,104,Active
106313,20,M,58,7709.79,0,121,Active
106314,42,M,63,3986.29,3,301,CHURNED
106315,48,Male,58,31757.76,2,134,Churned
106316,43,Male,3,13101.13,0,99,Active
106317,62,Female,7,74517.53,4,216,Active
106318,28,Female,52,60080.37,0,243,Active
106319,46,M,62,52309.61,0,231,Churned
106320,33,Male,2,60445.57,0,226,Churned
106321,49,Female,33,20443.3,0,13,Active
106322,34,Male,12,66065.53,0,313,active
106323,30,Male,48,74677.09,0,235,CHURNED
106324,50,Male,53,22449.23,2,329,Active
106325,29,F,41,73864.0,0,83,Active
106326,18,Female,58,24709.34,0,243,Churned
106327,28,M,68,1867.51,2,224,Active
106328,42,Male,23,28173.84,2,341,Active
106329,51,Male,36,₹74816.11,0,224,CHURNED
106330,36,Male,21,48001.19,0,185,active
106331,50,Male,55,52464.97,0,174,CHURNED
106332,18,M,56,18637.69,0,268,Active
106333,29,Male,13,,0,97,Churned
106334,31,Male,22,66527.77,0,321,Active
106335,33,Male,7,31591.02,0,305,active
106336,36,Male,24,1303.96,2,127,Active
106337,43,Female,61,22774.2,0,388,Active
106338,29,Female,5,15484.18,1,215,Active
106339,36,Female,50,45679.15,0,28,Active
106340,34,Female,62,56953.11,0,50,CHURNED
106341,23,Male,55,37814.89,1,268,Active
106342,33,Male,26,14756.53,0,83,Active
106343,33,Female,10,5289.37,0,244,Active
106344,33,Female,11,24201.52,99,225,Churned
106345,35,Male,40,60641.29,3,18,Active
106346,35,Male,11,32044.0,1,226,Active
106347,29,Male,4,19666.58,0,363,Active
106348,50,Male,2,2533.63,1,111,Active
106349,20,Male,39,37708.59,0,367,ACTIVE
106350,26,Male,23,51676.84,0,390,Active
106351,68,Female,45,15084.38,0,324,Active
106352,22,Male,42,40751.97,1,76,Active
106353,18,Male,42,32134.67,3,23,Active
106354,43,F,29,53092.13,3,156,Churned
106355,10,Female,16,64684.76,3,203,Churned
106356,32,F,67,23721.62,0,220,Active
106357,60,Male,60,67953.06,1,40,Active
106358,16,Female,4,53314.43,5,98,Churned
106359,11,Male,16,3750.29,2,304,Active
106360,-5,Female,41,59551.97,0,162,Churned
106361,45,Male,6,37602.4,3,213,Churned
106362,48,Male,42,70964.11,2,92,active
106363,28,F,57,24948.73,0,190,Churned
106364,43,Female,28,44749.81,0,162,Active
106365,51,F,23,,0,57,Active
106366,56,Male,42,21065.82,2,233,Active
106367,32,Male,12,35924.56,0,29,Churned
106368,7,Female,64,56684.67,0,346,Active
106369,25,Female,58,52141.3,99,205,Churned
106370,29,Female,51,63064.04,3,124,Active
106371,31,F,29,39464.95,1,354,Churned
106372,32,Male,19,24600.17,1,8,Active
106373,48,Female,45,40596.26,1,349,Active
106374,50,Male,54,26897.04,3,107,Active
106375,32,Male,66,14055.86,3,360,ACTIVE
106376,48,Female,13,42067.76,2,92,CHURNED
106377,999,Female,65,4580.16,0,158,Active
106378,35,Male,12,,0,343,active
106379,45,Male,71,5778.44,2,349,Churned
106380,35,Female,14,50773.23,3,84,CHURNED
106381,59,Female,42,31117.03,1,337,Active
106382,17,Male,48,37564.52,2,39,Active
106383,28,Male,24,26411.52,0,33,Active
106384,33,Male,65,19769.08,0,334,Churned
106385,40,,17,27514.58,1,287,Churned
106386,50,F,38,15309.98,5,208,Active
106387,34,Female,28,51228.09,2,277,Active
106388,17,,33,8528.43,0,178,Active
106389,45,Female,24,39250.65,0,384,ACTIVE
106390,-5,Male,70,36285.2,0,390,Active
106391,11,Male,4,23342.35,0,188,CHURNED
106392,34,F,33,8569.41,0,215,Active
106393,15,Female,10,53048.47,5,346,Active
106394,27,M,36,43145.99,4,201,Churned
106395,24,F,31,60901.25,0,397,Active
106396,44,Female,4,18428.75,1,314,Churned
106397,36,Male,8,59575.74,3,172,active
106398,19,Male,27,22603.98,1,207,Active
106399,45,Male,36,9331.71,2,288,Active
106400,17,Male,9,10983.81,2,59,active
106401,38,Female,43,17358.33,0,359,Active
106402,25,Male,24,51499.74,5,236,Active
106403,30,Male,37,19053.17,1,81,Churned
106404,41,Female,41,45686.45,1,177,Active
106405,41,Male,26,19982.69,0,317,Active
106406,999,Female,4,,5,40,Active
106407,34,Female,1,66839.37,0,82,Churned
106408,38,Female,20,38026.79,5,162,Active
106409,29,F,45,45418.63,4,113,Active
106410,37,Male,69,15006.49,3,89,Active
106411,40,Male,52,10731.45,1,12,Churned
106412,33,M,64,₹31575.34,1,399,ACTIVE
106413,13,Female,21,64298.53,99,363,Active
106414,38,Female,25,18828.35,5,265,Active
106415,999,Male,67,47005.24,3,232,Active
106416,26,M,26,65535.12,0,89,Active
106417,19,F,27,70146.37,0,367,Churned
106418,52,Female,52,74540.48,3,216,Active
106419,40,Male,63,57458.83,2,49,Churned
106420,32,F,45,6550.75,0,270,Active
106421,21,Female,58,65488.19,0,389,Active
106422,25,Female,38,66537.13,0,382,Active
106423,50,Male,35,42238.93,3,304,Active
106424,36,Female,46,5989.94,2,313,Active
106425,28,Male,71,36273.23,0,349,Churned
106426,41,Male,3,16591.8,2,60,Churned
106427,25,Female,6,33715.92,4,337,active
106428,53,Male,13,,0,246,Active
106429,51,Female,46,50398.75,0,299,Churned
106430,29,Female,33,58719.4,0,214,CHURNED
106431,27,Male,62,36262.68,2,82,Churned
106432,3,Female,63,38798.61,99,347,Active
106433,17,F,56,70241.0,0,64,Churned
106434,18,Male,39,47707.59,0,258,Active
106435,36,Female,60,56318.01,0,257,Active
106436,-5,Male,24,50174.28,2,118,Active
106437,18,Female,50,48395.92,3,320,Active
106438,31,Male,33,68602.12,0,328,Churned
106439,41,Male,7,27379.95,2,341,Active
106440,41,Male,46,32649.08,4,24,Active
106441,12,,62,₹29101.53,0,386,Active
106442,33,Female,1,57624.57,1,236,Active
106443,-5,Female,65,65263.05,0,315,Active
106444,45,Male,45,27455.18,0,102,Churned
106445,44,Female,55,11533.68,0,312,CHURNED
106446,24,Male,66,37563.89,1,370,Churned
106447,25,Male,67,73840.31,0,5,CHURNED
106448,29,Female,54,16072.45,1,109,Churned
106449,7,Male,63,34448.07,1,380,Active
106450,39,Male,54,21082.62,1,183,Active
106451,31,Female,52,69278.24,3,119,Active
106452,46,M,54,41767.88,0,292,Active
106453,21,Male,67,43827.09,1,328,Active
106454,27,Male,37,1611.33,1,350,Active
106455,16,Male,12,49305.7,0,183,Active
106456,22,,59,23670.08,0,138,active
106457,20,M,20,38992.81,0,85,Active
106458,46,Female,32,40298.99,0,174,Churned
106459,26,F,71,44824.61,0,52,Churned
106460,36,Female,44,61941.91,3,226,Active
106461,30,,66,23121.16,0,226,Churned
106462,19,Male,55,19955.94,0,132,Churned
106463,32,Male,16,59889.85,1,184,ACTIVE
106464,42,Female,71,54185.17,3,267,active
106465,20,Male,68,,0,105,CHURNED
106466,44,Female,52,1061.89,3,178,Active
106467,24,Male,37,50279.29,0,189,Active
106468,29,Female,46,12631.17,2,151,Active
106469,41,Male,41,71817.72,0,382,Active
106470,27,Male,5,45726.14,0,113,Active
106471,35,F,66,63874.23,2,286,Active
106472,31,F,5,60615.99,0,123,Churned
106473,36,,63,42277.03,0,88,Active
106474,6,Female,3,33437.95,1,25,CHURNED
106475,13,Female,8,₹37763.08,5,30,Active
106476,42,Female,26,60421.17,0,167,Active
106477,47,Male,53,48393.35,0,74,Active
106478,24,Male,29,16223.07,1,380,Active
106479,32,Male,14,46092.28,2,395,Churned
106480,38,F,5,30945.33,2,73,active
106481,43,Male,27,5536.02,1,112,Active
106482,10,F,68,29213.92,1,211,Active
106483,24,Female,29,17842.51,0,180,Churned
106484,31,Female,3,63055.26,3,5,Active
106485,999,Male,30,8769.96,0,332,Active
106486,64,Male,9,27686.14,0,202,Active
106487,32,,1,52466.41,0,256,Active
106488,18,Male,23,67407.0,0,142,ACTIVE
106489,39,Male,67,,0,20,active
106490,50,Male,32,45876.45,1,100,Churned
106491,-5,Male,6,28650.07,0,281,Churned
106492,24,Male,49,16013.2,3,169,Churned
106493,46,Female,15,25103.12,1,366,Active
106494,42,Female,58,48056.76,0,383,Churned
106495,22,Female,53,54009.11,1,325,Active
106496,39,Male,30,28424.81,0,233,Active
106497,999,M,40,12287.37,0,91,Active
106498,999,Female,59,11327.26,5,258,Active
106499,34,Male,63,61133.44,0,396,Active
106500,30,Male,48,49342.24,1,28,Active
106501,49,Male,68,54874.28,3,44,Active
106502,20,Female,7,37130.81,0,141,Active
106503,40,Female,47,34841.66,2,85,Active
106504,18,F,43,16625.11,2,299,Active
106505,47,Male,16,13457.14,3,311,Active
106506,31,Female,22,12389.59,0,392,CHURNED
106507,50,Male,63,74392.36,5,380,Active
106508,40,Male,46,61745.99,0,320,Active
106509,20,Female,45,47333.59,2,373,Churned
106510,52,Male,41,16865.89,0,268,active
106511,53,Female,25,25986.75,4,297,Active
106512,45,Female,50,26958.14,0,44,active
106513,25,M,67,36347.83,1,11,Churned
106514,31,Male,52,32227.76,3,275,Churned
106515,36,F,31,70127.34,0,381,Active
106516,26,,37,54339.92,0,316,Churned
106517,55,F,22,7023.99,0,200,Churned
106518,36,Female,27,27636.8,0,199,active
106519,2,M,2,10839.23,1,121,Active
106520,39,Female,22,21672.24,1,14,ACTIVE
106521,30,Male,53,71958.08,0,64,Churned
106522,34,Female,17,53189.5,1,220,CHURNED
106523,30,Female,56,1581.06,0,152,Active
106524,44,,31,25335.74,3,246,Active
106525,48,Female,43,33463.93,3,386,Active
106526,38,Male,53,45585.11,2,95,ACTIVE
106527,30,Female,5,,3,268,Active
106528,34,,2,,4,193,active
106529,35,Male,59,39150.51,1,58,Active
106530,25,Male,4,10639.19,5,94,Active
106531,41,Female,34,39420.78,5,298,Churned
106532,40,Male,67,19209.08,0,1,Active
106533,53,Male,6,11670.23,1,362,Active
106534,50,Male,58,22306.3,0,328,Active
106535,26,M,47,8372.03,1,397,Active
106536,44,Male,5,22014.8,2,206,Active
106537,23,Female,61,65153.02,3,193,Active
106538,43,Female,56,23730.63,1,224,active
106539,28,,35,35796.43,0,38,Churned
106540,22,,13,39465.82,0,332,Churned
106541,38,Female,26,14193.52,0,308,Active
106542,2,,64,33692.05,0,111,ACTIVE
106543,13,Male,11,64120.6,3,252,Active
106544,32,Female,62,6959.0,2,336,Active
106545,35,Female,47,69288.65,3,84,Active
106546,30,Male,70,65462.4,3,364,Active
106547,16,Female,58,64331.38,0,160,Active
106548,25,Male,10,15692.17,0,155,Churned
106549,39,M,16,36839.21,0,98,ACTIVE
106550,41,Male,12,46595.5,0,189,ACTIVE
106551,34,Female,71,8396.29,0,86,Active
106552,48,Male,50,42206.57,0,62,Churned
106553,39,Male,15,63163.2,0,259,Active
106554,26,,59,70304.99,1,81,ACTIVE
106555,31,Female,70,₹21596.31,0,382,ACTIVE
106556,18,,62,22366.71,0,347,Active
106557,33,Male,62,21034.07,0,359,Active
106558,48,Male,50,12355.31,0,366,Active
106559,43,Female,54,32872.82,1,95,Churned
106560,51,Female,54,59050.69,5,287,Active
106561,31,Male,28,53694.56,0,221,Churned
106562,51,Female,51,67623.63,0,192,Churned
106563,32,Male,33,27324.87,2,170,Active
106564,52,Male,1,43344.22,0,58,Active
106565,34,Male,69,57723.63,0,43,active
106566,43,Female,1,67464.82,3,160,Active
106567,52,Female,55,65509.82,0,158,ACTIVE
106568,32,Female,45,35448.3,0,235,Active
106569,37,Female,40,68107.48,0,339,Active
106570,50,Male,61,33860.13,0,383,Churned
106571,33,F,36,67809.58,0,301,active
106572,19,F,24,58495.84,0,394,Churned
106573,60,Female,14,,2,144,Active
106574,-5,Male,1,69795.41,0,10,Active
106575,36,Female,47,18942.38,0,330,Active
106576,48,Female,21,68223.08,1,348,Active
106577,27,,39,46518.07,1,268,Churned
106578,22,,3,50385.83,0,156,Active
106579,38,M,16,9090.68,1,18,active
106580,13,Male,68,5864.84,2,284,ACTIVE
106581,31,,26,72657.24,1,231,Churned
106582,37,Female,54,25932.65,0,270,Churned
106583,31,M,13,63483.46,0,264,Churned
106584,16,Female,61,53131.18,5,356,Active
106585,54,Male,20,45706.24,0,259,Churned
106586,36,Female,27,51705.54,3,202,Active
106587,52,Male,2,7614.65,0,137,Churned
106588,31,Male,10,31517.25,1,47,Churned
106589,24,M,60,45923.65,0,63,Active
106590,38,Male,19,65199.66,0,77,Churned
106591,32,Male,15,53886.86,1,342,Active
106592,20,Male,47,19707.74,1,121,active
106593,52,Female,24,73884.55,0,13,Churned
106594,27,,16,48584.71,0,390,Active
106595,12,Male,60,38097.43,0,179,Active
106596,50,Male,49,58822.03,0,316,Churned
106597,28,F,4,45599.83,0,331,Churned
106598,27,F,66,53539.15,5,157,active
106599,13,Male,49,46667.86,1,16,Active
106600,55,Female,31,14234.01,2,246,Active
106601,19,Female,66,41208.35,1,192,Active
106602,35,Female,54,21949.49,5,341,Active
106603,45,Female,2,43201.34,1,55,Active
106604,-5,,61,10287.26,1,334,Active
106605,34,Male,15,18165.47,0,311,Churned
106606,14,Male,60,60845.47,1,188,ACTIVE
106607,25,Male,43,30990.02,2,169,Active
106608,37,Female,40,50860.08,0,208,Active
106609,25,F,30,37840.79,0,9,Active
106610,37,Female,63,26211.6,0,6,Churned
106611,999,Male,24,37642.97,0,102,ACTIVE
106612,46,Female,44,61213.81,0,146,Active
106613,20,Female,14,21838.45,1,280,Active
106614,61,,28,32186.83,1,51,Active
106615,44,Female,14,15991.16,0,273,Active
106616,34,Female,56,26987.98,0,228,Active
106617,48,Female,34,66498.12,2,277,CHURNED
106618,63,Female,12,59143.47,0,83,Active
106619,17,Female,56,28647.53,4,318,Active
106620,32,Male,61,10797.2,0,347,Active
106621,6,M,61,32077.78,0,117,Active
106622,37,Female,40,58107.46,0,75,Active
106623,39,Female,20,4241.27,1,373,Active
106624,34,,42,56155.21,0,310,Active
106625,27,M,7,51313.33,2,395,Active
106626,-5,M,68,5784.02,4,171,active
106627,39,,31,48037.38,0,214,ACTIVE
106628,52,Male,70,23100.53,4,377,Active
106629,27,Female,47,14119.11,1,211,Active
106630,40,Female,51,29481.26,0,392,Active
106631,16,Male,58,16198.69,2,151,CHURNED
106632,40,M,22,62017.13,0,240,Churned
106633,30,Female,24,55908.04,1,121,Active
106634,25,Female,34,73575.72,3,309,Active
106635,25,,63,40521.54,5,215,Active
106636,30,Male,60,7601.23,0,296,active
106637,39,Female,19,28214.88,0,265,CHURNED
106638,19,Female,24,63059.14,4,152,active
106639,30,Male,64,30367.88,2,332,Active
106640,34,Male,20,34719.96,2,76,Active
106641,21,F,27,31485.84,2,224,Active
106642,56,Female,58,18418.02,2,130,Active
106643,24,M,44,6416.45,1,251,Active
106644,26,Female,65,14361.46,3,326,Churned
106645,23,Male,46,27931.79,0,260,Churned
106646,56,Male,54,19162.39,2,317,Active
106647,41,Male,39,43382.4,1,205,Active
106648,23,,7,46429.02,4,126,Churned
106649,48,Male,54,43184.89,4,192,Active
106650,37,,43,7284.01,0,36,active
106651,38,,20,50347.66,2,41,Active
106652,30,,25,29458.88,5,359,Active
106653,26,Female,43,65983.75,0,166,Churned
106654,39,,27,39895.46,3,338,Active
106655,28,Male,25,7254.09,1,143,Churned
106656,56,Male,36,1682.14,0,304,Active
106657,19,Male,66,52985.91,3,353,Active
106658,53,F,9,30637.79,3,234,Active
106659,33,Male,53,22311.69,0,228,Active
106660,38,Female,21,34091.25,2,191,Active
106661,44,Male,50,6357.07,0,25,Active
106662,27,Male,16,30006.84,0,260,Active
106663,45,Male,66,24287.78,0,18,Active
106664,2,M,26,60214.0,0,120,ACTIVE
106665,26,Female,44,13939.2,5,353,Active
106666,23,F,29,56967.45,2,84,Active
106667,19,Female,46,38029.79,2,213,Churned
106668,32,,71,7059.71,0,329,Active
106669,39,Female,49,72756.21,1,65,Churned
106670,43,Female,15,55331.51,0,367,Churned
106671,37,Female,17,20246.98,2,27,Active
106672,27,Female,9,44049.74,0,207,Churned
106673,39,M,32,67595.23,0,88,Churned
106674,36,Female,66,69879.72,3,236,Active
106675,46,M,59,55105.69,0,50,Active
106676,44,Female,32,54847.59,1,183,Active
106677,35,Male,43,,0,394,Active
106678,24,Female,59,74242.38,0,365,CHURNED
106679,27,Male,30,19017.61,0,233,Churned
106680,28,Female,11,7616.08,3,186,Churned
106681,31,Female,26,73326.13,4,89,Active
106682,38,,2,12310.56,0,387,Churned
106683,43,Male,34,39599.4,1,86,ACTIVE
106684,-5,Male,41,35650.01,1,104,Active
106685,35,Male,31,63767.25,0,110,Churned
106686,36,Male,63,30352.78,0,120,Active
106687,28,M,55,38161.43,1,88,Active
106688,23,M,61,4236.59,1,56,Active
106689,13,Female,36,16379.96,0,155,Active
106690,26,F,40,62641.68,1,90,Active
106691,40,Male,23,36398.73,5,294,Active
106692,26,Male,26,18088.95,0,361,Churned
106693,32,Male,18,28299.14,0,196,Active
106694,40,M,34,22097.08,4,23,Active
106695,41,Female,28,42160.34,0,83,Active
106696,22,Female,49,4807.01,2,184,Churned
106697,46,Male,64,17647.77,1,207,Active
106698,48,Male,71,27267.41,0,223,CHURNED
106699,21,,63,69687.84,0,88,Active
106700,25,Male,62,47122.59,1,53,Churned
106701,49,Female,42,38314.77,0,202,Active
106702,33,Male,24,15120.94,3,200,Active
106703,8,Male,35,42281.12,0,195,Active
106704,18,Female,55,₹69746.71,0,4,ACTIVE
106705,32,Male,49,42906.89,0,361,Active
106706,21,Female,59,13193.28,3,21,Churned
106707,30,Female,22,74786.81,2,310,Churned
106708,35,Female,61,37915.46,2,244,Active
106709,52,Female,30,24647.09,0,126,active
106710,31,Female,69,38249.83,1,365,ACTIVE
106711,47,Male,60,20513.12,3,201,Active
106712,52,Female,6,3247.61,2,52,Active
106713,52,Female,11,66824.58,0,243,Churned
106714,38,Male,24,32736.71,4,211,Active
106715,11,F,51,56714.06,0,145,CHURNED
106716,40,Female,19,72872.9,1,44,active
106717,47,M,50,47811.48,4,107,Active
106718,34,F,3,52179.61,3,152,Active
106719,55,Female,3,70799.83,1,113,Churned
106720,45,Female,31,39225.03,3,390,CHURNED
106721,41,Female,47,24672.59,1,223,Active
106722,48,Female,8,69182.43,0,155,active
106723,39,F,17,6105.56,0,174,Active
106724,5,Female,45,16880.99,0,347,Active
106725,29,Male,60,26253.58,1,347,Active
106726,49,Female,21,58876.26,0,163,Churned
106727,25,,70,67888.71,3,185,Active
106728,32,Female,21,34432.2,0,396,Active
106729,22,Female,58,22173.45,1,285,Active
106730,56,Female,55,27137.59,3,313,active
106731,55,Male,28,49584.5,2,198,Active
106732,24,Male,46,12692.53,0,55,Churned
106733,36,Female,44,41509.88,5,71,Active
106734,26,Female,25,44544.8,0,198,Active
106735,42,Female,71,53381.33,0,53,Churned
106736,41,Female,49,45688.45,0,14,active
106737,44,Female,46,8174.72,1,21,Active
106738,38,Male,63,51971.12,3,360,Active
106739,70,Male,12,2609.31,0,14,active
106740,22,Male,57,29882.85,5,309,Active
106741,14,Female,64,31862.66,0,115,Active
106742,30,Male,31,9630.66,0,352,active
106743,16,Female,4,1729.43,0,218,Active
106744,17,Male,54,6265.98,3,383,Active
106745,22,Female,65,34026.2,0,195,Churned
106746,23,Male,6,18786.21,0,207,Active
106747,23,Female,65,6104.55,0,341,Active
106748,41,Female,22,19974.0,0,350,Active
106749,28,Male,17,40132.85,0,111,Churned
106750,32,F,59,55918.27,0,167,Churned
106751,45,Male,29,31488.1,0,101,Active
106752,25,Female,67,46373.02,2,169,Active
106753,31,F,17,45160.59,0,156,Active
106754,39,Female,2,67327.27,0,258,Active
106755,11,M,32,14275.18,0,278,Churned
106756,6,Male,22,36255.85,0,236,Active
106757,39,Female,58,47755.4,0,128,Active
106758,40,Female,53,39459.45,0,352,Active
106759,59,Male,47,34325.28,0,123,ACTIVE
106760,36,Female,4,73035.96,0,189,Churned
106761,44,Male,38,70709.02,2,336,Active
106762,32,Female,13,46247.7,0,292,Active
106763,38,F,61,33528.6,0,337,Active
106764,55,Male,64,56898.28,0,305,Churned
106765,9,Male,33,38957.17,2,259,Active
106766,39,Female,38,74672.15,0,279,active
106767,60,Female,29,51759.36,0,357,Churned
106768,38,Female,61,6043.84,3,231,Active
106769,54,Female,32,30741.39,0,156,Active
106770,27,Male,11,55039.59,2,109,Churned
106771,34,Female,18,63335.32,3,361,Active
106772,35,F,45,61189.34,5,328,Churned
106773,8,Female,21,73315.59,1,33,Churned
106774,20,Female,12,37194.92,0,126,Active
106775,21,Male,20,11364.96,1,68,Active
106776,44,Male,7,49266.0,1,245,Active
106777,45,Male,71,6235.42,0,327,Active
106778,38,Female,2,73040.72,0,267,ACTIVE
106779,44,F,43,57131.45,0,136,Churned
106780,33,Female,21,₹73678.98,0,276,Churned
106781,49,Male,29,28916.72,0,62,Active
106782,35,Male,32,2168.96,2,171,active
106783,35,Male,45,39575.44,3,103,Active
106784,31,Female,59,9967.56,0,92,Active
106785,43,Female,3,51292.45,0,75,Active
106786,29,Male,39,37818.81,3,114,Churned
106787,46,Female,51,56755.08,0,121,Active
106788,21,Male,8,22539.09,0,214,Churned
106789,21,Male,46,62358.25,0,198,Active
106790,43,Male,66,49160.72,0,263,Active
106791,33,Male,6,74090.52,1,138,Active
106792,29,Male,58,14213.22,4,168,Active
106793,45,Male,41,4786.78,1,4,Active
106794,27,Female,54,63977.7,5,201,Active
106795,32,Female,41,26045.4,0,102,active
106796,51,Female,48,32912.23,3,19,Churned
106797,53,M,70,69499.45,0,366,Active
106798,53,Male,27,33611.56,0,22,ACTIVE
106799,999,F,47,23053.41,0,359,ACTIVE
106800,49,Male,23,5402.67,3,129,Active
106801,23,Female,14,33777.22,2,369,Active
106802,24,Female,61,49466.41,0,149,Active
106803,-5,Male,67,20918.95,0,391,Active
106804,55,,25,54115.68,3,238,Churned
106805,24,Male,65,36391.53,4,7,Active
106806,33,Male,24,64499.94,1,333,Active
106807,24,Male,53,12968.57,0,23,Active
106808,43,Male,50,57023.9,0,90,Active
106809,30,Male,1,70008.89,0,18,Active
106810,19,Male,39,55863.45,0,373,Active
106811,40,Male,44,31039.36,0,71,Active
106812,17,M,5,18053.73,0,66,Active
106813,24,Male,68,8279.19,1,53,Active
106814,9,Male,65,48535.36,4,192,Active
106815,17,Female,15,11571.22,3,142,Active
106816,37,,50,63034.5,1,25,Active
106817,11,Male,6,72094.56,0,250,Active
106818,17,Male,66,11048.4,0,33,Active
106819,34,,69,28827.92,3,176,Active
106820,28,Male,39,70358.14,0,39,Active
106821,58,Female,29,35832.14,0,378,ACTIVE
106822,57,Male,46,40620.79,0,368,Active
106823,24,F,31,56316.18,0,212,Churned
106824,41,,24,16579.47,0,364,Active
106825,43,M,15,73457.03,0,133,ACTIVE
106826,27,Male,20,58785.38,1,113,Active
106827,17,Female,4,12941.63,0,149,Active
106828,-5,Male,58,₹9219.15,0,315,Churned
106829,32,F,61,70186.61,0,376,Active
106830,29,F,10,51692.06,0,77,Active
106831,40,Female,41,3853.98,0,14,Churned
106832,25,Female,53,,0,54,CHURNED
106833,21,Male,71,4539.36,0,253,Active
106834,36,Female,48,73082.05,3,173,Churned
106835,39,Female,15,37840.97,0,169,Churned
106836,20,Male,7,35198.98,0,92,Churned
106837,46,Male,71,71727.63,4,383,CHURNED
106838,13,Male,43,38343.06,1,129,Active
106839,28,M,4,39313.86,5,130,Churned
106840,31,F,51,73823.19,0,72,Active
106841,27,,71,9245.98,0,255,Active
106842,28,Female,59,73945.85,0,141,Active
106843,57,Female,41,13260.16,3,307,Churned
106844,24,Male,61,35995.45,0,126,Active
106845,64,,30,25983.41,0,251,Churned
106846,40,Female,18,71701.17,2,2,CHURNED
106847,-5,Female,30,36927.24,2,10,Active
106848,40,Female,7,2703.07,5,374,Churned
106849,65,M,52,17405.14,5,286,Active
106850,23,Male,48,32880.09,1,224,active
106851,21,Male,23,51052.89,0,65,Churned
106852,25,Female,37,42580.82,0,109,Churned
106853,35,F,71,63893.29,0,300,Active
106854,14,Female,53,62304.09,0,42,CHURNED
106855,35,Female,45,44697.69,0,259,Active
106856,55,Male,49,43277.31,0,111,Active
106857,36,Female,49,21584.19,0,28,Churned
106858,31,Female,47,71885.03,5,51,Active
106859,27,Female,25,6687.0,3,371,Churned
106860,45,Male,27,30380.24,1,213,Active
106861,25,F,12,₹49901.86,0,125,Active
106862,57,Female,23,70979.07,3,269,Active
106863,58,Female,17,38113.2,0,40,active
106864,38,Male,44,67298.03,1,154,Active
106865,34,Male,71,8755.18,4,360,Churned
106866,47,M,24,40337.23,0,158,Churned
106867,48,Male,71,24387.74,4,294,Active
106868,-5,Female,60,59881.56,0,361,CHURNED
106869,28,Female,53,33929.62,4,366,Active
106870,19,Female,16,36168.68,0,272,ACTIVE
106871,39,Male,25,5793.87,0,110,Churned
106872,42,Male,66,33412.74,1,234,Active
106873,18,F,50,6981.32,0,311,Churned
106874,29,Female,69,23167.6,0,177,Churned
106875,18,Male,40,10389.23,1,127,CHURNED
106876,24,Male,6,25751.59,0,80,Active
106877,41,,64,17826.74,5,52,Churned
106878,26,Male,28,22103.32,0,305,active
106879,31,Female,9,11980.55,0,304,Churned
106880,15,Female,6,33530.96,3,330,ACTIVE
106881,37,F,17,,0,82,Active
106882,34,Female,40,62911.93,0,294,Active
106883,26,Female,45,40873.08,0,273,active
106884,32,Male,43,17928.06,1,41,Churned
106885,37,M,46,55456.28,1,310,Active
106886,25,Female,63,22996.26,0,296,active
106887,17,F,1,56973.34,5,287,Churned
106888,56,Female,59,29650.14,2,346,Active
106889,27,Female,63,39011.95,2,154,Active
106890,33,Male,18,38277.91,3,232,ACTIVE
106891,47,Female,65,71717.05,0,332,active
106892,77,Male,20,12371.23,1,146,Active
106893,20,Male,56,70453.11,3,291,Active
106894,40,Male,54,,0,379,Active
106895,26,Male,48,74532.96,2,376,Churned
106896,28,Male,54,43412.23,5,56,Active
106897,26,Male,16,49571.83,1,373,Active
106898,21,F,20,56468.49,0,30,Churned
106899,34,Male,47,61812.4,0,75,Active
106900,17,Female,7,36339.71,1,52,Active
106901,46,Male,23,51215.95,1,196,Active
106902,35,Female,33,46501.34,2,311,Active
106903,40,Female,40,31124.44,0,228,Active
106904,29,,5,61739.02,0,138,CHURNED
106905,30,M,45,15241.19,2,182,Active
106906,38,Female,41,,1,290,Churned
106907,21,Female,8,55496.43,2,191,Active
106908,30,Male,50,48173.91,3,159,Active
106909,24,Female,31,24506.87,0,192,Churned
106910,24,Male,4,,0,178,Churned
106911,9,Male,66,58027.89,1,363,Churned
106912,999,Male,56,17055.5,4,37,Active
106913,26,Female,5,44023.17,3,224,Active
106914,48,Female,54,62025.28,0,160,Active
106915,47,Female,1,31431.65,1,209,ACTIVE
106916,19,Female,61,43308.52,2,291,Active
106917,21,Male,7,6811.64,1,249,Active
106918,65,Female,30,62454.69,0,185,Churned
106919,56,M,15,59913.35,0,341,Active
106920,34,F,4,34762.83,0,288,Churned
106921,38,Female,63,9824.38,1,226,Active
106922,27,Female,70,49869.51,0,226,CHURNED
106923,40,Female,38,43400.53,2,8,Active
106924,26,Male,47,69041.51,0,23,Active
106925,10,Male,60,21705.83,0,223,Active
106926,19,Male,2,3392.16,0,349,Churned
106927,35,Male,69,19850.73,0,166,Active
106928,21,Female,8,32665.12,0,275,CHURNED
106929,34,,51,,0,301,Active
106930,22,Female,19,73500.39,5,36,Active
106931,25,Female,31,17456.94,5,177,Active
106932,45,Female,22,51161.7,3,188,Active
106933,37,Male,33,34604.34,0,312,Active
106934,34,Male,37,42080.94,2,320,Active
106935,45,Female,12,70018.32,0,318,Active
106936,40,Female,69,40334.98,0,227,Active
106937,52,,64,23586.76,3,59,Active
106938,29,Male,25,17340.26,1,257,Active
106939,29,F,54,67007.47,0,97,ACTIVE
106940,19,Male,29,74017.65,2,209,Active
106941,29,Female,13,,0,249,active
106942,46,Female,26,54423.1,0,333,Active
106943,-5,Male,22,38425.68,2,261,Active
106944,46,Male,10,52695.14,0,58,Active
106945,13,Male,48,72351.88,1,57,CHURNED
106946,47,Male,42,21430.42,0,170,active
106947,12,Female,59,55756.0,0,73,Active
106948,45,Male,53,33408.06,3,390,Active
106949,30,Female,40,49287.52,0,341,Churned
106950,43,Male,62,31092.24,1,22,CHURNED
106951,19,Female,6,53416.86,0,53,Churned
106952,49,Female,4,25975.12,0,57,CHURNED
106953,17,Female,55,37138.28,0,382,active
106954,26,Female,69,53450.73,0,103,Churned
106955,23,Male,3,4160.3,0,112,Active
106956,13,M,7,25278.63,0,307,Active
106957,36,Male,12,41417.67,3,261,Active
106958,56,Male,17,6486.0,2,370,Active
106959,67,Male,67,53033.6,0,135,Active
106960,36,Female,70,61183.23,0,320,Active
106961,48,Female,36,13086.22,5,185,Active
106962,37,Female,17,55276.26,0,26,Churned
106963,40,Female,1,48818.81,0,25,Active
106964,30,Male,67,31405.01,0,325,ACTIVE
106965,37,F,49,13209.12,5,264,Active
106966,41,Female,51,71661.0,0,9,active
106967,28,Female,71,35336.81,0,310,Active
106968,34,Female,43,14589.62,2,220,Active
106969,34,Male,31,54144.15,4,276,Churned
106970,44,Male,24,45984.45,1,195,Active
106971,22,Female,37,61398.65,0,172,Active
106972,34,Male,65,74711.16,5,170,Active
106973,57,Male,63,4320.17,0,395,Active
106974,48,F,56,55709.37,3,112,ACTIVE
106975,51,Female,18,74195.69,0,383,ACTIVE
106976,35,Female,65,40829.14,3,171,Churned
106977,38,Female,29,53961.95,0,214,Active
106978,47,,4,33642.18,0,392,Active
106979,53,Male,12,27401.25,0,174,Active
106980,11,M,56,52537.9,0,290,Active
106981,19,Female,48,74118.62,1,68,Churned
106982,50,Male,19,7783.31,2,399,active
106983,31,Male,26,32236.99,4,146,CHURNED
106984,26,Female,38,70605.79,0,139,CHURNED
106985,19,Female,25,9347.07,0,219,Active
106986,28,Male,56,49169.07,4,329,Active
106987,18,Female,28,32832.2,2,25,ACTIVE
106988,60,Female,61,28890.04,1,252,Churned
106989,34,Female,51,16498.54,0,215,Active
106990,34,M,12,14048.74,0,165,Churned
106991,42,M,8,39205.22,0,394,Active
106992,46,Female,58,28930.35,0,81,Churned
106993,46,,23,37374.28,1,308,active
106994,47,Male,37,15499.37,1,77,CHURNED
106995,27,Male,11,26914.93,0,324,Churned
106996,31,Male,17,74734.91,3,284,Active
106997,44,Female,56,28237.24,4,158,Active
106998,28,Female,53,31540.48,2,174,Active
106999,34,Female,67,2470.83,0,168,Churned
107000,39,Male,2,29181.11,0,149,Active
107001,44,Male,29,57490.96,2,143,Active
107002,13,M,57,39154.16,0,131,Active
107003,43,M,34,49621.36,2,337,Active
107004,32,Female,2,42184.86,0,97,CHURNED
107005,43,Female,31,8806.34,2,264,Active
107006,44,Female,44,25578.68,0,393,active
107007,54,Male,56,52373.25,0,378,Active
107008,51,Female,54,41547.48,1,346,ACTIVE
107009,51,Female,53,50947.12,1,386,Churned
107010,52,Female,46,27653.36,1,165,Churned
107011,38,Male,54,15332.99,0,396,Active
107012,35,,31,62406.24,3,19,Churned
107013,45,M,24,28846.29,0,283,Active
107014,43,Male,25,49470.81,4,16,Active
107015,31,Female,35,29212.23,4,2,Active
107016,39,F,57,69616.76,0,10,Active
107017,34,Male,69,74403.51,0,106,Active
107018,-5,Female,28,49020.73,0,17,Churned
107019,50,Female,33,,1,204,Active
107020,35,Female,53,,3,7,Active
107021,59,M,16,39201.15,1,201,Churned
107022,15,Male,26,65343.44,0,46,Active
107023,28,Male,12,31557.43,0,178,active
107024,35,Male,31,3360.38,0,10,ACTIVE
107025,48,Male,27,,1,272,Churned
107026,39,Female,36,54393.11,5,257,Active
107027,38,Female,59,38796.77,1,137,Churned
107028,21,Male,3,70922.14,2,13,Active
107029,21,Female,32,66620.84,0,189,Active
107030,38,Female,15,9023.52,1,144,Active
107031,18,Male,66,47205.41,0,226,Active
107032,28,Female,63,40819.71,4,286,Churned
107033,41,Female,1,58459.06,0,205,Active
107034,23,Female,5,23256.83,1,328,Active
107035,54,Male,6,1600.56,2,183,Active
107036,49,Female,5,14719.57,1,11,Active
107037,16,,28,16609.6,0,369,Churned
107038,23,Female,69,22564.81,0,331,active
107039,7,Male,44,28409.07,1,48,Churned
107040,25,Female,16,53285.05,4,263,active
107041,44,Male,71,6494.12,0,257,Active
107042,30,Female,22,37004.5,0,87,Active
107043,40,Male,23,,0,32,Churned
107044,16,Male,43,46574.36,1,318,Active
107045,44,Female,68,23980.51,5,143,Churned
107046,28,Male,43,20224.38,1,92,active
107047,35,Female,26,36807.48,0,189,Churned
107048,33,Male,41,49810.99,3,78,Active
107049,19,Male,70,4299.81,0,333,Active
107050,21,M,31,22725.06,0,34,Active
107051,46,F,17,59260.96,0,148,Churned
107052,39,Male,9,36830.03,2,118,CHURNED
107053,47,Female,55,71435.11,4,24,Churned
107054,38,Male,6,65198.09,0,28,Active
107055,36,Female,70,26451.93,0,267,Active
107056,14,Female,64,54744.05,1,243,ACTIVE
107057,31,Male,4,21298.83,0,214,Active
107058,34,Female,67,13971.94,0,38,Active
107059,58,Male,56,66195.51,0,209,Churned
107060,43,Male,18,26918.45,0,214,Churned
107061,53,Female,32,16052.94,2,129,Active
107062,42,Female,48,72408.26,0,121,Churned
107063,26,Female,29,,0,212,Churned
107064,36,Female,32,28150.55,0,161,Churned
107065,37,Female,25,,1,109,CHURNED
107066,23,Female,63,38303.42,0,65,Active
107067,30,Male,9,30686.98,3,64,Churned
107068,32,Female,71,54329.5,0,9,Churned
107069,54,Female,14,71598.55,0,32,Churned
107070,10,Female,20,39456.97,0,310,Active
107071,49,Female,10,22119.57,0,125,Churned
107072,-5,Male,11,65541.0,0,282,Active
107073,18,Female,39,45735.94,4,318,Active
107074,49,Male,19,41957.86,0,109,active
107075,43,Female,19,14954.52,0,170,Active
107076,50,Female,43,4003.77,0,176,Churned
107077,44,F,61,35143.97,2,390,Churned
107078,59,Female,70,40075.47,0,245,Active
107079,41,F,65,10404.94,0,374,Churned
107080,999,Female,23,5395.35,0,256,Active
107081,39,,60,16989.95,1,286,Active
107082,49,Female,10,5669.28,0,232,active
107083,25,,63,5154.23,0,151,Active
107084,27,Male,2,33868.3,0,103,Active
107085,31,Male,36,60958.07,0,25,Active
107086,9,Female,57,50135.13,1,141,Active
107087,36,,66,51276.61,2,153,Active
107088,12,Female,20,20420.31,4,273,Active
107089,35,Male,42,1821.71,4,108,Active
107090,45,Female,21,34347.85,0,27,Active
107091,29,Female,66,28907.19,2,139,Active
107092,55,Male,38,71095.39,1,134,Active
107093,17,Female,69,,0,79,Active
107094,49,,24,58455.03,0,293,Active
107095,43,F,26,29520.8,0,224,Churned
107096,14,Male,2,62391.87,99,368,Active
107097,67,Male,46,37623.18,1,216,active
107098,-5,Male,34,61717.13,0,203,Churned
107099,24,Male,62,35546.78,2,106,ACTIVE
107100,999,Male,41,30737.6,1,376,Active
107101,32,Female,15,72314.43,1,165,Active
107102,33,Male,55,28295.5,1,202,Active
107103,36,M,3,60592.2,1,315,active
107104,31,F,38,5960.41,5,10,Churned
107105,42,Male,51,5636.0,1,257,Active
107106,30,,17,,1,237,Active
107107,11,Female,49,44332.19,0,52,Active
107108,33,Female,21,46031.44,1,215,Active
107109,6,Male,24,3692.57,3,146,Churned
107110,39,Female,40,52558.76,0,343,Active
107111,23,Male,20,10614.52,0,261,Active
107112,36,Female,35,71695.53,0,384,Active
107113,50,Male,48,25682.61,0,358,Active
107114,23,Female,33,20346.93,3,374,Active
107115,47,Male,56,22553.69,0,223,Active
107116,29,Male,41,70364.15,0,373,Active
107117,56,Female,54,36730.25,4,103,Churned
107118,30,Female,44,33166.3,0,212,Active
107119,24,Female,11,42876.47,0,349,ACTIVE
107120,43,Male,14,69876.38,0,48,Active
107121,29,F,42,23817.15,4,289,Active
107122,-5,Female,12,14380.68,0,185,Active
107123,29,Male,17,45066.33,0,103,Active
107124,34,Female,25,37383.93,0,224,Churned
107125,51,Female,26,5585.65,2,281,Active
107126,11,Male,47,39623.36,2,300,Churned
107127,35,Female,25,42618.92,0,91,Churned
107128,42,M,60,,4,377,Active
107129,37,Female,60,74670.11,0,111,Churned
107130,50,Male,27,32196.99,0,322,Active
107131,34,M,43,38755.04,0,128,active
107132,32,Male,20,6550.17,1,251,Churned
107133,42,F,63,62537.52,1,196,Active
107134,36,Male,25,8263.53,4,153,Churned
107135,30,Female,27,70103.42,1,279,Active
107136,41,Female,52,26789.03,3,356,Active
107137,27,Male,10,25981.1,0,343,Active
107138,27,Female,50,25317.06,3,120,Churned
107139,28,Female,30,71336.23,0,377,Active
107140,51,Male,1,73527.98,0,284,Active
107141,-3,Female,54,73019.79,0,264,Churned
107142,39,Female,4,53154.25,0,225,Churned
107143,35,Male,7,9218.3,4,254,Active
107144,14,,30,29590.8,0,157,Churned
107145,38,F,65,22408.88,0,368,Active
107146,40,Male,29,53420.83,0,184,Churned
107147,42,Female,25,37456.43,3,399,Active
107148,3,Male,40,46621.1,1,15,Churned
107149,51,Female,26,1646.1,0,293,active
107150,26,F,17,58931.94,4,363,Churned
107151,43,Male,31,71451.84,4,120,Active
107152,43,M,61,50533.62,2,341,Churned
107153,24,Female,8,64043.37,1,248,CHURNED
107154,42,Male,69,36390.53,0,118,Active
107155,30,F,1,2495.4,2,92,Churned
107156,10,Female,71,74294.72,3,36,Active
107157,49,Female,46,5353.58,3,336,Active
107158,25,Female,20,15265.29,1,12,Churned
107159,24,Male,40,4880.57,1,28,Active
107160,30,Male,2,47246.92,2,289,Active
107161,38,F,61,44159.09,3,75,Active
107162,34,Female,71,16515.55,0,79,Churned
107163,41,M,30,71792.34,1,211,Active
107164,18,Male,30,68597.99,0,183,Churned
107165,26,Female,45,21705.94,3,79,Churned
107166,33,,24,49755.99,0,201,Active
107167,57,Male,56,64287.27,4,205,Active
107168,33,Male,61,27625.06,0,306,Active
107169,48,Female,13,19765.1,0,29,Active
107170,35,Male,56,19958.06,0,314,Active
107171,29,Male,15,61713.78,99,282,ACTIVE
107172,32,F,11,35267.2,1,23,Churned
107173,32,,12,53935.01,0,17,ACTIVE
107174,42,Female,3,49122.26,0,133,Churned
107175,51,Female,24,23660.7,0,59,Active
107176,39,M,9,16397.68,0,144,Active
107177,49,Female,46,10308.13,1,103,active
107178,23,Male,71,2767.54,0,94,Active
107179,30,Male,60,7012.97,1,261,Churned
107180,26,Male,11,19962.25,0,282,Active
107181,38,Male,10,53806.37,3,171,Churned
107182,30,Male,3,12464.0,0,368,Churned
107183,43,Male,19,39731.26,0,126,Active
107184,23,Male,2,,2,86,active
107185,35,Male,17,38873.92,0,186,Active
107186,43,Female,2,56500.83,0,109,Active
107187,-5,Male,53,20682.6,0,2,Active
107188,60,Female,16,26744.51,2,44,ACTIVE
107189,31,Male,10,54502.04,0,204,Active
107190,10,M,68,41429.02,0,106,Active
107191,36,,43,7997.93,2,219,Active
107192,35,Female,58,57103.42,1,109,CHURNED
107193,34,Female,60,21530.49,1,44,Active
107194,46,F,24,29494.27,0,217,Active
107195,43,Male,16,19143.09,2,305,Churned
107196,38,,9,41208.42,1,91,Churned
107197,40,Female,6,53374.85,1,81,Active
107198,33,Female,65,60438.01,2,185,Active
107199,56,Male,24,69237.05,1,134,Active
107200,17,Female,10,27582.03,1,338,Active
107201,36,Female,27,70013.45,1,299,Churned
107202,35,Female,3,46654.65,4,44,Active
107203,44,Female,38,29830.0,1,66,Active
107204,24,Male,17,66659.76,2,301,Active
107205,14,Male,48,43892.58,0,19,Active
107206,36,Female,49,34616.98,1,243,Active
107207,38,Male,43,1851.11,0,248,Active
107208,52,Male,7,54095.58,0,4,Churned
107209,19,Male,68,6723.75,0,97,Active
107210,48,Male,21,22415.07,0,354,Churned
107211,-5,Female,25,,0,96,Active
107212,30,Male,61,12485.77,1,210,Active
107213,19,F,28,24072.04,0,236,Active
107214,30,Female,52,69993.11,3,137,Churned
107215,999,Female,13,25988.6,0,357,Churned
107216,41,Male,34,25321.95,4,48,Active
107217,27,Female,67,48948.64,0,164,Active
107218,53,Female,4,10720.44,3,195,Active
107219,21,,44,72983.63,0,274,Active
107220,14,Female,15,21351.68,0,296,Churned
107221,48,Female,8,59140.97,1,321,Active
107222,7,M,5,22283.46,0,181,Active
107223,32,Male,66,21377.56,1,114,Churned
107224,72,Male,46,5255.94,0,309,Active
107225,34,Female,65,9829.73,0,62,Churned
107226,21,Male,66,39625.58,0,126,Active
107227,34,Male,26,43686.4,0,370,Active
107228,34,Female,31,61372.42,0,163,ACTIVE
107229,36,Male,51,,3,185,Active
107230,42,Female,41,27355.11,1,317,Churned
107231,22,F,51,15811.75,3,140,Churned
107232,55,Male,19,27482.94,4,243,Churned
107233,37,Male,3,27218.69,0,49,Active
107234,43,Male,38,27216.7,0,150,ACTIVE
107235,27,Male,70,23912.87,3,90,Active
107236,50,Male,45,57534.38,0,324,Churned
107237,31,Male,71,52038.27,3,327,ACTIVE
107238,38,Female,41,26268.72,1,351,Active
107239,23,Male,25,11840.12,0,391,Churned
107240,23,Female,50,39352.75,0,382,CHURNED
107241,43,M,1,68994.72,0,278,Active
107242,29,Female,54,10143.39,1,359,Active
107243,24,Female,13,56724.21,0,296,Active
107244,27,Male,40,45354.05,0,147,active
107245,43,Female,21,44555.67,0,53,Active
107246,27,Male,41,70164.63,0,286,Active
107247,33,Male,61,71739.6,1,154,Churned
107248,35,M,33,19044.14,3,379,Active
107249,11,Male,29,60827.3,3,376,active
107250,17,Male,55,46939.14,3,150,Churned
107251,39,M,32,31254.57,1,61,active
107252,26,F,11,50255.98,1,73,Active
107253,47,Male,52,71741.54,4,302,Active
107254,46,Male,36,39248.77,0,58,Active
107255,43,Female,31,70565.91,0,29,Active
107256,56,Female,14,48573.66,0,224,Active
107257,34,Male,63,36735.28,3,53,CHURNED
107258,42,Female,52,48668.61,0,159,Active
107259,27,,54,45588.04,0,288,Churned
107260,64,Male,50,32205.6,3,9,Churned
107261,58,F,54,42622.07,0,37,Active
107262,35,,35,53040.4,3,264,Active
107263,39,Male,30,63076.11,0,68,Active
107264,51,Female,55,23520.47,2,308,Churned
107265,33,Male,1,2083.95,1,302,ACTIVE
107266,27,Female,15,41790.12,0,273,Active
107267,45,Female,25,37207.03,0,21,CHURNED
107268,-5,Male,20,5010.71,0,48,Active
107269,37,Female,71,47805.47,1,265,Churned
107270,24,M,16,70663.63,0,252,Churned
107271,14,Male,52,30765.15,1,5,Active
107272,37,Male,65,67182.65,2,6,Churned
107273,45,Male,70,,0,230,Active
107274,32,Female,1,12967.01,2,46,active
107275,999,,16,59258.71,0,97,Active
107276,26,M,27,,5,112,Active
107277,22,Female,18,68978.51,0,207,Churned
107278,34,Female,44,15017.54,0,357,Churned
107279,34,Male,50,10253.44,5,131,Active
107280,44,Male,14,18854.75,4,159,Active
107281,25,Female,52,5412.38,1,379,Active
107282,51,Female,50,24685.93,0,103,Active
107283,58,Female,17,21942.66,2,135,Active
107284,34,,3,31799.92,0,16,Churned
107285,49,Female,62,35260.31,0,92,Active
107286,22,Female,21,11709.32,2,378,CHURNED
107287,47,Male,33,46833.67,3,227,Active
107288,47,,1,17543.99,0,143,Active
107289,45,Female,70,10022.72,1,263,Active
107290,34,M,56,53452.02,0,355,Active
107291,0,Female,4,2682.41,0,112,Active
107292,27,Female,22,28259.08,1,392,Churned
107293,999,Female,58,11685.84,0,240,Active
107294,23,Male,44,66326.66,4,184,Active
107295,36,Female,57,62009.92,3,98,Churned
107296,29,F,40,,1,385,active
107297,25,Male,56,41733.38,99,147,CHURNED
107298,22,Male,63,22856.31,0,206,Churned
107299,26,Female,39,15248.37,4,19,Active
107300,48,Male,7,24053.86,0,87,Active
107301,27,Female,14,61375.66,1,260,ACTIVE
107302,28,Female,18,5281.3,0,192,active
107303,29,Male,55,48969.27,0,130,Churned
107304,39,M,56,68589.39,2,204,CHURNED
107305,40,Female,57,34156.17,0,23,Churned
107306,-1,M,58,67712.03,1,184,Active
107307,47,Female,25,68103.23,0,107,Active
107308,52,M,70,46110.09,2,82,Active
107309,22,Male,3,34732.2,1,337,Active
107310,23,Male,21,55587.11,0,159,Active
107311,29,Male,32,68800.48,0,314,Active
107312,25,Female,2,51322.62,0,268,Active
107313,37,F,20,16510.93,1,121,Churned
107314,11,Female,18,61684.13,1,163,Active
107315,21,M,54,71413.47,3,4,Active
107316,53,Male,36,31360.34,1,284,Active
107317,23,Male,61,52621.64,0,230,Active
107318,49,F,60,39344.31,5,289,Active
107319,39,Female,36,9288.68,3,330,ACTIVE
107320,13,Female,44,26888.31,0,206,ACTIVE
107321,42,Male,68,13123.39,4,5,Active
107322,33,F,66,50844.43,2,266,Active
107323,29,Female,44,44075.01,0,153,Active
107324,37,Female,29,3481.55,0,17,Active
107325,40,Male,48,5558.91,0,243,ACTIVE
107326,43,Female,36,20298.64,2,189,Active
107327,-5,F,8,56119.61,0,212,Active
107328,39,M,5,10385.87,0,316,active
107329,18,Male,47,₹16153.28,0,289,Active
107330,29,Male,43,68164.35,0,137,Active
107331,70,Female,10,41414.18,1,178,Active
107332,-5,Male,10,46942.87,5,159,Active
107333,-5,Female,6,34726.69,1,389,Churned
107334,51,Male,16,23183.05,5,174,Churned
107335,37,Male,60,19435.64,2,243,Active
107336,38,Female,26,44602.25,0,111,Active
107337,34,Female,21,35852.17,3,132,Active
107338,14,Female,58,30824.45,0,31,Active
107339,35,,41,52384.5,3,4,Churned
107340,49,Male,30,30907.41,2,379,Churned
107341,27,Female,5,3718.05,3,18,Active
107342,39,Male,10,63135.58,0,338,CHURNED
107343,45,Female,11,24561.85,3,232,Active
107344,24,Male,63,71033.73,1,290,ACTIVE
107345,29,Male,7,66087.3,0,48,Active
107346,22,Male,59,18309.8,3,63,CHURNED
107347,-5,Male,12,72444.86,3,270,Churned
107348,19,F,64,64163.5,1,90,Active
107349,24,Female,41,73891.22,0,87,Active
107350,-5,,60,51168.19,0,289,Churned
107351,24,Female,28,69873.78,1,81,Churned
107352,36,Male,63,52066.89,3,170,Churned
107353,28,Male,3,64276.91,1,384,Active
107354,49,Male,32,,0,160,Active
107355,50,Male,21,69758.9,0,112,Active
107356,45,Female,55,39338.43,1,99,Active
107357,38,Female,18,55506.09,1,371,Churned
107358,-5,Male,53,68855.07,1,171,Active
107359,20,Male,61,32256.87,0,185,Churned
107360,58,Male,50,2953.75,0,143,Churned
107361,25,Male,8,9365.49,0,306,Active
107362,42,Male,12,72921.45,0,372,Active
107363,47,Female,51,65616.99,0,243,Active
107364,999,Male,66,36772.89,3,71,Active
107365,47,Female,41,72106.56,1,63,Active
107366,44,Male,22,14734.81,1,70,active
107367,55,Male,9,9211.51,0,393,CHURNED
107368,29,M,11,45506.57,1,141,Active
107369,19,Female,13,₹29276.9,0,104,Active
107370,28,Male,56,26142.95,4,146,Active
107371,37,F,28,55327.24,0,163,active
107372,35,Male,64,12100.97,2,1,Active
107373,30,Male,64,58605.23,2,216,CHURNED
107374,12,Female,70,27599.27,0,125,Active
107375,40,Female,55,,99,370,Churned
107376,58,Male,37,,0,36,Churned
107377,40,Male,33,48820.54,0,242,Churned
107378,42,M,25,17979.02,0,208,Active
107379,41,Male,23,71775.56,3,255,active
107380,39,Male,60,3435.34,0,302,Active
107381,46,Female,56,17527.88,1,253,Churned
107382,39,F,63,3721.4,0,165,Churned
107383,31,Male,8,72522.2,1,122,Churned
107384,25,Female,17,65487.26,1,82,Churned
107385,32,Female,57,71455.97,0,300,active
107386,38,Female,62,53912.59,0,349,Active
107387,31,Female,11,3029.38,0,324,Active
107388,38,,67,69931.15,3,76,active
107389,40,Male,40,32150.51,4,333,ACTIVE
107390,999,Male,40,28246.86,0,398,active
107391,50,F,56,₹22025.79,3,334,Active
107392,35,Female,53,22223.04,0,179,Churned
107393,19,Female,28,60246.51,0,202,Active
107394,30,Female,42,19972.08,1,86,Active
107395,35,Female,46,17439.99,2,265,Active
107396,12,Female,18,52653.45,0,370,Churned
107397,51,F,23,22272.27,0,337,CHURNED
107398,36,Female,26,,3,344,Active
107399,39,Male,29,69950.71,4,69,Active
107400,51,Female,52,24203.73,0,106,Churned
107401,27,Female,46,57563.93,2,65,Churned
107402,41,Female,1,35705.06,0,27,Active
107403,33,Female,63,10921.91,0,392,Active
107404,32,Male,16,49982.69,0,6,ACTIVE
107405,25,Female,25,18135.43,1,309,Active
107406,54,Female,62,,0,389,Active
107407,30,Female,16,,0,117,active
107408,43,Female,69,2213.85,0,146,Active
107409,12,Male,70,39007.84,0,164,ACTIVE
107410,49,Female,34,5276.82,0,97,ACTIVE
107411,47,Female,53,16496.9,0,384,active
107412,36,Female,23,69361.73,3,310,Active
107413,32,Female,43,7131.3,0,162,Active
107414,39,Female,44,22518.42,2,288,Active
107415,62,Male,32,54763.08,0,51,Churned
107416,13,Female,23,,0,131,Active
107417,-5,Male,20,4419.63,0,321,Active
107418,24,Female,19,14722.52,3,254,Churned
107419,34,Male,29,29703.37,0,341,Active
107420,32,Male,18,27713.57,3,13,Active
107421,29,Female,69,22350.9,1,8,Churned
107422,34,Female,12,18930.76,99,264,Active
107423,21,Female,10,20880.75,4,314,Churned
107424,47,Female,37,10873.49,3,380,Churned
107425,13,Female,55,13086.17,0,347,Active
107426,41,Female,4,45900.75,0,359,Active
107427,-5,Female,63,22622.14,0,343,Active
107428,20,Female,12,30576.71,1,136,Active
107429,37,Female,18,31485.51,1,317,Active
107430,16,Female,8,9120.57,0,248,Active
107431,35,F,32,61642.54,2,199,Active
107432,17,Male,49,71770.62,0,76,Active
107433,40,F,63,20502.1,0,370,CHURNED
107434,23,Male,59,22786.35,1,358,Active
107435,29,Male,67,52293.38,3,363,active
107436,38,Male,39,6963.54,1,94,Churned
107437,25,Female,50,,5,330,Active
107438,999,Male,71,9923.61,99,18,Churned
107439,16,F,26,55172.62,1,172,Active
107440,42,M,23,22572.12,0,369,Active
107441,56,Female,63,24921.59,0,148,Active
107442,68,Female,66,₹11422.5,3,2,Active
107443,36,F,39,48829.0,0,30,Churned
107444,44,M,66,59829.58,0,172,CHURNED
107445,13,Female,46,71317.88,0,250,CHURNED
107446,53,Female,15,25534.66,0,47,Active
107447,44,Female,16,46967.39,0,299,Churned
107448,29,Female,16,31709.48,0,11,Active
107449,49,Male,39,42280.43,1,275,Active
107450,31,Female,11,13056.95,0,387,active
107451,29,Male,36,44049.71,4,4,Active
107452,40,Male,18,63832.09,1,367,Churned
107453,22,Female,23,64910.33,3,166,Active
107454,47,,49,36770.81,0,201,Active
107455,22,,42,18445.24,0,162,Active
107456,22,Female,44,62914.24,0,307,Churned
107457,24,Female,1,74957.71,3,239,Churned
107458,44,Male,7,28909.81,0,104,Active
107459,27,Female,48,69403.28,3,339,Active
107460,18,Male,16,73776.05,4,37,active
107461,27,Male,48,30275.38,0,224,Active
107462,34,Female,43,54005.05,0,59,Active
107463,20,Male,51,44000.85,1,364,Active
107464,21,Male,66,54442.33,2,220,Active
107465,60,M,31,12407.3,1,361,Churned
107466,24,Male,39,28137.27,0,274,Churned
107467,31,Male,9,5647.06,2,25,Churned
107468,30,Male,41,46377.99,0,394,Active
107469,29,Male,63,69575.54,0,207,Active
107470,42,Male,14,42460.96,0,25,active
107471,46,Female,58,6204.54,4,84,Churned
107472,31,Male,64,69847.93,1,248,CHURNED
107473,20,M,28,10839.4,1,248,Active
107474,50,Male,4,66337.67,0,51,active
107475,33,Female,34,,3,10,Active
107476,55,Female,4,48091.21,0,177,Active
107477,8,Female,70,44426.72,0,125,Active
107478,37,Female,58,10705.04,5,166,Active
107479,58,F,4,38062.44,0,348,Active
107480,30,Male,50,15555.28,2,126,Active
107481,32,Female,5,43312.01,0,369,Active
107482,38,F,45,34103.44,0,370,Churned
107483,28,Male,35,51295.99,0,302,Active
107484,31,Male,27,73704.78,4,247,Active
107485,30,Male,2,27715.14,0,70,Active
107486,27,Female,54,46636.8,0,11,Active
107487,49,Male,48,64966.11,3,83,CHURNED
107488,40,Male,49,7876.57,4,160,Active
107489,38,Female,1,60218.21,0,386,Active
107490,44,Female,33,18717.45,0,58,Active
107491,31,Male,35,40980.43,0,341,Active
107492,25,Male,54,74371.11,2,79,Churned
107493,27,Female,56,73819.85,0,185,CHURNED
107494,35,F,15,24369.03,2,77,Active
107495,22,Female,69,,1,71,Active
107496,28,Female,4,70425.69,0,116,Active
107497,28,Male,64,67121.18,1,185,Churned
107498,60,Male,22,46586.36,1,323,Churned
107499,1,Female,24,3398.37,1,15,Active
107500,32,M,47,56594.74,2,340,active
107501,55,Female,6,12903.29,0,3,Active
107502,36,M,27,70783.57,1,58,Active
107503,44,,10,33199.33,3,283,active
107504,36,Male,39,46518.56,1,399,Churned
107505,26,Male,37,21799.92,0,188,Active
107506,8,Male,54,36155.62,2,259,Active
107507,37,Male,51,56843.03,0,175,CHURNED
107508,25,Male,60,37409.23,0,65,Active
107509,25,M,51,,3,11,Active
107510,29,Male,62,53764.03,0,281,Active
107511,55,Male,49,6724.61,3,191,Active
107512,63,Male,51,45905.82,0,4,Active
107513,37,F,28,46332.36,0,339,Active
107514,29,Female,36,29186.48,3,54,Active
107515,20,F,25,24881.57,0,60,Active
107516,40,,36,5653.68,3,156,Churned
107517,56,Female,60,34015.58,0,138,Active
107518,32,Male,7,25908.14,5,164,Active
107519,6,Male,65,71378.65,3,80,Active
107520,43,Male,36,50888.9,0,315,Active
107521,46,Female,30,35044.54,2,173,Active
107522,15,Male,47,56841.29,1,179,Churned
107523,37,Male,29,58628.95,3,46,Active
107524,40,Female,5,36553.74,1,397,Active
107525,34,Female,65,6606.08,5,256,Active
107526,25,Female,69,58760.78,0,349,Active
107527,47,Male,63,7681.02,1,132,Churned
107528,30,M,56,63715.51,0,170,Active
107529,17,Female,17,25727.61,0,136,Churned
107530,10,Male,51,48229.83,0,105,Churned
107531,50,Female,37,,0,302,Churned
107532,42,,9,3604.24,0,392,ACTIVE
107533,36,Male,38,29461.46,0,26,CHURNED
107534,29,Male,53,45706.58,5,1,Active
107535,28,Female,13,63762.67,0,368,Active
107536,22,Male,53,54114.96,0,254,Active
107537,29,M,49,₹67314.45,4,211,CHURNED
107538,9,Male,70,7121.48,1,210,Active
107539,26,Female,35,6314.83,0,90,Churned
107540,31,Female,16,53800.85,2,39,Active
107541,42,Female,13,30491.09,0,393,Active
107542,34,Male,11,36640.71,0,27,Active
107543,44,Male,2,45719.39,0,198,Churned
107544,51,Male,19,73959.67,0,230,Churned
107545,47,Male,45,5970.3,1,16,Churned
107546,40,Male,46,9058.22,1,323,Active
107547,35,M,47,62369.18,2,22,Active
107548,23,Male,49,2518.8,2,73,Active
107549,43,Female,42,34333.66,0,184,Active
107550,55,Female,33,58284.75,0,376,Active
107551,39,Female,41,15449.89,0,392,Active
107552,58,,69,14838.75,1,135,Active
107553,16,Male,19,23958.67,3,332,Active
107554,21,M,39,12100.77,0,1,Active
107555,45,Female,7,51212.91,5,396,active
107556,38,M,39,15810.18,0,208,Active
107557,50,Female,34,17787.46,4,14,CHURNED
107558,34,Female,44,43545.2,3,222,Churned
107559,24,Male,69,72583.24,0,244,ACTIVE
107560,32,Male,68,68627.31,0,147,Churned
107561,16,Female,63,64972.76,0,275,Churned
107562,21,,71,40288.36,0,77,Active
107563,46,Female,48,23033.63,1,108,Active
107564,45,Male,3,53226.77,1,330,active
107565,39,M,34,29828.72,2,111,Active
107566,14,Female,9,58565.26,1,125,Active
107567,30,Male,61,2198.17,0,93,Churned
107568,20,Male,20,40185.96,4,237,Active
107569,49,Male,40,25963.94,0,248,Active
107570,27,M,12,19429.63,3,143,Churned
107571,21,M,28,49975.93,0,209,Active
107572,35,Male,48,49719.63,0,319,Active
107573,27,Male,7,3742.97,0,23,Active
107574,52,Female,14,71129.72,0,10,Active
107575,26,F,19,27777.12,0,256,ACTIVE
107576,18,Female,54,68888.18,0,177,Active
107577,9,Female,60,44195.28,0,398,CHURNED
107578,34,Male,67,49291.69,0,254,Churned
107579,28,Female,34,72078.15,0,352,Active
107580,17,Male,41,61842.6,1,290,Churned
107581,49,M,31,11362.59,1,95,active
107582,43,Male,39,1386.35,5,295,Active
107583,34,M,52,23835.47,0,80,Active
107584,51,Male,47,37151.78,3,218,Active
107585,42,M,20,55179.09,0,209,Active
107586,25,Male,52,49917.58,0,100,Active
107587,22,Female,71,24151.36,1,23,Active
107588,999,Female,62,41107.7,0,281,Churned
107589,39,Male,5,49169.07,0,197,Active
107590,37,F,57,39017.51,0,390,Active
107591,24,Female,4,51984.1,1,247,ACTIVE
107592,42,Female,11,36906.15,0,90,Churned
107593,25,M,19,40196.69,0,253,Active
107594,33,M,27,70617.37,5,6,Active
107595,52,Female,29,,0,19,Active
107596,27,F,18,56922.34,0,275,Active
107597,16,Male,37,25766.06,1,110,ACTIVE
107598,22,Male,61,25557.24,0,367,Active
107599,46,Female,47,69573.7,0,95,Churned
107600,38,Male,20,52701.69,5,87,Churned
107601,33,Female,70,69742.91,0,396,Churned
107602,28,Male,49,74599.03,1,13,Active
107603,40,Female,15,1015.03,0,342,Churned
107604,24,M,18,73753.12,0,195,Active
107605,38,Female,38,8464.43,0,76,Active
107606,26,,22,6210.45,1,229,ACTIVE
107607,24,Female,60,57817.93,0,159,Active
107608,27,Male,66,26913.66,0,333,Active
107609,30,Male,26,68918.08,2,23,Active
107610,34,Male,64,41293.49,1,205,Churned
107611,37,M,58,29572.26,1,326,Active
107612,-9,Male,3,6434.37,0,381,Active
107613,25,Male,30,35383.05,0,240,Active
107614,30,F,19,21564.43,3,314,CHURNED
107615,53,Female,10,6669.37,1,195,ACTIVE
107616,22,Male,46,50608.75,0,199,Active
107617,36,Male,19,73322.93,1,138,Churned
107618,52,M,58,29039.67,0,223,Active
107619,19,F,6,22997.6,0,324,Active
107620,39,Male,51,7657.05,0,326,Active
107621,25,Female,14,17512.75,1,338,ACTIVE
107622,28,M,58,22087.95,1,215,Churned
107623,25,Female,8,26469.0,0,8,Active
107624,26,M,2,47913.56,4,370,Active
107625,67,Female,18,9500.58,0,216,ACTIVE
107626,45,F,57,5323.37,2,284,ACTIVE
107627,48,Male,35,69863.05,0,255,Active
107628,40,Male,66,₹60139.96,5,323,Active
107629,15,Female,56,21588.43,2,205,Active
107630,999,Female,43,48270.62,0,161,Active
107631,-5,M,8,44844.43,4,114,Churned
107632,24,Male,5,55982.78,2,245,Active
107633,46,M,13,64587.79,0,336,Churned
107634,43,Male,7,27473.65,5,203,ACTIVE
107635,57,Female,21,49901.57,0,217,CHURNED
107636,29,Male,37,₹60351.03,0,145,Churned
107637,21,Female,45,52747.78,3,134,Churned
107638,30,Female,52,69238.03,2,174,Active
107639,52,Male,48,37606.87,0,270,Active
107640,13,Male,62,60395.4,0,165,Active
107641,10,Female,51,68320.86,0,370,Active
107642,36,M,4,42221.91,0,107,Active
107643,29,Male,56,2279.72,0,248,Churned
107644,35,Male,34,61532.62,0,332,Active
107645,46,Male,45,63606.51,2,339,Active
107646,28,F,16,30588.95,0,341,Active
107647,12,Male,9,17951.78,0,29,Churned
107648,59,Male,16,73383.05,0,220,ACTIVE
107649,23,Female,31,41820.15,5,209,Active
107650,22,Female,13,39197.3,0,49,Active
107651,48,Male,5,71009.5,0,2,Active
107652,30,,47,31199.19,0,198,Active
107653,34,Female,39,63762.06,2,89,Churned
107654,40,Female,18,52848.18,0,211,Active
107655,48,Male,20,72610.94,4,70,Active
107656,30,F,2,32720.17,1,193,Active
107657,53,Male,40,68164.32,0,46,CHURNED
107658,9,Male,30,43097.17,1,63,Active
107659,44,Male,10,36214.86,0,119,Active
107660,24,Female,64,23619.1,0,226,Active
107661,51,Female,42,41899.65,0,341,Active
107662,36,Female,53,43368.84,3,27,Churned
107663,26,Male,53,67480.94,0,191,Active
107664,42,Female,40,53100.6,2,279,Active
107665,-5,Female,16,62159.05,4,228,ACTIVE
107666,42,Male,48,57915.62,1,356,Churned
107667,22,M,61,21471.84,0,224,Active
107668,29,Male,38,16229.02,1,295,Active
107669,34,Female,44,20127.62,0,58,Churned
107670,34,Male,15,11846.88,1,301,Active
107671,43,Female,61,29561.18,0,209,Churned
107672,10,,7,49388.65,0,142,Active
107673,999,,30,40736.33,2,150,Active
107674,31,Male,36,51261.86,0,17,active
107675,24,Female,11,27351.29,0,240,Active
107676,26,Male,70,16190.56,3,38,Active
107677,32,M,29,16004.1,3,346,Churned
107678,-5,Female,6,45463.83,1,287,Active
107679,26,Male,51,13157.81,5,98,CHURNED
107680,24,Male,38,30390.37,4,58,Active
107681,41,F,22,16749.62,3,347,Active
107682,25,Female,54,50044.27,0,17,Active
107683,999,Male,40,46541.14,0,120,Active
107684,-5,Male,7,29203.25,0,23,Churned
107685,46,Male,40,10525.1,3,210,Churned
107686,45,Female,24,16674.44,3,213,Active
107687,29,F,41,35943.47,2,148,Active
107688,41,M,51,72934.1,0,96,Churned
107689,32,Female,39,21037.33,0,260,Active
107690,32,M,43,15148.09,0,73,Churned
107691,39,Female,69,17330.57,1,331,Churned
107692,27,Male,59,53402.3,99,49,Active
107693,52,,25,68686.63,0,222,Active
107694,33,Male,25,6562.7,1,365,Churned
107695,42,Male,24,56447.35,3,282,ACTIVE
107696,52,,62,37600.89,0,32,Active
107697,47,Male,43,62064.09,3,28,Active
107698,18,Female,59,32191.39,1,307,active
107699,40,F,54,1386.0,1,168,Active
107700,45,Female,26,51526.93,2,37,Active
107701,45,Male,54,60789.89,0,234,Active
107702,21,Male,61,67749.56,1,179,Active
107703,27,Male,44,43109.8,0,57,Active
107704,46,Female,9,10031.59,0,233,Active
107705,25,Female,42,28367.76,1,336,CHURNED
107706,31,Female,29,59034.52,0,72,Active
107707,53,Female,58,37586.56,2,195,Churned
107708,34,Female,63,52744.09,1,3,CHURNED
107709,26,Female,49,1347.04,1,202,Active
107710,24,M,11,6402.17,3,191,Active
107711,38,Male,54,51406.11,0,396,Active
107712,19,M,30,22474.94,0,207,Active
107713,32,Female,66,29725.81,0,111,active
107714,38,Male,65,48517.84,2,347,Active
107715,50,Male,58,9289.07,3,51,Active
107716,999,Male,57,62620.42,0,238,Active
107717,26,Female,37,11688.14,2,395,Active
107718,49,Male,54,55262.91,0,134,Active
107719,31,F,69,22663.6,1,396,Active
107720,20,Female,24,20237.85,0,281,Active
107721,32,F,63,61773.59,0,226,Active
107722,52,Male,51,41862.93,0,26,Active
107723,36,Male,15,16206.84,0,216,active
107724,35,Male,47,1188.42,5,80,Active
107725,54,Male,46,73004.58,0,292,Churned
107726,17,M,30,32922.58,0,21,Active
107727,19,Male,20,30409.29,99,222,Churned
107728,-5,Female,57,4723.28,0,49,Active
107729,39,Male,49,67185.86,0,340,active
107730,36,Female,56,11403.49,1,374,Churned
107731,53,M,56,25823.72,0,60,active
107732,37,Female,25,32161.69,3,362,Churned
107733,30,Female,9,60947.83,0,242,Churned
107734,35,Male,22,27600.53,99,379,Churned
107735,36,F,37,40328.23,0,19,Churned
107736,14,Female,28,32726.13,1,395,Churned
107737,67,Female,14,24076.51,1,78,Active
107738,41,Female,30,71026.43,1,356,Active
107739,37,F,39,,0,131,Churned
107740,42,Female,57,,3,214,Active
107741,43,Female,5,42048.27,0,128,Active
107742,33,Female,12,59945.45,0,107,Active
107743,27,Male,35,43904.46,2,181,Churned
107744,42,Female,41,37539.67,0,194,Active
107745,39,Female,63,6332.4,0,396,Churned
107746,25,Female,42,8848.93,0,318,Active
107747,52,Female,65,19147.73,0,45,Active
107748,38,Male,65,38991.36,0,57,Active
107749,43,Female,43,74059.95,99,386,Active
107750,51,F,60,60367.7,1,357,Active
107751,35,F,20,9143.77,5,183,Active
107752,38,Male,63,54077.2,3,275,CHURNED
107753,44,Female,24,60974.88,0,317,Active
107754,26,M,35,31655.48,0,5,Active
107755,35,Female,41,25430.92,0,154,Churned
107756,36,Female,16,44261.52,3,19,Active
107757,23,F,6,39417.36,1,31,Active
107758,62,Female,20,20625.81,0,147,Active
107759,18,Female,56,30405.96,5,362,Active
107760,19,Male,8,41288.38,2,337,Active
107761,50,Male,6,43914.4,2,396,Active
107762,43,Male,8,40349.46,0,346,Active
107763,22,F,62,63611.96,0,373,Active
107764,42,Female,14,3349.13,1,125,Active
107765,52,Female,3,25640.79,1,328,Churned
107766,34,M,2,56487.69,1,360,CHURNED
107767,66,Female,22,49231.91,3,25,Active
107768,14,Female,70,68951.73,0,153,Active
107769,43,Male,71,44513.56,0,237,Active
107770,48,M,6,48223.17,1,214,Active
107771,45,Male,50,53166.09,1,141,Active
107772,32,Male,44,14778.84,0,298,Active
107773,31,Male,8,56740.06,4,143,Churned
107774,40,Male,24,23191.83,1,23,Churned
107775,44,Male,27,32413.09,1,284,Churned
107776,42,Female,53,2036.48,0,112,CHURNED
107777,47,Male,51,63423.88,0,269,Churned
107778,22,Female,28,,5,96,Churned
107779,32,Male,59,5454.13,1,331,Active
107780,23,Male,69,48004.81,3,172,Active
107781,30,Female,25,72097.62,0,291,Churned
107782,47,F,44,45910.66,0,303,CHURNED
107783,36,M,47,60048.37,0,235,active
107784,66,,13,9741.53,0,306,Active
107785,37,Female,53,19118.88,1,87,Active
107786,35,Female,53,26584.38,0,296,Active
107787,36,Female,37,73606.33,0,333,Churned
107788,27,Female,63,58851.57,0,198,Churned
107789,34,Male,66,66539.05,0,221,Active
107790,999,Female,40,37043.66,4,298,Churned
107791,36,Male,61,54043.6,0,143,Active
107792,25,Female,6,55135.81,0,60,Active
107793,23,Female,25,43100.31,1,314,Active
107794,29,Male,46,65969.72,1,289,Active
107795,35,Male,31,12710.59,0,2,active
107796,49,Male,63,5256.46,0,153,CHURNED
107797,18,,68,23500.18,3,254,Churned
107798,31,Male,39,7532.11,4,59,Active
107799,36,Male,36,5463.4,1,251,Active
107800,12,F,7,32012.64,1,368,Active
107801,24,Female,66,15837.42,0,25,Active
107802,26,Male,55,59470.91,0,133,Active
107803,25,Male,42,43904.04,0,243,Churned
107804,-5,Male,27,27683.87,0,62,Churned
107805,33,Male,2,22204.27,3,104,Churned
107806,28,Male,70,42672.22,3,78,Active
107807,40,Female,4,33116.16,4,209,ACTIVE
107808,55,M,21,5124.4,2,105,Churned
107809,54,Female,1,50224.11,2,91,Active
107810,11,Female,38,37982.06,0,164,Active
107811,41,Male,60,21490.57,3,380,Active
107812,32,Male,14,22490.72,1,354,Churned
107813,36,M,17,34506.06,0,394,ACTIVE
107814,30,Male,47,62241.84,1,115,Active
107815,36,M,56,32305.74,0,150,Active
107816,36,Female,53,63128.98,1,233,Active
107817,28,M,18,32439.88,0,86,Churned
107818,24,Male,69,62413.57,0,28,Active
107819,29,Male,48,69933.22,0,48,CHURNED
107820,37,Female,9,2522.47,0,188,active
107821,42,Female,54,5606.53,0,84,ACTIVE
107822,45,Male,35,10917.43,0,63,Active
107823,-5,,46,10036.92,0,2,Active
107824,38,Male,1,34631.36,4,279,Active
107825,46,Male,41,57538.52,3,51,Active
107826,48,Female,32,72138.3,0,226,CHURNED
107827,34,Female,40,31915.78,0,368,ACTIVE
107828,32,,11,51947.6,2,80,Active
107829,37,Female,62,48027.51,5,246,active
107830,21,Male,46,30095.58,0,206,Active
107831,32,Female,48,54363.14,0,116,Active
107832,43,Male,43,44804.38,0,257,Active
107833,42,Female,51,57235.52,1,399,Active
107834,-5,Female,61,15330.0,0,15,Active
107835,37,Male,42,27660.08,0,217,Active
107836,25,Female,26,50670.42,0,43,Active
107837,43,Female,11,10235.46,0,389,Active
107838,34,Female,25,58009.42,3,103,Churned
107839,31,Female,40,10874.54,2,381,Active
107840,30,Male,25,25009.61,2,294,Churned
107841,34,Male,52,18577.12,0,63,active
107842,29,Male,3,,0,231,Churned
107843,999,Male,39,21028.61,3,238,Active
107844,30,Female,35,68451.83,0,307,Active
107845,54,,40,2992.72,1,250,ACTIVE
107846,52,Female,22,2245.34,1,78,Active
107847,999,Female,62,53115.75,4,83,Churned
107848,35,Female,19,28148.37,0,154,Churned
107849,27,Male,14,18000.84,2,230,Active
107850,31,F,50,38656.54,0,97,Active
107851,59,,62,20733.99,0,174,Churned
107852,31,Female,43,30009.33,3,140,Active
107853,39,Male,55,53934.89,3,93,Active
107854,41,Female,40,9651.12,0,140,Active
107855,22,Male,12,72014.56,2,29,Active
107856,24,Female,65,,0,361,Active
107857,20,M,34,60683.76,1,61,Active
107858,24,Male,23,54619.75,1,41,CHURNED
107859,0,,71,21874.63,1,148,Active
107860,41,,7,9755.89,0,302,Churned
107861,59,F,65,64075.75,1,247,Churned
107862,36,Female,18,51291.26,0,158,Churned
107863,18,Male,8,22525.21,2,295,Churned
107864,27,Female,42,2252.76,0,246,Active
107865,29,Female,1,70448.29,2,296,Active
107866,22,Male,15,30914.73,3,179,active
107867,45,Female,28,14043.75,0,258,Churned
107868,44,Female,36,68475.71,2,218,Active
107869,21,Male,46,,0,156,Active
107870,43,Male,21,35280.62,2,307,Churned
107871,53,Male,49,52697.78,1,120,Active
107872,57,Female,39,61636.99,0,264,Active
107873,69,Female,38,8413.15,0,287,Active
107874,24,Male,9,67501.87,4,39,Active
107875,68,,20,70007.94,3,188,Active
107876,30,Male,8,,1,242,Active
107877,27,Female,14,37806.71,0,83,Active
107878,38,Female,62,64482.77,1,205,Active
107879,28,Female,35,37063.78,1,144,Active
107880,39,Male,55,36666.12,0,279,Active
107881,19,F,45,46770.72,5,395,Active
107882,32,F,21,57790.51,0,377,Active
107883,50,Female,53,50255.69,2,182,Active
107884,34,Female,54,47365.93,0,325,Active
107885,36,Male,43,28503.68,2,12,Active
107886,40,Female,6,47625.45,0,292,Active
107887,49,Female,55,8642.19,0,57,Active
107888,15,Female,44,31307.3,1,154,Churned
107889,42,Female,68,14937.99,0,92,Churned
107890,31,Female,4,,3,90,Active
107891,36,Male,63,20391.34,99,4,active
107892,47,Male,58,38439.18,0,221,Churned
107893,20,Male,54,58522.05,0,144,Active
107894,22,Male,38,33115.46,1,22,Active
107895,11,Female,60,17185.92,1,192,Active
107896,28,Female,52,,3,107,Active
107897,50,Female,29,68062.83,0,326,Active
107898,33,Female,40,58786.95,2,220,Active
107899,18,Female,71,3706.38,0,395,CHURNED
107900,29,Male,8,70761.49,1,239,Active
107901,17,Male,35,9329.82,0,341,CHURNED
107902,21,Male,16,49317.74,1,218,Active
107903,39,Female,18,41811.23,0,39,Active
107904,20,Male,59,4453.79,0,245,Active
107905,48,Male,34,22842.82,0,150,Active
107906,34,Female,4,58413.17,3,30,ACTIVE
107907,36,F,69,23709.11,1,161,Churned
107908,31,Female,65,36544.6,1,104,Active
107909,44,Female,61,52648.34,2,158,Active
107910,44,Female,46,6296.39,2,309,Churned
107911,39,Female,21,62612.82,0,134,Active
107912,41,Female,38,4077.01,0,54,Active
107913,32,M,60,20416.67,1,388,Churned
107914,41,Male,36,57466.98,0,335,active
107915,30,Male,6,,0,36,Active
107916,35,Male,39,57265.43,1,319,Churned
107917,31,Female,29,17797.95,0,131,Churned
107918,29,F,27,73943.56,0,313,Active
107919,26,Male,69,31586.73,5,80,Churned
107920,40,Male,9,28857.39,4,272,Active
107921,50,M,24,65027.43,0,120,Churned
107922,49,Female,63,5899.46,1,134,Churned
107923,19,Female,19,42150.03,0,205,Active
107924,50,M,30,72456.31,0,265,Active
107925,31,Female,58,8409.64,2,233,Active
107926,42,Female,40,41022.83,3,28,Churned
107927,24,Male,68,10801.79,0,301,Active
107928,36,Male,32,66858.37,0,58,Churned
107929,38,Female,65,44493.38,1,29,Active
107930,17,Female,34,18360.65,2,351,Active
107931,42,,31,23721.18,5,377,Churned
107932,51,,59,,1,313,Active
107933,32,M,26,54675.76,0,33,Active
107934,51,Male,22,37074.57,0,108,Churned
107935,32,,34,15005.68,0,388,Active
107936,45,Female,13,53401.71,0,272,CHURNED
107937,8,Male,55,,0,387,active
107938,64,Female,8,60896.14,0,345,Active
107939,52,Male,62,30274.41,0,191,Active
107940,31,Male,22,49300.58,4,81,Active
107941,11,M,56,26507.81,0,82,Active
107942,38,Female,21,50511.44,3,96,Active
107943,17,Male,49,66799.83,0,146,Active
107944,40,Female,6,52903.92,3,57,Active
107945,39,F,35,50684.26,0,218,Active
107946,23,Female,27,57048.4,0,242,Churned
107947,48,Male,40,38015.69,0,284,CHURNED
107948,44,Male,14,17301.66,0,168,Active
107949,46,Male,52,61348.63,0,136,Churned
107950,35,,40,48987.67,1,141,Active
107951,18,Female,43,24222.75,1,172,Active
107952,46,Female,58,,3,377,Active
107953,31,Female,3,37994.74,4,47,Active
107954,18,F,15,16340.62,1,10,Active
107955,51,Female,45,65989.67,3,297,active
107956,60,Female,11,59354.42,0,195,Active
107957,34,Male,39,23815.31,0,330,Churned
107958,-5,Male,19,4655.86,0,15,Churned
107959,36,F,20,,0,216,Churned
107960,30,F,71,22986.86,1,189,Churned
107961,27,F,56,11915.55,3,253,Active
107962,54,F,4,65626.59,0,330,active
107963,25,M,9,32137.93,0,52,Churned
107964,-5,Female,25,26753.96,0,59,active
107965,28,M,47,17124.53,0,176,active
107966,29,Female,49,63248.88,0,374,Active
107967,47,Male,27,59642.56,0,295,Active
107968,30,Male,28,₹29440.16,0,126,Churned
107969,30,,62,13532.48,3,42,Churned
107970,48,Male,16,71447.13,0,307,active
107971,54,M,46,24373.64,0,306,active
107972,42,Male,46,58060.79,5,348,Active
107973,27,Male,40,35265.67,1,361,Churned
107974,28,Male,34,58841.8,2,254,Active
107975,35,Male,10,36639.08,3,66,Churned
107976,38,Male,1,69491.43,0,58,Active
107977,23,Male,66,60231.33,0,127,ACTIVE
107978,43,M,17,20261.39,0,4,active
107979,36,Male,47,32847.96,1,235,Active
107980,14,Male,24,8443.65,0,387,Active
107981,23,Male,50,67856.88,0,32,Active
107982,28,Female,29,6127.93,3,175,Active
107983,34,Female,13,2349.88,0,62,Active
107984,57,Female,64,37736.05,0,226,Active
107985,37,Male,28,45631.55,0,144,Active
107986,999,Male,5,17517.87,0,18,Active
107987,37,Female,9,43220.63,0,220,Active
107988,30,M,14,67271.58,0,234,Churned
107989,38,Male,10,47332.52,4,390,Active
107990,41,Female,33,34724.82,0,235,Active
107991,49,Male,40,11687.74,0,362,Active
107992,34,Male,6,13501.69,0,321,Active
107993,54,Female,17,36842.25,0,80,Churned
107994,45,Female,36,35270.98,0,293,Active
107995,26,Male,70,39656.76,0,73,active
107996,61,Male,61,38583.89,3,337,Churned
107997,38,,49,26254.64,0,100,Active
107998,24,M,69,52493.91,4,256,Active
107999,54,M,71,16703.62,3,315,Churned
108000,-5,Female,24,64072.33,1,351,ACTIVE
108001,34,Female,51,15385.31,3,162,Active
108002,28,Male,42,31775.67,3,293,Active
108003,32,Male,19,16595.01,2,162,Churned
108004,43,Female,62,46765.51,1,357,active
108005,999,Female,67,36345.19,5,129,Active
108006,41,Male,30,28699.23,3,309,Churned
108007,36,M,38,36159.88,0,253,Churned
108008,52,Male,6,32171.79,0,62,Active
108009,31,Male,22,64282.25,1,143,Churned
108010,47,Male,11,10195.72,1,223,Active
108011,31,Female,29,59695.43,0,307,Churned
108012,40,Male,8,49494.39,1,14,Active
108013,33,Male,35,26775.71,0,364,Active
108014,34,Female,45,69013.55,1,98,ACTIVE
108015,30,Female,33,14093.98,0,59,Active
108016,51,Female,5,₹23961.33,2,180,Active
108017,26,Male,62,28738.24,1,1,Active
108018,26,Female,37,48936.92,0,227,Churned
108019,60,Female,17,71034.44,0,145,Churned
108020,46,Male,22,44915.14,2,312,CHURNED
108021,6,M,32,64366.65,0,133,Active
108022,28,Female,14,67968.02,1,145,Active
108023,13,Male,20,35518.31,5,274,Active
108024,23,F,22,,0,345,Active
108025,-2,M,30,19499.83,0,311,Churned
108026,33,,54,45517.4,0,47,Active
108027,21,Female,33,9882.06,2,208,Active
108028,35,Male,5,47940.33,0,239,Active
108029,15,Male,18,,0,242,Churned
108030,35,Female,63,57298.14,0,104,CHURNED
108031,30,,46,49039.94,1,277,Churned
108032,53,Female,7,63041.9,2,157,Churned
108033,51,F,29,55006.32,5,188,Active
108034,-5,Male,57,40194.99,2,174,Churned
108035,31,Female,47,39558.76,0,100,Active
108036,58,F,9,8918.23,0,10,Active
108037,16,Female,59,33146.69,4,84,Churned
108038,18,,71,39661.26,1,53,Active
108039,33,Female,71,35773.86,1,127,Churned
108040,62,Female,43,58425.03,0,135,ACTIVE
108041,32,Female,59,12911.19,0,286,ACTIVE
108042,32,F,6,59822.52,1,349,Active
108043,17,Female,53,55883.04,3,55,Active
108044,46,Male,64,67660.85,0,244,Churned
108045,46,Female,4,28635.67,1,65,Churned
108046,44,Female,1,14064.21,0,21,Active
108047,27,Male,70,,4,263,CHURNED
108048,26,Female,31,44543.88,5,300,Active
108049,19,Male,65,53724.43,0,324,Active
108050,36,Female,69,74758.79,0,359,Active
108051,22,M,19,15395.94,0,248,Churned
108052,20,Female,69,31417.82,0,143,Active
108053,29,M,69,15259.56,1,98,Active
108054,29,Male,49,64686.12,1,2,Churned
108055,28,,31,2256.6,0,357,Active
108056,40,Male,60,11006.51,0,131,Churned
108057,35,Male,71,19342.4,1,176,Active
108058,31,M,55,58077.92,4,47,Churned
108059,37,Female,38,47505.61,0,241,CHURNED
108060,23,Male,33,29757.31,1,356,ACTIVE
108061,36,,6,12743.82,0,27,Active
108062,36,Female,13,24799.04,0,388,ACTIVE
108063,16,,20,56013.1,0,36,Churned
108064,46,Female,37,29264.43,0,339,Active
108065,24,Female,45,35232.05,0,354,ACTIVE
108066,36,Female,59,46038.33,0,336,Active
108067,48,Male,52,68553.68,0,180,Churned
108068,46,Female,18,19507.79,0,51,Churned
108069,35,Female,25,34151.75,0,342,Active
108070,30,Male,1,23963.78,0,160,Active
108071,46,Male,41,35497.83,1,258,Active
108072,43,Male,18,52538.16,2,17,Active
108073,27,M,1,36672.74,3,279,ACTIVE
108074,25,Female,39,62755.69,0,172,Churned
108075,10,Female,31,₹41941.1,4,302,Active
108076,36,,71,29546.62,0,396,Active
108077,34,Female,38,58891.76,0,54,Churned
108078,48,,8,32917.97,4,13,Active
108079,39,Male,34,39150.9,1,202,Active
108080,51,Male,27,74605.61,0,327,Churned
108081,999,Female,41,59195.95,3,246,Churned
108082,48,Female,7,64280.52,2,271,Churned
108083,28,F,32,44870.98,3,228,Active
108084,44,Female,16,26768.02,0,62,Active
108085,17,Male,2,74353.95,3,201,Active
108086,37,Female,43,19057.49,1,152,CHURNED
108087,11,Female,31,65588.45,2,70,CHURNED
108088,31,Male,47,68436.3,0,189,Active
108089,40,Female,33,61499.05,0,327,active
108090,28,F,17,9442.22,0,208,Churned
108091,22,M,54,64204.36,1,131,Active
108092,45,Female,54,50119.57,1,157,Churned
108093,33,Male,51,51380.97,0,277,Active
108094,29,Male,52,59203.34,1,54,CHURNED
108095,35,Female,7,37299.76,2,244,Active
108096,66,Female,54,20769.63,1,390,Churned
108097,48,Male,11,43544.98,0,377,Active
108098,48,Male,62,9041.98,0,215,ACTIVE
108099,40,F,30,50935.58,2,11,Churned
108100,36,M,57,36737.63,3,219,Churned
108101,6,Female,46,38172.49,1,205,Active
108102,26,Male,70,14750.83,5,381,Active
108103,29,Male,66,4054.93,0,201,Active
108104,12,Male,55,46233.96,0,72,Active
108105,21,Female,58,49753.49,0,109,Active
108106,11,Male,10,37873.6,1,27,Active
108107,34,M,4,57664.12,0,349,Active
108108,44,,62,42715.0,0,289,active
108109,48,Male,43,63766.51,0,5,Active
108110,-5,Female,42,22320.78,0,265,CHURNED
108111,23,Female,24,18990.02,0,141,Churned
108112,11,F,5,20324.75,5,225,Active
108113,13,F,68,3258.37,2,350,Active
108114,-5,Male,45,67646.18,3,374,Active
108115,24,Male,59,74939.81,0,89,Active
108116,33,Female,65,61422.67,0,134,Active
108117,22,Female,63,31532.11,4,103,Active
108118,39,Male,67,27191.08,5,330,Active
108119,32,Female,49,58326.51,4,125,Churned
108120,35,Female,32,38735.94,1,304,Churned
108121,48,Male,50,70519.88,0,83,Active
108122,20,M,58,21688.89,1,267,active
108123,40,Male,52,24962.53,1,386,Active
108124,34,Female,23,74913.04,4,263,Churned
108125,30,Female,30,73384.93,0,361,Active
108126,45,Male,70,66504.19,0,57,Churned
108127,45,Female,71,30942.52,0,287,Active
108128,23,Female,30,62983.34,0,377,Active
108129,32,F,37,21971.1,1,187,Churned
108130,38,Male,48,19851.85,3,174,Active
108131,31,Female,32,41436.39,0,337,Churned
108132,42,Female,70,64659.45,0,335,Active
108133,38,Female,35,8213.02,0,135,Churned
108134,56,F,68,42832.64,1,94,Active
108135,16,Male,32,46120.64,1,398,Active
108136,33,Male,59,₹43905.03,1,351,ACTIVE
108137,24,Female,35,17168.8,0,9,Active
108138,42,Male,16,5745.56,4,9,Churned
108139,15,F,52,67229.4,0,113,active
108140,39,Female,66,43513.92,0,122,Active
108141,27,Female,6,57824.93,5,386,Active
108142,26,M,14,27968.34,3,108,Churned
108143,17,Female,29,4145.17,3,342,CHURNED
108144,29,Female,26,20207.83,0,272,Active
108145,48,Male,18,6429.06,3,258,Churned
108146,34,Male,4,6789.85,0,198,Churned
108147,42,Male,57,16869.99,0,382,Active
108148,54,Female,53,47884.78,99,118,Active
108149,38,Female,25,61515.05,0,156,Churned
108150,28,Male,47,61780.42,4,128,Churned
108151,40,Female,52,70393.98,0,43,Active
108152,28,Male,34,49572.24,0,63,Active
108153,28,F,16,2469.71,0,381,Active
108154,16,Male,36,28927.78,4,145,Active
108155,46,M,28,,0,275,Active
108156,30,Female,65,58532.39,1,389,Active
108157,37,Female,53,9856.99,1,23,Active
108158,22,Male,42,8838.26,2,364,Active
108159,40,,19,3087.44,2,275,Active
108160,25,Male,44,71707.21,0,384,Churned
108161,33,Female,30,59142.54,0,129,ACTIVE
108162,45,,44,25665.0,0,299,Active
108163,44,F,27,28856.51,5,281,Active
108164,34,Female,34,5397.7,2,182,Churned
108165,13,,24,12685.85,2,262,Churned
108166,70,Female,56,24047.4,0,228,Churned
108167,55,Male,7,29702.23,3,251,Churned
108168,43,Female,68,46878.25,0,81,Active
108169,25,Male,51,26924.59,0,76,CHURNED
108170,33,Male,8,71640.44,1,281,Churned
108171,28,Female,56,26366.77,1,202,Active
108172,50,Female,58,70678.06,1,119,Churned
108173,38,Male,69,55009.62,0,252,Active
108174,25,M,8,67592.42,0,122,Active
108175,-5,Male,66,53033.63,0,174,Active
108176,48,,24,43075.22,0,359,Active
108177,54,,42,38672.13,0,59,Churned
108178,53,F,54,22559.02,3,375,ACTIVE
108179,44,M,16,23064.87,0,55,Active
108180,31,Male,4,17517.23,3,152,ACTIVE
108181,-3,Female,59,29530.02,0,331,Active
108182,38,Male,46,10396.0,0,152,Churned
108183,34,Male,13,29682.77,0,387,active
108184,36,Female,37,62697.04,1,168,Active
108185,35,Male,54,65401.63,0,148,Active
108186,19,,49,48569.45,2,343,Active
108187,41,F,58,20003.93,0,197,Churned
108188,42,Male,19,18785.86,0,124,ACTIVE
108189,-5,Female,18,21566.74,0,228,Churned
108190,46,Female,60,38002.9,0,333,Churned
108191,42,F,17,,1,194,Active
108192,30,Female,11,9079.65,0,349,Active
108193,34,Male,15,38037.89,0,79,Active
108194,36,Female,17,51486.08,3,8,Churned
108195,36,Female,5,19178.91,1,354,Active
108196,46,,61,72714.31,0,373,Churned
108197,42,Male,4,26827.61,1,55,Active
108198,59,Male,56,69994.32,0,37,Active
108199,61,F,48,45204.3,4,346,Active
108200,35,F,48,1301.88,2,249,Churned
108201,-11,M,35,24022.3,1,200,Churned
108202,49,Female,33,2594.6,0,270,Churned
108203,28,Female,21,29229.2,4,89,active
108204,-5,Female,5,70007.52,0,226,CHURNED
108205,30,Male,64,58647.26,0,323,Active
108206,29,Female,69,46889.78,1,160,Active
108207,42,Male,21,40852.85,0,389,Active
108208,16,Male,32,28571.06,3,335,Active
108209,22,F,18,16653.94,3,122,ACTIVE
108210,39,Male,58,5626.84,0,274,Active
108211,42,F,24,15070.85,1,237,Active
108212,42,Male,5,27012.49,0,267,Churned
108213,25,Male,53,39479.34,2,330,Active
108214,23,Female,55,16125.89,2,132,Churned
108215,28,Female,5,73100.32,0,382,Churned
108216,37,Female,69,6686.91,2,389,Active
108217,52,F,41,8014.59,1,182,Churned
108218,10,Male,7,51512.57,1,193,Active
108219,32,F,1,56874.56,0,110,Churned
108220,19,Male,52,72961.41,0,214,Active
108221,15,F,26,40252.87,1,240,Churned
108222,46,Female,63,13279.11,0,141,Active
108223,41,M,12,70406.74,1,73,Active
108224,40,Female,70,73537.35,1,3,Active
108225,-5,Male,19,69340.03,0,2,Active
108226,29,F,4,65502.56,0,396,Active
108227,29,Male,5,6740.48,0,344,Churned
108228,61,Male,54,64260.61,1,210,Churned
108229,32,M,70,71538.79,2,312,active
108230,43,Male,57,41871.27,0,58,Active
108231,35,Male,52,58171.5,0,217,Churned
108232,12,Female,18,49906.28,0,399,Active
108233,10,M,64,22316.3,0,257,Active
108234,28,Male,10,44476.47,1,113,Active
108235,47,Female,23,66813.64,1,71,Active
108236,44,Female,68,37732.51,0,102,Active
108237,45,M,52,44670.76,1,45,Active
108238,23,F,47,40328.32,1,144,Active
108239,54,Female,70,21897.96,1,123,ACTIVE
108240,23,Female,26,48631.07,0,273,Active
108241,37,Female,70,38700.78,0,230,active
108242,34,Male,43,18208.4,1,30,Active
108243,32,Female,69,67257.98,2,293,CHURNED
108244,51,,63,71303.39,0,274,Active
108245,26,Female,66,5097.58,2,204,CHURNED
108246,18,Male,63,47053.81,1,240,Active
108247,35,Female,13,31713.38,0,267,Churned
108248,30,Female,51,39920.62,0,60,Active
108249,75,Female,5,28663.4,0,235,Churned
108250,43,Female,47,36102.53,2,247,Active
108251,30,Female,36,24934.11,0,154,Active
108252,22,Male,36,9702.64,1,80,Active
108253,12,F,50,23350.42,1,38,active
108254,22,Female,56,50604.59,1,137,Churned
108255,36,Male,19,4728.23,3,225,Active
108256,52,Male,20,29322.2,3,242,Active
108257,48,F,22,4130.14,1,211,Churned
108258,999,F,31,27363.7,0,46,Active
108259,31,Female,62,7483.27,0,172,Active
108260,38,Male,44,26133.37,4,42,Active
108261,28,Male,68,63018.49,0,23,Active
108262,55,Male,67,46392.24,3,362,Active
108263,32,Female,49,51489.79,1,290,Active
108264,33,Female,59,38281.21,0,230,ACTIVE
108265,8,Female,4,69256.25,4,197,Active
108266,32,Female,39,41045.74,4,193,Active
108267,45,Male,7,8717.76,1,154,Active
108268,22,Male,71,70049.63,0,55,Active
108269,25,Male,49,10846.69,1,255,Active
108270,44,Male,15,74938.61,1,15,Active
108271,-5,Male,7,33218.44,1,181,Active
108272,47,Female,47,6437.92,2,79,Active
108273,-5,M,68,64943.56,0,11,Churned
108274,30,Female,45,7873.33,0,58,Active
108275,21,M,19,13907.99,0,239,Active
108276,39,Female,47,31883.68,0,298,Active
108277,64,Female,53,51037.78,1,337,Active
108278,44,Male,27,9964.36,0,197,Active
108279,24,,5,₹47074.26,1,161,Active
108280,48,Male,60,58748.59,0,172,Active
108281,31,Male,62,10138.71,0,345,Active
108282,51,Male,59,48920.23,4,135,Churned
108283,44,,61,71956.82,3,226,Active
108284,0,,56,,5,373,Active
108285,22,Female,47,12963.03,1,308,Active
108286,46,Female,48,57218.1,1,269,ACTIVE
108287,36,Female,10,63650.8,3,32,Active
108288,22,,32,66783.28,0,295,Active
108289,27,Female,65,24952.42,5,78,Active
108290,12,F,24,20988.77,0,319,ACTIVE
108291,33,Male,29,4541.72,1,20,ACTIVE
108292,61,Male,7,30560.91,2,16,Churned
108293,-5,M,17,10172.78,1,158,Active
108294,61,Male,25,59183.04,3,105,Active
108295,45,F,36,11579.53,0,214,Active
108296,47,Female,61,61599.0,1,357,Active
108297,58,F,71,8963.4,0,74,Churned
108298,39,Male,35,36565.55,2,72,Active
108299,32,Female,50,29462.94,0,221,Active
108300,47,Female,56,45514.24,3,334,CHURNED
108301,52,Female,65,39389.12,0,203,Active
108302,29,Female,41,45298.36,1,225,ACTIVE
108303,26,,25,1071.31,0,362,Active
108304,36,Female,34,10435.27,1,49,Active
108305,44,Male,8,39266.89,1,101,Churned
108306,44,F,56,17995.29,4,376,CHURNED
108307,-5,Male,30,6647.47,0,229,Active
108308,57,Male,68,17109.88,0,133,Active
108309,27,Male,21,58709.61,1,361,Churned
108310,31,F,10,41085.36,2,299,Active
108311,24,Male,33,15065.69,1,47,Active
108312,67,Male,4,2182.4,5,187,Active
108313,999,F,23,27462.07,0,197,Active
108314,24,M,69,27452.75,1,255,Active
108315,45,Male,53,55399.27,3,19,Active
108316,44,Female,5,69038.28,4,373,Churned
108317,-5,F,18,28529.04,1,312,Active
108318,45,Male,17,51921.82,0,154,Active
108319,25,M,58,47983.01,5,194,Active
108320,29,Female,67,32233.94,2,398,Churned
108321,10,Female,56,5875.87,0,92,Active
108322,19,Female,40,36036.37,1,388,Active
108323,56,Female,2,27206.25,0,131,ACTIVE
108324,54,Male,21,41714.38,1,335,Active
108325,35,Female,52,10279.38,1,368,Active
108326,54,Male,24,54593.75,0,50,Active
108327,33,Female,53,59293.53,3,226,Active
108328,32,Male,38,29746.16,0,266,Active
108329,35,M,20,,0,184,active
108330,33,Male,50,47144.77,0,354,active
108331,32,Female,39,71730.09,0,16,ACTIVE
108332,48,Female,60,52837.23,0,293,Active
108333,36,Female,39,10137.69,1,100,Active
108334,43,Female,71,30394.29,0,278,Churned
108335,47,Female,33,68737.29,0,378,Churned
108336,39,Male,29,47947.27,5,288,ACTIVE
108337,23,Male,10,11889.26,0,81,Active
108338,18,Female,67,54619.82,5,329,Churned
108339,36,F,3,27160.39,0,252,Active
108340,32,Male,31,37225.55,2,180,active
108341,36,Male,27,31713.45,0,33,ACTIVE
108342,34,Male,70,54701.55,0,120,Active
108343,66,Female,27,17125.05,2,97,Active
108344,19,Male,9,29739.36,0,386,Active
108345,11,M,6,56096.38,0,14,Active
108346,999,Male,6,53153.93,1,101,Churned
108347,30,Male,26,15929.08,0,317,Active
108348,38,Male,43,26949.13,0,225,CHURNED
108349,42,Female,19,2062.94,0,321,Active
108350,50,Female,16,40232.77,3,239,Churned
108351,16,Male,23,21789.66,0,86,Churned
108352,28,F,29,1878.08,0,30,active
108353,40,Male,38,32428.17,0,283,Churned
108354,44,Female,59,69588.36,0,64,Churned
108355,-5,Female,48,69331.69,0,289,Churned
108356,46,Male,20,28535.61,1,309,Active
108357,34,M,21,34239.16,4,80,Active
108358,24,M,28,18958.43,0,394,CHURNED
108359,28,Male,50,6054.78,0,155,Active
108360,-5,Female,33,52350.57,1,165,active
108361,42,Male,40,60203.9,0,386,Active
108362,38,Female,54,66127.74,0,350,Active
108363,19,Male,10,70211.26,0,366,Active
108364,29,M,34,68781.29,3,299,Churned
108365,45,Male,36,3026.37,2,211,Active
108366,39,Male,7,73379.02,0,371,Churned
108367,41,Male,16,29083.15,4,99,CHURNED
108368,39,Male,51,66571.97,5,267,active
108369,54,Female,61,33616.25,0,52,Active
108370,37,Male,31,32242.1,1,126,Active
108371,30,Female,32,1828.11,0,122,Active
108372,24,Male,45,4880.67,0,32,Active
108373,37,Female,27,50674.65,2,336,CHURNED
108374,5,Female,22,70385.4,1,285,Churned
108375,32,,15,17605.62,0,292,Active
108376,32,,8,7950.01,0,88,Churned
108377,18,M,68,16825.42,2,171,Active
108378,23,Female,8,16711.67,0,368,Active
108379,44,Male,16,22692.03,0,308,Active
108380,37,Female,48,8011.02,0,309,Active
108381,36,,34,18428.98,1,68,Active
108382,38,Male,57,69174.34,1,133,active
108383,36,Female,5,66876.22,0,83,Active
108384,49,Male,44,24406.52,0,176,ACTIVE
108385,36,Female,71,74770.12,3,371,Active
108386,17,Female,37,23078.13,0,380,Active
108387,54,Female,28,54415.41,0,382,Churned
108388,39,Female,68,48656.65,1,112,Active
108389,27,,38,5777.01,0,257,Active
108390,19,Female,46,26329.97,1,355,Active
108391,39,M,26,71410.97,0,258,Churned
108392,33,Male,53,4764.15,0,394,Churned
108393,53,Female,63,13941.44,0,191,Active
108394,30,Female,63,72849.99,0,59,Active
108395,24,Male,38,3944.66,1,262,Active
108396,45,Male,15,34048.94,2,104,Active
108397,46,Female,9,68957.98,1,230,Churned
108398,37,Female,22,70832.23,1,212,Active
108399,43,Female,70,73469.75,0,339,Churned
108400,34,Male,56,36617.77,3,176,active
108401,37,Male,37,7399.52,1,48,Churned
108402,48,Female,57,58180.04,1,120,Active
108403,42,Male,60,53464.78,0,344,ACTIVE
108404,32,Male,12,43891.39,0,384,active
108405,51,Male,7,66729.45,4,329,Churned
108406,6,Male,66,68456.19,0,32,Churned
108407,59,Male,41,51560.08,1,360,Churned
108408,14,Male,24,,0,253,Churned
108409,27,Male,25,8068.86,0,261,Active
108410,34,Female,62,31238.6,3,85,Active
108411,33,Male,44,22659.84,4,17,active
108412,47,Female,2,10840.76,2,24,Active
108413,22,F,42,46228.12,1,384,Churned
108414,38,Female,33,51581.21,4,347,Active
108415,28,Male,17,52649.65,3,112,Churned
108416,38,F,63,13970.52,3,82,Churned
108417,34,Male,22,23632.44,3,342,Active
108418,36,Male,1,15729.91,0,6,Active
108419,28,,70,45498.73,1,284,Active
108420,28,M,54,42964.03,0,106,CHURNED
108421,38,Female,14,38245.19,2,148,Churned
108422,46,Female,53,22908.19,1,377,Active
108423,27,Female,6,18541.92,0,208,Active
108424,24,Male,64,66890.18,0,147,Active
108425,42,Male,33,4615.19,0,8,Active
108426,34,Female,44,49573.48,1,274,Churned
108427,44,F,34,2448.7,0,293,Churned
108428,24,Male,34,15344.02,1,189,Active
108429,13,Female,24,22421.78,3,173,Active
108430,28,Male,2,66599.96,4,223,Active
108431,25,Female,8,11192.39,0,38,Active
108432,34,Female,25,70397.69,1,2,Churned
108433,27,Female,32,61343.77,3,224,ACTIVE
108434,43,Male,56,51249.44,4,399,Active
108435,31,Female,7,31469.21,0,59,Active
108436,36,Female,48,67989.01,0,75,Churned
108437,36,Male,54,40068.67,0,133,Active
108438,37,Male,63,28469.36,0,362,Churned
108439,34,Female,2,44336.18,3,221,Active
108440,999,Female,35,18187.81,0,212,Active
108441,25,Male,22,21192.99,0,148,Active
108442,51,Female,64,69029.27,0,82,Active
108443,32,F,59,59750.59,0,396,Active
108444,19,Male,49,38999.05,1,185,Active
108445,37,Female,52,31825.99,1,369,Active
108446,24,Male,21,60760.18,0,337,active
108447,42,Male,12,43227.09,0,68,active
108448,61,Male,11,31712.5,4,275,Churned
108449,25,Female,54,39143.21,0,249,Active
108450,38,M,70,18220.48,1,253,ACTIVE
108451,13,Male,14,15945.77,0,87,Churned
108452,40,Female,33,74192.72,0,283,Churned
108453,24,Female,26,72749.79,0,116,CHURNED
108454,27,Male,14,32141.21,1,170,Active
108455,21,Female,48,39129.35,3,252,Active
108456,43,Female,65,62212.37,0,372,active
108457,47,M,46,54711.84,3,301,ACTIVE
108458,35,M,55,8366.64,0,334,CHURNED
108459,24,Male,68,28721.22,0,324,CHURNED
108460,54,Female,12,19511.19,0,196,Active
108461,-5,Male,54,74454.63,3,343,ACTIVE
108462,9,Female,64,56403.92,0,36,ACTIVE
108463,40,F,47,4534.63,3,230,Active
108464,21,Male,37,67602.81,0,133,Churned
108465,46,Female,41,69668.92,5,283,Active
108466,30,Female,27,25661.9,1,165,Active
108467,42,Female,42,48506.35,99,27,Active
108468,51,Male,68,51470.89,1,95,Active
108469,20,,29,54986.52,0,332,Active
108470,28,Female,36,52319.54,0,175,Active
108471,34,Male,57,42419.13,0,390,Active
108472,53,Male,12,71584.45,0,76,Active
108473,27,Female,45,38915.69,2,128,Churned
108474,27,Male,20,9207.58,0,246,Active
108475,40,Male,45,6951.49,0,398,Active
108476,28,Female,23,2359.87,1,278,CHURNED
108477,36,Female,62,32666.33,0,183,Active
108478,16,Female,34,21219.48,0,331,Active
108479,61,Male,21,67246.2,0,360,Active
108480,18,Female,51,65168.94,5,52,Active
108481,31,,9,63000.35,0,359,Active
108482,34,Male,10,65178.58,4,102,Churned
108483,57,Female,52,23022.82,0,377,Churned
108484,19,F,45,32532.7,0,256,Active
108485,58,Female,52,24068.62,3,77,Active
108486,-5,Female,30,7370.0,0,262,Active
108487,40,Male,64,69379.43,5,310,Active
108488,23,Female,2,46578.54,1,2,Active
108489,41,Female,49,10808.88,0,203,CHURNED
108490,26,Female,45,16248.36,5,328,Active
108491,50,,17,34355.69,0,158,Churned
108492,23,Male,28,4840.16,4,347,Active
108493,33,Male,45,21127.39,1,128,Active
108494,28,Male,17,53055.03,2,132,ACTIVE
108495,-5,Female,59,69110.08,1,344,Churned
108496,43,Male,14,69726.12,1,352,Churned
108497,41,Female,10,39482.15,0,42,Churned
108498,49,Male,18,,0,355,Active
108499,13,Female,35,69135.18,0,170,active
108500,47,Male,48,59210.98,0,307,ACTIVE
108501,65,M,58,44446.28,2,259,Churned
108502,29,Female,18,62756.91,2,210,Churned
108503,57,F,52,34953.45,1,37,Active
108504,31,Female,30,9302.42,0,22,Active
108505,18,Male,37,70429.62,1,161,Active
108506,31,Male,40,40516.52,1,230,Active
108507,47,,6,52451.5,3,359,Churned
108508,24,Female,35,30029.63,3,354,Active
108509,27,Male,26,11044.87,0,343,Active
108510,42,Female,30,21119.25,0,318,CHURNED
108511,35,Female,24,4231.77,0,35,Active
108512,42,Male,55,7480.89,3,285,Active
108513,37,Male,9,16164.01,1,322,Active
108514,40,M,62,42514.82,0,381,Active
108515,29,Male,18,74473.47,1,306,Churned
108516,37,Male,51,63435.52,0,14,Active
108517,23,Male,19,7354.16,1,48,Active
108518,50,Male,69,63333.43,1,300,Active
108519,27,Female,33,40687.04,2,242,Churned
108520,48,Male,38,49863.94,1,72,Active
108521,32,Male,13,10602.66,5,385,Active
108522,37,F,49,30262.58,0,259,Churned
108523,29,Male,53,66425.01,2,374,Active
108524,22,Male,1,32477.06,2,199,Churned
108525,14,Female,12,10406.4,0,98,Churned
108526,22,Female,24,24019.57,1,304,ACTIVE
108527,31,M,1,17392.46,1,126,Active
108528,37,Male,68,51830.38,0,160,Churned
108529,47,M,7,68416.05,2,265,Active
108530,-5,Female,69,55278.26,4,247,Active
108531,24,Female,39,63427.88,0,185,Active
108532,17,Male,32,60630.51,5,302,Active
108533,40,Male,49,2080.72,0,58,Active
108534,51,Female,31,10203.39,0,184,Churned
108535,50,M,3,32330.05,0,271,Active
108536,43,Female,47,9294.64,0,119,Active
108537,999,Male,15,55385.17,0,223,Active
108538,55,Male,51,6193.87,2,144,ACTIVE
108539,38,Female,21,31801.9,0,371,Active
108540,42,Female,41,30029.4,1,239,Active
108541,31,Male,3,41214.98,1,46,Active
108542,18,Male,1,47573.93,0,229,Churned
108543,26,Female,21,71074.77,0,327,Churned
108544,34,Female,21,21067.68,0,291,active
108545,35,Female,49,50282.85,0,66,active
108546,58,M,65,3596.27,1,313,CHURNED
108547,35,Female,41,1074.52,0,368,Active
108548,49,Male,67,2876.51,0,290,Churned
108549,29,Female,42,34219.47,0,227,Active
108550,31,,69,42070.97,1,287,Active
108551,19,F,57,1459.66,0,12,Active
108552,26,M,43,30334.45,0,175,Active
108553,41,Male,12,4023.39,2,221,Active
108554,35,Female,64,49343.01,1,65,Active
108555,46,M,51,47711.17,0,129,Active
108556,37,Female,60,59029.62,2,335,Active
108557,30,Male,71,41423.3,0,250,Active
108558,60,,28,47098.29,0,195,Active
108559,33,Female,71,,2,270,Active
108560,48,Male,14,7323.58,2,182,Active
108561,30,Male,32,55560.66,3,394,CHURNED
108562,43,Female,8,46277.89,1,323,Active
108563,46,Female,27,70436.56,0,340,Active
108564,37,Male,50,74202.71,3,384,Active
108565,6,Female,59,63699.02,0,306,Churned
108566,35,Female,57,73936.02,4,375,Active
108567,49,Female,3,48911.03,0,384,Active
108568,41,Male,27,7804.24,0,100,Churned
108569,40,Female,34,7647.61,0,347,Active
108570,14,Male,26,60726.86,0,241,Active
108571,26,Male,40,18527.67,0,116,Churned
108572,39,Male,32,5513.13,0,164,active
108573,39,M,41,35948.32,0,239,Active
108574,49,Male,2,24283.79,0,11,Active
108575,33,Male,7,44523.04,0,387,CHURNED
108576,39,Male,19,45411.18,0,167,Active
108577,35,Female,33,51431.07,0,10,Active
108578,23,F,2,43656.73,2,51,Active
108579,7,F,67,₹29187.94,1,288,Active
108580,40,Male,15,2751.34,2,328,ACTIVE
108581,37,Male,21,67976.55,0,47,Churned
108582,-5,Male,59,25192.21,0,13,Active
108583,15,Female,39,38529.14,4,378,Active
108584,42,Male,20,42213.38,0,323,Active
108585,31,Male,1,24299.12,1,309,Churned
108586,41,Female,9,23827.59,0,309,Active
108587,57,Male,51,20303.75,1,399,Churned
108588,9,Male,38,19008.15,3,121,Active
108589,-5,Male,15,3249.28,3,298,Active
108590,32,Male,41,71885.68,5,285,CHURNED
108591,52,Female,47,45051.91,1,245,Active
108592,15,,26,8996.96,4,47,Active
108593,58,Male,54,44804.92,0,219,Churned
108594,36,Male,70,18186.32,0,286,Active
108595,33,F,39,23990.47,0,123,Churned
108596,32,M,17,60286.45,0,14,Churned
108597,29,Male,70,66549.35,2,253,Churned
108598,47,Female,9,52786.97,0,79,Active
108599,22,Male,46,70011.03,0,238,Active
108600,39,Female,6,67972.0,5,367,Active
108601,30,,68,41786.59,2,315,Active
108602,25,Female,16,68180.65,1,110,ACTIVE
108603,66,Female,29,,0,362,Active
108604,40,Male,41,8716.28,0,64,Active
108605,42,Female,68,62379.69,0,44,CHURNED
108606,48,Female,62,10708.98,0,270,Active
108607,17,Female,40,24381.05,1,91,Active
108608,56,Male,62,29104.67,0,239,Active
108609,4,Female,24,60739.16,0,300,Churned
108610,25,Female,6,7181.71,0,317,Active
108611,29,Male,40,33925.67,0,258,ACTIVE
108612,41,Male,70,33316.97,2,243,Active
108613,37,Male,58,44079.86,3,79,Active
108614,32,Female,14,27186.29,0,330,Active
108615,34,Female,45,43710.02,1,238,Active
108616,23,M,6,73956.18,0,265,Active
108617,17,Male,23,6294.64,5,189,Active
108618,43,F,62,65722.51,0,195,active
108619,43,Female,17,23838.58,0,166,ACTIVE
108620,54,Male,70,35463.02,1,198,ACTIVE
108621,25,Male,28,55842.69,0,389,Churned
108622,43,Male,13,68342.7,0,68,Active
108623,31,,29,1671.59,3,195,Active
108624,49,Male,45,50002.23,1,237,Churned
108625,47,Male,20,6146.87,5,158,Active
108626,37,Male,58,39900.21,0,228,Active
108627,30,M,54,56482.25,0,62,active
108628,46,Male,64,13545.53,2,135,Active
108629,42,Male,52,57520.09,0,160,Churned
108630,26,Female,43,23905.8,0,107,Active
108631,19,Female,18,46180.78,1,330,Active
108632,31,Female,54,49695.04,2,243,Active
108633,53,Female,60,49024.57,1,243,Active
108634,48,M,71,2372.31,99,101,active
108635,21,M,1,12268.28,1,225,Churned
108636,20,Female,37,64359.0,2,282,Active
108637,50,Male,49,70548.33,99,43,active
108638,21,Female,35,42711.42,1,365,Active
108639,41,Male,67,₹45175.88,2,318,Churned
108640,27,Male,35,56872.26,0,23,Active
108641,54,F,9,31051.79,1,64,Active
108642,25,M,37,25273.21,4,328,Active
108643,48,Female,60,57846.92,3,183,Active
108644,37,M,56,3093.14,0,144,Active
108645,38,,12,66515.63,0,120,Active
108646,11,Female,71,33626.79,3,265,Active
108647,8,Female,71,38312.92,0,260,Churned
108648,32,Female,4,47936.58,3,39,Active
108649,37,Male,61,21304.55,2,300,Active
108650,21,Male,45,45206.67,0,297,Churned
108651,21,Female,50,52284.88,2,269,Active
108652,41,Male,50,9726.93,3,76,Active
108653,41,Male,48,39514.84,0,396,Churned
108654,33,Male,23,25377.09,0,280,CHURNED
108655,44,Male,8,42244.47,3,48,Active
108656,20,,29,2575.78,0,205,Churned
108657,30,Female,43,55958.35,0,99,Churned
108658,54,Female,53,13461.93,1,288,active
108659,35,,6,52014.63,0,277,active
108660,36,F,24,57892.3,0,159,CHURNED
108661,62,Female,14,56693.29,0,320,Churned
108662,18,F,52,61495.15,0,163,Active
108663,44,Female,70,23773.14,0,144,Churned
108664,54,Male,4,72566.37,0,168,Churned
108665,31,Male,58,2762.54,4,90,Active
108666,45,Female,37,36608.81,3,38,Active
108667,-5,Female,48,21001.09,0,259,Churned
108668,26,Female,39,55751.15,0,165,Churned
108669,39,Female,66,60586.52,0,100,Churned
108670,44,Male,13,61857.05,0,258,Active
108671,48,Male,66,22970.9,1,259,CHURNED
108672,53,Female,60,21286.4,2,104,Active
108673,34,Male,41,51093.24,0,175,Active
108674,49,Female,32,69685.64,0,106,Active
108675,30,Female,52,19811.19,1,111,Churned
108676,45,Female,5,68384.38,1,346,Active
108677,37,Male,67,44768.14,0,27,Active
108678,40,Female,66,55607.41,2,38,active
108679,40,M,52,33552.01,0,172,Active
108680,15,,49,60707.43,0,8,Active
108681,21,M,29,72816.47,0,23,Active
108682,36,Female,38,13622.6,0,134,CHURNED
108683,14,Male,70,29531.4,0,59,ACTIVE
108684,44,Female,8,64821.79,4,58,Active
108685,45,F,59,14073.79,0,256,Active
108686,38,Male,55,31559.29,0,282,CHURNED
108687,21,Male,2,13292.52,0,335,Active
108688,51,Male,26,48979.25,0,175,Active
108689,59,Female,63,18635.62,3,96,Active
108690,36,Female,17,29179.36,0,147,CHURNED
108691,41,Male,59,37343.89,1,117,Churned
108692,37,M,16,22987.54,1,240,Active
108693,41,Female,58,51312.67,0,355,Churned
108694,33,Male,64,9232.46,3,154,CHURNED
108695,34,Male,50,66105.26,0,308,Churned
108696,45,Male,26,36619.19,0,333,Churned
108697,63,Female,17,43388.25,0,303,CHURNED
108698,18,Male,46,47037.6,0,200,Active
108699,33,Female,68,5416.47,0,14,Churned
108700,20,Female,50,57017.32,1,154,Active
108701,54,Female,43,,2,47,Active
108702,27,Male,48,39473.19,0,248,Active
108703,17,Female,68,29924.28,1,94,Active
108704,42,M,19,59074.89,0,232,Active
108705,55,Male,25,54306.12,99,106,Active
108706,42,Male,18,49172.21,5,397,Churned
108707,37,Female,51,72436.01,0,228,Active
108708,39,Female,18,44051.31,1,395,Active
108709,51,Male,58,19379.81,4,258,Active
108710,24,Female,64,2832.69,0,158,Active
108711,33,Female,71,34556.19,0,371,Churned
108712,29,F,57,49271.94,0,280,Active
108713,20,Male,17,13738.3,0,245,Active
108714,31,Female,59,2906.52,3,82,Active
108715,48,Male,67,68272.62,3,23,Churned
108716,41,Female,15,23344.11,4,117,Active
108717,42,Female,26,35487.66,0,70,Active
108718,36,Male,48,7739.25,0,366,Churned
108719,41,M,14,29239.38,0,75,Active
108720,25,Male,9,32359.22,3,135,Churned
108721,31,Female,7,67803.1,1,225,CHURNED
108722,37,Male,55,65043.85,99,378,Active
108723,38,Female,12,14986.15,4,138,Churned
108724,38,Male,17,42148.6,0,341,Churned
108725,33,M,8,55112.34,0,201,Active
108726,30,M,42,22596.94,0,375,Churned
108727,72,M,37,30188.04,1,240,Churned
108728,45,Male,20,73881.22,4,25,Churned
108729,39,Female,1,57220.18,0,217,Active
108730,32,Male,9,33351.32,3,369,active
108731,29,M,24,40522.05,1,280,Churned
108732,33,Female,34,47307.89,0,12,active
108733,38,Female,36,37914.2,2,199,Active
108734,12,Female,4,31459.88,0,387,Active
108735,16,Male,29,27591.88,0,134,Active
108736,27,Female,16,₹13504.64,3,315,Active
108737,37,Male,8,73047.96,2,83,Active
108738,32,,39,7764.54,0,328,CHURNED
108739,52,M,58,45475.66,0,36,Churned
108740,17,Female,12,72010.58,0,317,Active
108741,25,F,44,28744.94,0,231,Active
108742,53,Male,4,19679.18,0,100,Active
108743,36,F,25,,0,199,Active
108744,45,Male,70,60328.71,0,193,Active
108745,-5,Female,67,49471.85,0,389,Active
108746,26,Female,39,46287.14,3,170,Active
108747,33,Male,24,27649.33,2,142,ACTIVE
108748,31,Male,6,48457.63,0,248,Churned
108749,-5,Male,33,54651.88,0,321,ACTIVE
108750,31,,48,3348.09,0,12,Active
108751,45,Male,67,9709.06,0,211,Churned
108752,41,Female,2,24318.17,3,386,Churned
108753,42,Female,38,24911.5,0,270,Active
108754,30,Male,40,67638.18,0,323,Churned
108755,27,Female,56,51653.4,0,115,Active
108756,50,Female,21,28639.33,0,355,Active
108757,29,Male,35,60880.96,0,323,ACTIVE
108758,38,Female,67,24916.42,2,270,Churned
108759,36,Male,60,74315.96,0,301,Churned
108760,52,Male,23,58839.87,0,137,Active
108761,46,Female,65,60820.86,1,394,Active
108762,19,Female,63,20311.97,1,392,Churned
108763,20,F,23,11732.5,0,157,Active
108764,41,F,42,29825.89,0,61,active
108765,34,Female,64,25733.45,1,289,Churned
108766,29,Male,66,,0,328,Active
108767,47,Male,41,13897.32,0,383,Active
108768,37,Male,20,40032.51,0,168,Active
108769,35,Female,9,47486.3,0,358,Active
108770,44,M,57,29502.25,0,23,Active
108771,30,Male,17,15844.94,1,59,Active
108772,53,Male,18,67279.34,2,356,Churned
108773,25,Female,63,11274.16,1,312,active
108774,42,Male,26,23481.52,0,171,Active
108775,52,Female,13,56985.99,1,383,Active
108776,18,Female,17,45793.05,2,84,CHURNED
108777,30,Female,26,55067.77,2,248,Active
108778,48,Male,6,60848.73,0,314,Active
108779,48,F,4,67259.07,3,384,Active
108780,32,Male,7,23537.81,0,396,Active
108781,26,M,17,36098.58,3,134,Churned
108782,46,Male,50,51934.95,0,288,Active
108783,49,F,6,59811.18,1,193,Active
108784,21,Female,30,43758.44,0,188,Active
108785,20,Male,56,39017.37,0,152,Churned
108786,37,M,39,52190.5,3,157,Active
108787,42,Female,14,29270.15,0,8,Active
108788,31,Male,54,67134.12,1,269,Active
108789,43,Male,22,16704.2,1,63,CHURNED
108790,26,Female,57,66416.31,0,25,Active
108791,9,Female,41,48627.64,2,157,Active
108792,29,Female,10,45448.73,99,187,ACTIVE
108793,35,Female,2,35776.66,0,317,Churned
108794,31,Female,67,,2,88,Active
108795,21,Female,48,65005.13,0,125,Churned
108796,13,Female,42,4887.51,5,243,Active
108797,28,Male,11,20977.46,0,26,Active
108798,45,F,12,9118.3,5,84,ACTIVE
108799,50,Male,14,8905.81,0,196,Churned
108800,49,Male,30,29891.28,2,278,Active
108801,25,Female,60,12871.5,0,135,Active
108802,21,Female,30,44022.55,0,318,Active
108803,40,Male,38,47409.76,2,378,Active
108804,42,Male,65,66274.94,1,118,Active
108805,39,Female,47,23175.43,4,266,active
108806,10,,39,23879.2,0,287,Active
108807,24,Female,49,19231.29,4,26,Active
108808,34,Female,58,58853.96,1,183,Churned
108809,40,Male,17,32676.45,0,239,Active
108810,44,Male,6,41879.23,0,109,Active
108811,36,Male,15,28721.7,2,90,Active
108812,38,Male,67,12604.16,3,382,Active
108813,36,Female,28,8587.2,3,281,Active
108814,43,Male,44,65252.24,2,120,Active
108815,38,Male,18,20645.64,5,180,Active
108816,35,Female,32,70679.87,3,18,Active
108817,31,F,69,71099.71,4,152,Active
108818,35,F,44,36440.2,2,108,Churned
108819,40,Female,70,71935.53,3,143,Active
108820,38,Male,63,3108.05,0,384,Churned
108821,39,Female,58,7782.14,1,264,active
108822,51,Male,47,19004.92,0,43,Active
108823,38,Female,17,16480.31,0,217,Active
108824,27,Female,39,19695.2,1,24,Churned
108825,45,Female,59,34469.78,2,250,Active
108826,18,,7,5656.18,0,373,Active
108827,22,Female,63,42098.73,0,102,Churned
108828,39,Female,57,23899.61,0,321,Active
108829,41,Male,34,6294.52,1,26,active
108830,20,F,53,56737.49,0,330,Active
108831,30,Male,66,49353.8,0,154,Active
108832,27,F,48,59713.82,0,322,Churned
108833,29,Male,60,70503.31,0,270,Churned
108834,46,Male,43,44346.63,1,129,Active
108835,43,M,4,59216.98,0,94,Active
108836,34,Male,52,15739.52,1,37,Active
108837,28,M,32,31367.15,0,274,Churned
108838,18,Male,51,40225.25,0,158,Churned
108839,52,F,10,41049.82,1,155,Active
108840,42,Female,12,54156.96,0,188,Churned
108841,26,Female,39,59899.64,3,113,Active
108842,43,Male,68,50347.12,5,30,Active
108843,34,Male,10,4496.17,2,245,Active
108844,31,M,10,26990.04,2,100,Active
108845,40,Male,23,43360.49,0,21,Churned
108846,26,Male,13,38582.34,1,18,Active
108847,30,Female,48,4314.98,0,162,CHURNED
108848,36,Female,44,73567.11,2,159,Active
108849,29,Male,64,71751.81,1,10,Active
108850,43,Male,40,58258.37,0,361,Active
108851,57,Male,6,5096.14,1,250,Active
108852,25,M,43,32835.38,1,4,Active
108853,15,Male,32,31322.95,0,15,Active
108854,10,,49,42293.93,2,53,Active
108855,33,Male,19,5138.71,2,187,Churned
108856,27,Male,52,32350.59,0,55,Active
108857,37,Female,52,57080.11,0,233,Active
108858,36,Male,34,74852.59,0,156,Churned
108859,999,Female,59,45062.8,0,378,Active
108860,13,M,5,70605.31,2,391,Active
108861,38,Male,66,74891.85,1,139,Active
108862,36,Female,41,33173.86,0,162,Active
108863,29,Male,34,50483.09,0,372,Churned
108864,15,Male,54,16777.92,0,250,Active
108865,40,Male,20,,3,125,Active
108866,50,F,54,6802.45,2,116,Active
108867,38,Male,66,3157.08,0,350,Active
108868,24,M,18,67076.03,3,219,Churned
108869,35,Female,44,64521.62,0,281,Churned
108870,18,Male,48,24092.78,5,240,Active
108871,47,Female,35,34814.53,3,102,Churned
108872,35,M,39,37527.16,4,40,Churned
108873,13,Female,3,39531.88,2,376,Churned
108874,31,Female,19,10958.25,2,93,CHURNED
108875,40,M,18,58354.35,0,191,Active
108876,31,Male,5,26738.36,1,375,ACTIVE
108877,31,F,55,3345.44,1,11,Active
108878,20,M,13,,0,188,Churned
108879,41,Female,34,62410.93,0,192,Churned
108880,27,M,18,68941.38,4,246,Active
108881,9,Female,68,50905.99,0,132,Churned
108882,30,Female,43,15154.65,0,330,Active
108883,46,Female,65,44643.76,0,310,Active
108884,30,Male,41,68470.39,0,336,Active
108885,55,Female,38,26941.45,1,56,Churned
108886,40,Male,38,71547.95,0,373,Active
108887,39,Female,13,8228.25,1,350,CHURNED
108888,33,Male,22,54875.9,2,355,Active
108889,34,Male,29,9873.43,2,44,Active
108890,31,Male,9,60116.77,5,209,Active
108891,31,M,68,8226.52,0,261,Churned
108892,41,Male,17,25103.65,0,195,Active
108893,23,Female,37,58487.77,3,80,Active
108894,22,Male,64,35054.3,0,68,CHURNED
108895,21,Female,67,66318.8,3,137,Active
108896,59,Male,4,₹30728.6,5,4,Active
108897,41,Male,40,74626.9,4,341,Active
108898,999,Female,16,2381.93,5,117,Active
108899,22,Female,11,52508.6,0,95,Active
108900,42,Male,26,68775.68,0,209,Active
108901,33,Female,65,40663.0,0,16,Churned
108902,37,M,2,74149.68,2,111,Churned
108903,23,Male,45,53393.81,0,326,Churned
108904,36,Male,43,32784.95,2,222,Active
108905,29,Female,3,₹39137.93,0,271,Active
108906,25,Male,34,65932.75,2,363,Active
108907,43,,65,71861.18,0,159,Active
108908,16,Female,64,42135.58,0,94,Active
108909,41,Female,7,23729.12,5,336,Active
108910,43,Female,35,18710.06,1,300,Active
108911,24,Female,22,36301.57,0,164,Active
108912,25,Male,48,22929.05,3,382,Active
108913,32,F,32,32141.92,0,386,Active
108914,38,Female,26,62750.54,1,368,ACTIVE
108915,33,Male,6,35927.08,2,296,Churned
108916,40,Female,46,48425.04,2,319,Churned
108917,56,Male,55,7667.91,0,255,Churned
108918,28,Male,55,57397.41,2,319,ACTIVE
108919,14,Female,57,36734.91,0,273,Active
108920,44,Female,63,27709.75,1,38,Active
108921,55,Female,1,46213.22,0,384,ACTIVE
108922,39,Male,21,8546.95,0,182,Churned
108923,21,Female,20,31635.9,0,187,Active
108924,33,Male,29,61011.96,5,25,Active
108925,999,Female,43,20392.74,0,333,Active
108926,42,Female,45,68643.11,4,142,Active
108927,18,Female,65,45669.63,0,124,Churned
108928,31,F,3,41017.99,1,25,Active
108929,22,M,20,30568.25,0,291,Active
108930,36,,37,55907.96,1,335,Churned
108931,30,,38,42770.61,2,175,Active
108932,37,Female,45,59944.13,2,232,Active
108933,35,,42,25544.24,1,145,Active
108934,23,M,46,52949.07,0,345,Active
108935,42,Female,60,70814.76,0,23,Active
108936,34,Male,13,21713.99,0,224,Active
108937,23,Male,31,73594.12,0,122,Active
108938,61,M,68,31379.02,4,223,ACTIVE
108939,40,Female,62,3851.39,0,230,active
108940,33,M,49,27469.89,0,17,Active
108941,51,Male,18,12073.53,1,285,Active
108942,57,Male,53,23517.12,0,2,Active
108943,33,Female,18,8101.75,3,267,Active
108944,39,F,51,14187.07,3,16,Churned
108945,23,Male,41,10375.72,0,337,Active
108946,33,M,67,4217.25,5,21,Churned
108947,32,Female,65,22917.79,0,251,Active
108948,37,Male,6,70631.04,0,277,Active
108949,38,Male,37,71255.1,5,6,Active
108950,41,Male,12,63651.84,0,302,Active
108951,37,Male,2,1898.4,0,237,Active
108952,20,Female,53,3081.14,1,23,Active
108953,23,Male,25,1766.45,0,314,Active
108954,28,Male,28,28131.37,0,185,active
108955,31,M,45,73539.09,2,224,Active
108956,47,Female,37,67366.0,2,39,Churned
108957,21,Female,17,19539.59,3,31,Active
108958,30,Male,69,31354.42,1,2,Churned
108959,46,M,56,62007.7,0,342,Churned
108960,31,M,58,,0,165,Churned
108961,40,Female,4,10813.73,4,300,Active
108962,33,F,55,,2,127,Active
108963,38,M,49,41235.32,0,319,ACTIVE
108964,32,Female,38,8556.27,2,378,Active
108965,43,Female,45,62051.38,0,75,Active
108966,16,Male,30,19746.17,0,309,Active
108967,30,Male,37,14936.4,0,76,Active
108968,38,Male,56,14739.69,3,387,Active
108969,999,Male,27,4347.13,0,350,Churned
108970,52,Male,32,48495.78,5,275,Active
108971,30,F,11,13172.71,0,301,Churned
108972,52,Male,58,18267.01,0,235,Churned
108973,27,,35,56596.65,0,55,Active
108974,50,Female,17,5253.61,0,199,Active
108975,44,Male,30,16003.14,0,29,Active
108976,24,Female,18,12051.79,1,304,Active
108977,38,Male,30,1358.83,0,328,Active
108978,34,,16,40911.32,0,63,Active
108979,999,M,54,15062.52,0,149,Active
108980,32,Male,4,47835.08,0,313,ACTIVE
108981,31,F,15,38131.69,1,269,Active
108982,51,Female,27,50422.98,5,155,Churned
108983,33,Male,4,73635.76,3,196,CHURNED
108984,44,Female,35,17270.68,0,344,Churned
108985,32,Female,63,50274.91,5,105,Active
108986,54,Male,66,62687.2,2,265,Active
108987,26,Female,39,₹71846.58,0,74,ACTIVE
108988,27,Male,28,47052.74,1,75,Active
108989,53,Female,34,10681.72,5,97,Active
108990,29,Male,33,4984.75,0,241,Active
108991,54,,50,21609.97,0,391,Active
108992,45,Female,60,69683.64,0,139,CHURNED
108993,33,Male,42,40732.96,0,109,CHURNED
108994,13,Male,28,43868.61,0,28,Active
108995,34,Male,27,46184.59,1,102,Active
108996,36,Female,1,25583.93,0,350,Active
108997,49,Male,8,14437.73,0,119,CHURNED
108998,54,M,46,71613.89,0,72,Active
108999,26,F,24,56898.5,2,27,Churned
109000,44,Female,40,38817.71,99,150,Churned
109001,44,Male,51,28876.18,1,170,Churned
109002,47,Male,24,36725.15,2,160,Active
109003,40,Female,22,3491.22,0,142,Churned
109004,11,Female,68,19314.52,3,154,Active
109005,33,Female,8,19552.24,0,250,Churned
109006,21,Female,58,33955.7,4,183,Churned
109007,32,Male,15,18483.92,2,203,Churned
109008,46,F,8,14723.83,2,71,Active
109009,38,Male,42,57649.05,0,183,Active
109010,48,Female,39,67119.4,2,173,Active
109011,39,Female,35,5968.36,0,30,Active
109012,19,Male,41,16514.38,1,322,Active
109013,4,Female,48,58252.82,2,355,Active
109014,36,M,71,61371.77,3,154,Active
109015,32,Female,44,38011.85,1,89,Active
109016,23,Male,35,52421.33,0,385,Active
109017,14,Male,27,6742.42,3,221,Active
109018,26,Male,65,63865.13,2,311,Active
109019,32,Male,70,62621.93,0,358,Churned
109020,42,,66,52311.75,3,321,Active
109021,37,Female,71,68808.2,5,25,Churned
109022,54,Male,63,4524.94,1,98,ACTIVE
109023,22,F,29,18091.3,0,42,Active
109024,45,Female,31,27828.36,4,300,Churned
109025,35,Male,64,12735.58,0,69,Churned
109026,43,Male,53,61297.25,1,361,Churned
109027,29,Male,68,57032.3,0,396,Active
109028,47,,25,58220.68,99,264,Churned
109029,38,Female,13,22555.72,4,362,Churned
109030,26,F,40,57438.79,2,63,Active
109031,34,Male,7,10106.25,0,206,Churned
109032,32,M,32,8903.24,1,148,Active
109033,40,Male,24,₹44220.25,1,329,Churned
109034,20,,1,4601.48,0,380,ACTIVE
109035,34,F,47,70460.14,2,255,Churned
109036,39,Male,51,25334.63,0,251,Active
109037,35,Female,36,36300.41,0,261,Active
109038,51,Female,27,,0,129,ACTIVE
109039,44,F,70,30603.91,3,11,Churned
109040,34,Male,42,,0,388,Churned
109041,37,Female,68,26747.85,1,17,ACTIVE
109042,38,M,70,27027.53,0,68,Active
109043,39,Female,13,35628.69,1,5,active
109044,13,Male,25,₹70998.71,0,206,Churned
109045,31,M,22,70265.34,0,82,Active
109046,17,Male,21,41341.96,2,67,Active
109047,50,Female,15,34741.03,0,245,Active
109048,34,Male,67,60803.93,0,267,Active
109049,32,Male,37,51388.76,4,239,Active
109050,45,Female,45,66235.69,0,231,Active
109051,40,Female,26,55065.28,0,228,CHURNED
109052,21,Female,55,71473.48,1,153,Active
109053,34,Female,50,66582.18,0,42,Active
109054,30,Male,35,64288.44,1,291,CHURNED
109055,14,Male,41,29974.56,0,79,Active
109056,26,Female,11,29579.71,1,59,Active
109057,32,Male,8,55849.01,0,117,Active
109058,33,Female,54,7197.43,2,249,Active
109059,17,Female,1,24843.87,1,48,Active
109060,48,F,20,69984.56,3,213,Active
109061,33,Female,34,34307.49,0,259,Active
109062,35,Male,57,20972.47,0,24,Churned
109063,39,M,13,36257.46,3,375,Active
109064,25,,54,22355.63,2,236,Active
109065,40,Female,53,57851.31,5,197,Churned
109066,30,,52,63944.78,0,357,Churned
109067,999,Female,6,58916.71,1,33,Active
109068,41,Female,36,12029.48,0,326,Active
109069,52,Male,25,25868.23,5,175,Active
109070,43,Female,58,16833.86,0,53,Active
109071,46,Male,55,4167.13,4,173,Active
109072,28,Male,3,55698.98,1,211,Active
109073,15,Male,28,32698.61,4,313,ACTIVE
109074,52,Male,68,21470.11,0,213,ACTIVE
109075,59,Male,38,23757.04,0,198,Active
109076,53,Female,34,10991.22,0,296,Active
109077,30,Male,13,62180.29,0,3,Active
109078,21,,5,11650.41,4,49,Active
109079,22,Male,60,26035.41,1,14,Active
109080,14,Female,17,1546.71,0,381,Active
109081,33,Male,57,33294.45,0,206,Active
109082,54,Male,31,27255.24,1,194,Active
109083,33,Male,65,54213.55,2,281,Churned
109084,38,Female,66,53933.21,0,260,Active
109085,51,Female,33,3858.71,0,247,ACTIVE
109086,30,Male,4,9573.93,1,63,Churned
109087,59,Male,55,67942.32,0,55,Active
109088,999,Male,24,,99,258,Active
109089,33,M,32,29821.88,0,23,Churned
109090,28,Female,47,13311.71,0,108,Active
109091,43,Male,16,20297.82,3,176,Churned
109092,30,Male,21,49693.97,0,375,Active
109093,21,,67,70966.48,0,15,Active
109094,50,Male,31,46564.62,3,307,CHURNED
109095,49,Female,14,2956.97,1,152,Active
109096,36,Male,6,49153.14,0,276,Active
109097,19,Female,69,70911.62,0,312,Active
109098,20,,29,27539.43,0,38,Active
109099,36,,55,70083.12,1,281,Churned
109100,29,Female,37,50625.87,0,86,Active
109101,30,Female,59,15047.83,0,324,Active
109102,47,Female,36,11752.61,2,80,Active
109103,43,Male,59,14046.17,0,320,Active
109104,51,,64,52742.62,1,171,active
109105,999,Female,43,44624.58,0,71,Active
109106,30,Female,42,34710.22,0,88,Active
109107,44,Male,60,20488.25,4,57,active
109108,40,Female,62,68135.11,2,167,Churned
109109,53,,64,16817.02,0,119,Active
109110,40,Female,58,21986.86,1,285,Active
109111,57,Male,2,5063.94,3,236,Active
109112,41,Male,71,21374.07,5,398,Active
109113,47,Male,8,69294.43,1,320,Churned
109114,31,F,56,14882.7,1,303,Churned
109115,35,,36,16093.25,1,20,Active
109116,45,F,69,45398.33,0,7,Churned
109117,54,Female,13,42954.56,1,210,Active
109118,43,Female,39,14020.93,3,238,Active
109119,34,Female,6,12415.6,0,350,Active
109120,51,Female,19,9656.3,1,384,Active
109121,8,Female,25,64720.33,4,114,Churned
109122,17,Female,3,49428.21,0,309,Active
109123,43,Female,53,71554.98,0,158,Active
109124,35,Male,28,13271.68,0,322,Active
109125,42,Male,26,35084.67,1,399,Active
109126,35,M,47,55985.43,3,127,Churned
109127,41,F,8,16802.58,0,203,Active
109128,25,Female,57,51666.08,0,224,active
109129,41,Male,55,36061.45,0,70,Active
109130,46,F,1,32881.33,3,348,Churned
109131,49,Female,40,48729.83,1,120,Active
109132,59,Female,23,35609.39,4,153,ACTIVE
109133,37,Female,54,61680.96,3,23,Active
109134,38,Female,42,,0,140,Active
109135,16,Female,50,44575.55,1,112,Active
109136,28,F,4,23243.99,1,138,ACTIVE
109137,32,Male,8,58514.44,2,180,Churned
109138,47,Male,36,13616.24,0,119,Active
109139,27,Male,10,8029.32,0,130,active
109140,44,Male,30,39386.13,1,188,Churned
109141,-5,Male,16,48858.45,3,81,Active
109142,32,Male,30,62789.85,0,201,Active
109143,37,Male,64,71685.72,0,327,ACTIVE
109144,30,Male,11,65627.02,3,397,Churned
109145,29,Male,34,74163.77,1,74,Active
109146,14,Male,55,36201.8,0,278,Active
109147,32,Female,4,24423.78,1,126,Active
109148,29,Female,49,35018.26,5,156,Active
109149,28,Male,44,48665.66,2,183,ACTIVE
109150,40,Female,31,38536.99,0,106,Active
109151,42,,48,47924.87,0,380,Churned
109152,37,F,26,66617.47,0,334,Active
109153,-5,Male,70,13270.08,3,147,Active
109154,41,Female,12,9899.54,1,374,Active
109155,31,Male,45,37890.39,4,1,Active
109156,29,Male,8,73650.84,0,184,Churned
109157,38,Male,9,5369.22,0,88,Churned
109158,41,Male,1,74005.24,1,398,Active
109159,51,Female,5,72610.29,0,192,Churned
109160,49,Female,71,22652.36,1,87,Active
109161,28,Female,54,66934.28,2,69,Active
109162,33,Male,24,1574.14,0,340,Active
109163,43,Male,26,34600.52,5,110,Active
109164,47,Male,10,30757.14,2,384,Active
109165,46,Male,61,67796.69,0,360,CHURNED
109166,34,,40,35949.92,0,172,Active
109167,19,Female,44,31927.47,2,378,Active
109168,23,,12,48330.0,0,177,Churned
109169,38,Female,22,28809.14,0,99,Active
109170,39,Female,27,40705.41,1,36,Active
109171,21,Male,67,71711.93,0,225,Active
109172,35,Female,69,15993.68,99,344,Active
109173,42,Female,14,34959.55,0,293,Active
109174,21,M,25,2137.92,0,253,Active
109175,48,Female,52,63325.54,0,51,Churned
109176,30,Male,59,7809.28,1,293,Active
109177,50,Female,38,8012.41,0,153,Active
109178,28,M,20,66330.11,4,342,CHURNED
109179,22,Female,20,31287.91,0,237,Churned
109180,29,Female,56,51859.86,4,261,Active
109181,33,Male,30,64480.63,0,136,ACTIVE
109182,30,Female,41,28711.34,1,254,Active
109183,32,Male,71,,1,309,Active
109184,39,Male,63,13544.33,1,105,Churned
109185,32,Female,69,45926.84,1,367,Active
109186,34,Male,29,19668.16,2,283,Active
109187,14,Female,44,47937.31,0,317,Active
109188,39,F,57,24468.52,0,321,active
109189,33,Male,24,26735.48,2,84,Active
109190,54,Female,19,19434.47,4,199,Churned
109191,23,Female,17,31966.65,1,45,Active
109192,13,Male,69,12997.61,0,387,active
109193,42,Female,61,24658.29,2,189,Active
109194,39,Female,4,58563.13,2,50,CHURNED
109195,22,Female,22,16955.8,0,304,Active
109196,16,F,6,71086.38,0,201,Active
109197,53,Female,30,37476.21,0,175,Churned
109198,51,,11,8912.08,0,142,Active
109199,5,Female,48,70786.53,3,275,Active
109200,-5,Male,46,34794.19,0,190,Active
109201,54,Female,27,42215.42,0,134,Active
109202,29,Male,19,,0,391,ACTIVE
109203,29,Female,59,25664.87,0,101,active
109204,31,Female,68,53069.21,5,346,active
109205,21,Female,54,10173.74,0,269,Churned
109206,14,Male,17,43213.95,0,357,CHURNED
109207,47,Female,50,52320.68,3,302,CHURNED
109208,12,Male,40,1135.91,2,33,Active
109209,37,Female,11,62980.66,1,116,Active
109210,45,Female,14,5168.66,0,97,Active
109211,17,,13,19272.09,0,41,Active
109212,23,Male,28,72302.32,3,329,Churned
109213,49,Female,44,6997.02,1,207,CHURNED
109214,41,Female,63,62119.6,0,29,Active
109215,27,F,61,49247.87,0,373,Active
109216,49,Female,17,45280.02,4,263,Active
109217,49,Male,50,44044.5,5,95,Churned
109218,38,Female,26,13317.94,2,182,CHURNED
109219,24,Female,7,50492.83,1,11,Active
109220,30,Female,16,71420.75,1,42,Active
109221,38,M,17,6700.55,5,261,Churned
109222,32,Male,35,25598.53,1,2,Active
109223,46,,23,35946.63,0,43,Churned
109224,16,Male,69,18189.55,0,4,Active
109225,17,,9,55825.95,5,337,active
109226,37,M,18,51958.09,4,375,CHURNED
109227,29,Female,48,9715.51,1,95,Churned
109228,27,Female,66,43140.22,0,59,Churned
109229,13,Male,23,28296.6,1,30,Active
109230,35,Male,10,17900.27,2,386,Active
109231,34,Male,38,63773.73,0,88,ACTIVE
109232,42,Male,59,5045.88,3,330,Active
109233,35,Female,68,35586.88,0,220,Active
109234,33,Male,43,36173.06,0,128,Churned
109235,49,M,12,43189.06,0,171,Active
109236,19,Female,53,15621.97,1,352,ACTIVE
109237,41,Female,14,65468.88,0,225,Active
109238,14,Female,52,₹72432.4,1,274,Churned
109239,24,Male,61,41622.66,0,165,Active
109240,20,Male,41,19953.28,3,158,Churned
109241,44,Male,21,65885.16,3,197,Active
109242,34,Female,48,74124.79,0,315,Active
109243,34,Female,56,55899.08,0,30,Active
109244,21,Male,35,25694.13,2,196,CHURNED
109245,31,M,44,18465.5,0,169,Active
109246,25,Male,39,12589.81,4,307,Active
109247,39,Female,15,18385.49,0,344,Churned
109248,23,Female,12,17823.88,3,67,CHURNED
109249,50,Female,8,72589.0,0,399,Active
109250,14,F,67,48599.64,2,184,Churned
109251,25,Female,1,,1,238,Active
109252,55,Female,42,37115.05,1,202,Churned
109253,29,Male,31,14663.05,4,109,Active
109254,19,M,30,45845.24,4,218,Active
109255,37,Female,43,26264.06,4,76,Active
109256,29,Male,26,15473.86,1,321,active
109257,24,Female,12,18966.53,1,2,Active
109258,21,Male,59,50957.3,0,11,Churned
109259,68,Male,69,31194.64,0,76,ACTIVE
109260,31,F,11,38973.76,1,92,Active
109261,11,Female,47,61779.08,0,97,Churned
109262,52,Male,23,49501.18,0,170,Active
109263,42,Female,43,35218.6,0,259,Active
109264,25,F,39,71600.2,0,297,Active
109265,23,Male,55,16873.38,1,305,Churned
109266,43,Female,18,22385.41,1,83,Active
109267,32,Female,42,68445.93,1,82,Active
109268,11,Male,26,64138.67,1,293,Active
109269,56,Female,18,10624.25,1,348,Active
109270,29,Male,41,69816.09,0,223,Active
109271,52,Female,42,1752.49,0,263,Churned
109272,50,M,33,61859.15,1,367,Churned
109273,22,Male,43,21631.38,1,38,CHURNED
109274,47,M,14,14960.62,0,133,Active
109275,27,Female,55,34204.51,2,61,Active
109276,12,Male,58,67384.13,3,83,Churned
109277,29,Female,10,59156.44,1,205,active
109278,39,Male,28,72563.09,0,28,Active
109279,29,F,14,41033.91,0,185,Active
109280,31,Female,26,38781.44,0,130,CHURNED
109281,48,Female,17,1964.37,0,70,Churned
109282,36,Female,34,14364.96,0,207,Active
109283,24,Female,14,37823.9,1,156,CHURNED
109284,43,M,26,56689.96,0,37,Active
109285,37,Female,34,61872.59,2,217,ACTIVE
109286,4,F,24,21961.71,0,376,Churned
109287,40,Female,70,53721.84,0,96,Active
109288,39,Male,20,62311.18,0,249,Active
109289,35,F,39,28735.53,1,183,Active
109290,45,Female,45,52471.13,0,101,Active
109291,26,Female,34,33358.8,0,228,Active
109292,999,,22,73938.27,0,338,Active
109293,16,Male,71,1493.4,0,385,Active
109294,39,Female,33,31661.53,2,3,Active
109295,58,Male,6,20515.01,2,71,Active
109296,23,Female,16,63880.5,1,97,Active
109297,25,M,23,22247.31,3,85,Active
109298,26,,18,41244.57,3,398,Active
109299,36,Female,14,55779.94,0,239,CHURNED
109300,22,Female,50,37795.04,0,176,Active
109301,40,F,61,31369.79,0,293,Churned
109302,45,Female,36,4146.33,0,131,Active
109303,-5,Male,15,2696.98,1,177,Active
109304,13,Female,5,71841.84,1,101,CHURNED
109305,46,,53,48600.06,0,217,ACTIVE
109306,46,,48,62068.78,2,188,Churned
109307,44,Female,11,36552.44,2,246,Churned
109308,39,F,2,20356.99,0,353,Churned
109309,37,Male,24,22795.8,1,269,Churned
109310,47,Male,68,4218.38,4,383,ACTIVE
109311,58,,12,59525.38,0,181,Active
109312,23,Male,59,44036.24,0,306,Active
109313,47,Male,67,36579.33,2,154,Churned
109314,33,Female,32,64069.98,0,181,Active
109315,33,Female,36,33918.53,5,57,Active
109316,16,Female,21,71146.83,1,393,Active
109317,31,Male,70,1979.5,0,46,Churned
109318,23,F,66,73861.61,0,350,Active
109319,29,F,9,61375.38,0,86,Active
109320,21,Male,44,27265.5,1,235,Active
109321,29,Female,59,45056.9,1,388,Active
109322,30,Female,24,64980.77,0,381,Active
109323,36,Female,63,36638.28,4,82,Churned
109324,15,Male,41,4777.68,2,178,Active
109325,17,Female,2,67873.51,0,326,Active
109326,39,Male,28,39259.2,4,93,Active
109327,25,Male,16,41341.64,2,389,Active
109328,47,Female,59,2015.15,3,198,active
109329,37,Female,1,8404.89,0,162,Active
109330,42,Female,1,58527.44,0,226,Active
109331,51,Female,31,33186.25,0,193,Active
109332,31,Male,22,74856.32,0,146,Active
109333,28,Female,59,52480.15,3,254,active
109334,45,Male,28,71270.48,0,283,Active
109335,41,Female,27,21672.06,0,10,Active
109336,32,Female,1,14035.36,1,130,Active
109337,51,Female,2,28867.62,0,374,ACTIVE
109338,32,Female,66,20592.87,0,394,Active
109339,35,Female,49,46389.06,0,315,Churned
109340,35,F,19,56088.71,0,377,ACTIVE
109341,23,Female,28,30755.22,0,91,Churned
109342,35,Female,70,7648.61,3,396,Active
109343,51,,39,2948.57,2,63,Active
109344,40,Female,19,17134.05,1,15,Active
109345,35,Female,64,55204.07,0,242,Churned
109346,-5,Male,58,17394.88,0,193,Churned
109347,38,Male,17,68412.1,3,361,Churned
109348,43,Female,70,49221.62,2,216,Active
109349,42,Female,41,64794.63,0,262,Active
109350,-5,Female,5,29550.29,4,221,CHURNED
109351,38,,23,73782.69,2,134,Churned
109352,40,Male,69,51282.88,0,294,Churned
109353,22,Female,10,27415.03,1,304,Active
109354,37,Female,68,16727.9,1,15,Active
109355,9,Female,12,65123.32,0,328,Active
109356,40,M,10,24539.27,0,29,Churned
109357,42,Male,60,4282.95,1,258,Active
109358,43,Male,30,21620.74,3,331,Active
109359,30,Female,24,14279.4,5,201,CHURNED
109360,38,Female,69,24660.11,0,88,Churned
109361,52,Female,13,46381.7,1,162,active
109362,51,,9,38031.96,3,24,Active
109363,34,Male,18,53602.93,2,241,Churned
109364,36,Female,35,25703.58,1,102,Churned
109365,48,Female,4,9865.82,0,281,Active
109366,16,,41,12859.82,3,117,Churned
109367,31,F,26,59998.92,1,33,Active
109368,51,Female,44,8251.31,0,364,Churned
109369,46,Female,42,60061.34,4,254,Active
109370,39,Male,10,16734.57,5,299,Churned
109371,16,Male,1,51201.94,1,17,Active
109372,34,Female,54,47109.13,2,7,Active
109373,27,Female,16,8271.27,1,27,Active
109374,38,Female,46,50273.9,0,36,Active
109375,25,Female,13,34115.55,0,271,Active
109376,22,Female,64,53329.98,5,70,Active
109377,10,Female,55,62825.07,0,185,CHURNED
109378,49,Male,63,3922.95,0,228,active
109379,30,Male,18,48949.25,0,69,Active
109380,36,Male,61,8766.88,0,53,Churned
109381,34,F,20,29036.79,0,237,Churned
109382,22,Male,65,1938.21,4,197,ACTIVE
109383,19,M,64,25319.64,0,2,Active
109384,22,Male,64,13532.26,1,107,Active
109385,26,Female,13,42163.56,1,146,Active
109386,39,F,68,38908.09,1,160,Active
109387,25,Female,70,59702.31,3,239,Active
109388,55,Male,57,48357.14,4,369,CHURNED
109389,47,Male,45,53882.32,0,126,Churned
109390,44,F,38,7843.53,3,157,Active
109391,33,Female,54,3054.6,1,305,Active
109392,53,Female,36,72746.07,4,372,Active
109393,32,Female,67,,4,208,Active
109394,34,Male,11,30228.1,0,203,Churned
109395,37,Male,27,3590.92,1,316,Churned
109396,43,Female,17,9799.4,3,127,Churned
109397,42,Female,33,70595.07,0,284,Active
109398,29,Male,5,52418.53,0,342,CHURNED
109399,28,Female,62,31281.69,0,155,Active
109400,42,M,65,67931.83,0,136,Active
109401,43,F,71,44652.07,3,151,Churned
109402,30,Male,67,56238.64,0,32,Active
109403,15,Male,44,32938.37,3,15,Active
109404,32,M,14,32933.08,1,347,Active
109405,42,Male,57,6057.94,1,128,Churned
109406,56,Male,48,55314.02,3,379,Active
109407,20,M,17,8334.69,0,96,Churned
109408,29,Male,44,57555.79,0,313,Active
109409,30,Female,4,15123.5,0,303,Active
109410,51,Female,30,19305.18,0,101,Active
109411,34,M,55,68923.84,1,118,active
109412,24,Male,30,35896.01,0,10,Churned
109413,41,F,18,10267.95,3,117,Active
109414,30,Female,44,67976.03,3,348,Active
109415,20,Female,62,34477.38,0,180,Churned
109416,24,Male,31,10660.8,0,224,Active
109417,999,Male,16,29920.9,0,224,Active
109418,39,Female,23,44610.36,3,248,Active
109419,36,Female,14,27813.31,1,254,Active
109420,32,F,2,69400.17,0,319,Active
109421,38,Female,12,20956.6,0,326,Churned
109422,38,Female,58,14011.08,0,137,Active
109423,38,Female,56,17350.39,0,230,Active
109424,36,Female,24,7197.5,1,350,active
109425,45,Female,37,34469.91,3,41,Churned
109426,35,Male,29,65996.71,0,40,Active
109427,23,M,42,23595.13,0,272,Active
109428,27,Female,18,20116.98,3,252,Active
109429,999,Female,3,62966.47,4,25,Active
109430,59,Female,13,23643.62,1,138,Active
109431,45,Female,29,36290.01,2,9,Active
109432,25,Male,66,3311.62,0,296,Active
109433,31,Male,59,22243.31,4,57,Active
109434,27,M,48,10661.44,4,302,Active
109435,53,Male,4,8832.61,3,119,active
109436,17,Female,51,32924.89,0,263,Active
109437,36,Male,5,21522.6,1,171,Active
109438,33,Male,39,13317.06,0,372,Active
109439,44,Male,41,,1,384,Churned
109440,33,Female,5,59019.25,0,369,Active
109441,13,Female,8,55379.58,1,375,Churned
109442,31,Male,56,19556.46,0,360,Churned
109443,23,Male,25,20471.96,2,204,active
109444,35,F,52,55160.73,2,57,Active
109445,52,Female,52,42230.47,0,145,active
109446,14,M,7,55938.82,2,25,Churned
109447,25,F,61,1101.04,0,111,Active
109448,28,,47,7448.22,0,391,Active
109449,30,F,66,60345.78,1,55,Churned
109450,43,Male,59,63982.79,1,147,Active
109451,32,,5,26414.57,0,32,CHURNED
109452,39,M,44,,0,87,Active
109453,27,M,42,23316.14,0,160,Churned
109454,37,Male,61,66880.96,4,72,Active
109455,44,,63,32206.47,0,22,Active
109456,26,Female,50,42573.84,0,238,Churned
109457,999,Female,38,48602.15,1,183,ACTIVE
109458,35,Male,54,10850.01,2,136,Active
109459,47,Male,44,3746.24,0,46,active
109460,32,,24,32583.22,0,5,Active
109461,39,Female,63,12866.38,0,12,Active
109462,34,Male,39,₹41621.1,1,27,Active
109463,33,M,12,34569.5,0,84,Active
109464,38,Male,63,10035.22,0,395,Active
109465,41,Female,9,50268.09,0,36,Active
109466,20,Male,22,2516.61,1,52,Active
109467,52,Male,36,10352.36,0,130,Active
109468,12,Male,28,52812.15,2,74,Active
109469,26,Male,56,40061.3,1,248,Churned
109470,33,Male,29,21863.04,1,12,CHURNED
109471,39,Female,5,14338.21,1,55,Active
109472,53,F,4,48529.0,1,336,Active
109473,999,Female,51,,0,254,Churned
109474,28,Male,15,73861.22,3,159,active
109475,9,Male,60,65329.03,4,91,Churned
109476,35,M,26,10779.69,1,160,Active
109477,38,,23,64577.29,0,320,Active
109478,54,Male,29,26533.17,1,104,Active
109479,36,Male,57,37258.65,0,91,Active
109480,47,Female,62,11569.0,0,315,Active
109481,42,Female,59,9774.35,3,281,Active
109482,29,Female,48,65046.48,2,360,Active
109483,18,Female,35,47612.77,3,68,Active
109484,38,Female,46,35074.11,2,172,Active
109485,17,,33,3676.13,0,171,CHURNED
109486,50,Male,71,69225.19,0,143,active
109487,33,,10,28830.53,0,397,Active
109488,49,Male,48,31832.04,2,225,Active
109489,29,Female,44,22445.91,1,197,Churned
109490,-5,Female,70,66955.46,1,198,Active
109491,37,Female,63,26499.27,0,173,CHURNED
109492,34,Female,49,13894.45,1,153,CHURNED
109493,29,Male,41,38041.23,1,153,Active
109494,39,Male,39,58830.46,2,10,Churned
109495,23,Female,23,28479.05,0,190,Active
109496,-5,Female,13,49251.41,1,12,Active
109497,49,Male,53,23512.6,3,29,Active
109498,43,F,70,54262.41,0,43,Active
109499,35,Male,57,50485.57,5,88,ACTIVE
109500,54,Female,67,51375.86,0,344,ACTIVE
109501,31,Male,48,48797.17,4,111,Active
109502,50,Female,20,12567.11,3,369,Churned
109503,37,Male,62,,2,69,Active
109504,22,Female,45,44345.7,0,119,Churned
109505,999,Male,63,29296.64,0,267,Churned
109506,46,Male,8,13752.81,0,363,Active
109507,33,Female,26,58985.0,3,247,Active
109508,-5,Female,38,38669.57,0,319,Active
109509,30,Male,41,11899.69,1,22,active
109510,44,Male,2,69185.14,2,399,Active
109511,6,M,7,8850.1,0,393,Active
109512,22,Male,25,39792.37,3,326,Churned
109513,46,F,51,46183.02,1,192,Active
109514,32,Female,50,74924.86,1,90,Churned
109515,37,Male,64,11427.76,1,134,Active
109516,18,Female,12,46403.45,3,352,Churned
109517,57,M,53,36276.97,0,299,Active
109518,49,Male,10,20026.48,0,125,Active
109519,32,Female,61,70723.55,5,355,CHURNED
109520,-5,Female,55,59522.43,0,190,Active
109521,47,F,68,58502.28,0,323,Churned
109522,58,Female,42,67539.77,1,82,Active
109523,46,Male,66,54653.26,3,227,ACTIVE
109524,61,Male,44,38498.72,0,180,Active
109525,23,Male,28,29973.7,0,356,Churned
109526,25,Male,58,53105.88,1,324,Active
109527,20,Male,2,45608.07,1,313,Active
109528,40,Female,55,41172.86,0,152,Churned
109529,37,Male,34,44590.23,5,154,Churned
109530,33,Male,20,49495.72,1,305,Active
109531,44,Female,47,72684.11,1,221,Churned
109532,49,Male,26,56733.7,0,294,Churned
109533,16,Male,1,14056.02,4,36,Active
109534,27,Male,65,35540.89,0,122,active
109535,44,Male,15,51189.88,2,182,ACTIVE
109536,29,M,14,13998.39,0,393,Churned
109537,25,Female,55,70020.29,1,96,Active
109538,47,Male,1,6699.87,1,104,ACTIVE
109539,19,Male,33,46212.76,0,82,Churned
109540,31,Male,70,,0,24,Active
109541,38,Female,56,54862.25,0,168,ACTIVE
109542,28,Female,23,51117.1,3,338,Active
109543,44,Female,54,74809.11,1,103,Active
109544,-5,Male,3,59593.01,0,264,CHURNED
109545,51,Male,46,72801.71,1,231,Active
109546,33,Female,6,52718.02,0,182,Active
109547,43,M,25,50243.95,0,115,Churned
109548,43,F,17,57429.99,1,267,Active
109549,27,Male,28,14967.8,0,363,CHURNED
109550,10,Female,32,60628.09,0,227,Active
109551,39,Female,23,72790.38,4,216,Active
109552,35,F,16,46261.6,0,351,active
109553,41,Male,26,1914.3,0,378,Active
109554,32,Female,33,6334.84,2,298,Churned
109555,29,Male,58,18368.33,1,262,ACTIVE
109556,59,Female,48,37341.23,1,3,Active
109557,17,Male,55,31617.93,0,330,Active
109558,43,Female,41,73461.69,0,354,Active
109559,28,M,62,70973.49,1,321,Active
109560,30,Male,17,30061.46,0,396,Active
109561,31,Female,59,59779.42,0,36,Active
109562,25,Male,14,48090.89,1,184,Churned
109563,41,Female,21,18992.04,2,180,Active
109564,51,Male,63,69907.12,0,376,Active
109565,40,Male,46,20204.3,5,125,Active
109566,36,F,55,65405.41,5,160,Active
109567,23,Male,62,48185.41,0,395,ACTIVE
109568,41,Female,39,46963.41,0,385,Churned
109569,60,F,42,63042.34,0,112,Churned
109570,30,F,48,37578.96,0,134,Active
109571,30,Female,28,64149.67,1,335,Churned
109572,28,Male,6,41716.91,1,202,Active
109573,29,M,59,73863.94,0,152,Active
109574,2,Male,70,49834.82,1,328,Active
109575,39,F,39,28680.48,3,337,Active
109576,24,Female,57,57488.93,1,77,Active
109577,15,Female,54,38732.4,0,265,Active
109578,44,Male,60,60645.85,0,254,Active
109579,22,Female,17,62676.24,1,70,Churned
109580,30,M,40,46651.58,1,23,Active
109581,52,M,66,65541.94,2,342,ACTIVE
109582,18,Male,54,30853.6,0,213,Churned
109583,16,F,71,5245.9,1,273,Active
109584,38,Male,44,50035.96,0,98,Churned
109585,48,Female,67,57569.43,2,123,Active
109586,16,Female,57,6387.31,2,25,Active
109587,39,Male,36,58047.32,5,368,Active
109588,41,Male,57,48297.97,3,38,Active
109589,10,Female,43,9614.43,1,259,Active
109590,44,Male,44,40955.57,5,195,Active
109591,45,Male,62,9046.92,0,270,ACTIVE
109592,31,Female,61,24799.79,0,266,Churned
109593,50,M,11,60494.88,0,66,active
109594,48,Female,33,8458.39,0,199,Churned
109595,36,Male,66,34994.7,2,142,ACTIVE
109596,29,Male,23,45822.76,0,241,Active
109597,23,Female,49,70597.85,2,209,Churned
109598,34,Female,20,55557.65,2,126,Active
109599,41,Female,15,11304.29,2,266,Active
109600,31,M,66,72696.27,0,355,ACTIVE
109601,8,Female,30,36368.87,1,305,Active
109602,50,Male,4,28359.09,2,176,Active
109603,999,F,64,10524.63,0,387,Active
109604,30,Female,65,,3,47,Active
109605,45,Female,8,₹44379.24,2,60,Active
109606,53,F,52,74111.08,0,281,Active
109607,999,F,14,13866.07,0,135,Churned
109608,40,Female,58,41391.83,0,333,Churned
109609,17,Male,11,9131.58,3,121,Active
109610,40,,59,39796.41,0,167,Churned
109611,36,Female,24,66844.59,1,43,Active
109612,42,Female,32,9089.74,0,46,Churned
109613,29,Female,46,20954.01,1,217,Active
109614,12,Female,28,51497.74,0,299,active
109615,29,F,16,6645.24,1,285,Active
109616,39,Female,42,34594.88,0,339,Active
109617,-5,M,16,25646.56,1,103,Churned
109618,20,M,12,63022.97,0,86,ACTIVE
109619,47,M,62,4631.62,3,194,Active
109620,27,Female,34,64891.26,2,214,Active
109621,39,M,38,53068.77,3,355,Active
109622,28,Male,47,22992.1,0,226,Active
109623,37,Male,22,15634.87,0,197,Active
109624,45,M,3,71313.05,1,155,Active
109625,20,Female,1,41989.19,3,338,Active
109626,26,Male,53,26513.54,0,368,Active
109627,37,Male,64,4290.67,0,3,active
109628,63,Male,44,13268.03,2,312,Churned
109629,24,Female,47,45264.21,0,367,Active
109630,59,Female,38,38970.11,1,320,Churned
109631,59,Male,63,57063.15,1,277,Active
109632,33,M,41,62777.98,0,24,Churned
109633,31,Male,21,30390.94,2,148,Churned
109634,999,Female,45,8468.81,3,308,Churned
109635,34,Female,13,59573.2,4,13,Active
109636,18,Female,66,41976.77,0,218,Active
109637,34,Male,66,73504.6,1,171,Active
109638,52,Male,43,59929.89,0,350,Active
109639,27,M,62,25351.38,4,78,active
109640,32,Male,48,32708.27,0,239,Active
109641,14,,26,18432.62,4,245,Churned
109642,39,Female,61,38887.89,0,102,Active
109643,38,Female,62,53593.65,0,30,Churned
109644,35,Female,14,46324.17,4,271,Active
109645,32,Male,54,26314.18,4,203,Churned
109646,31,Female,41,61924.19,2,212,Churned
109647,41,,60,8774.35,0,153,Active
109648,34,Male,9,11549.05,0,166,Active
109649,38,Female,44,30907.81,2,43,CHURNED
109650,37,Female,56,52966.01,1,40,Active
109651,48,Female,3,52369.74,3,151,Active
109652,43,Male,59,28122.73,0,44,Churned
109653,37,Female,13,52548.98,0,81,Churned
109654,-5,,30,5483.35,2,257,Active
109655,40,Male,53,₹22461.62,0,103,Churned
109656,50,Female,51,52339.23,0,381,Active
109657,42,Female,42,14619.06,1,338,Active
109658,12,Female,26,,1,41,Churned
109659,50,Female,59,7429.31,0,318,Active
109660,36,Female,69,27970.86,3,188,Active
109661,34,Male,3,62044.62,0,208,Active
109662,38,F,41,62890.58,0,394,Active
109663,30,M,1,64814.83,0,108,active
109664,37,Male,65,3716.1,5,329,Active
109665,27,Female,70,74518.16,1,334,CHURNED
109666,50,Female,50,38195.45,0,194,Active
109667,33,,59,65581.8,3,57,CHURNED
109668,30,,63,₹67978.48,2,121,Active
109669,23,F,25,39072.87,0,298,Churned
109670,38,Male,10,4780.64,0,85,Churned
109671,37,F,1,45212.76,5,66,CHURNED
109672,39,M,14,25722.92,1,70,Churned
109673,22,Male,21,16300.73,0,395,Active
109674,15,Male,58,14505.08,4,233,Active
109675,42,Female,38,42385.55,0,243,Active
109676,52,Female,1,8731.14,2,267,Active
109677,22,Male,5,61801.7,1,4,Churned
109678,54,Male,44,17819.71,1,79,Active
109679,38,Male,65,41647.52,1,218,Churned
109680,34,Female,57,10284.06,0,379,Churned
109681,30,Male,45,64612.56,3,236,ACTIVE
109682,18,Female,60,52214.47,4,79,Churned
109683,46,Male,66,16282.62,0,177,Active
109684,25,F,47,53964.82,1,242,Churned
109685,25,F,26,7134.61,0,165,Churned
109686,46,F,9,58144.03,2,394,Active
109687,12,Female,51,37285.66,2,276,Active
109688,16,Male,8,9893.59,2,352,Active
109689,34,Female,5,41735.39,2,329,ACTIVE
109690,38,Male,39,15864.11,0,178,Active
109691,40,,68,50785.18,0,159,Churned
109692,31,Male,40,53437.85,0,300,CHURNED
109693,65,Female,36,57302.16,1,31,Active
109694,32,Female,21,67220.42,0,331,Active
109695,32,F,26,49465.53,0,41,Active
109696,25,Female,56,37390.91,0,4,Churned
109697,36,Female,57,64212.7,0,370,Active
109698,42,Female,59,67588.46,0,270,active
109699,49,Female,7,58849.75,5,174,Active
109700,17,Male,42,70739.69,2,310,Churned
109701,32,F,13,73478.11,0,92,ACTIVE
109702,40,Female,34,19597.07,0,384,Active
109703,42,Male,53,14593.41,1,89,Active
109704,35,F,46,34195.83,5,87,active
109705,41,Female,57,74772.58,0,33,active
109706,25,M,61,7547.03,0,137,CHURNED
109707,53,M,56,53687.56,1,166,Active
109708,999,M,29,63961.84,3,89,Active
109709,18,Male,14,74737.13,0,82,Active
109710,22,Male,68,46858.72,0,43,Active
109711,22,M,71,29126.99,0,135,Churned
109712,43,F,13,13320.54,0,344,Churned
109713,19,Female,17,73650.39,0,296,Active
109714,31,Female,29,69391.04,3,341,ACTIVE
109715,40,Male,2,60534.39,4,119,Churned
109716,34,,62,70839.33,0,318,Active
109717,38,Male,20,5503.23,3,183,active
109718,22,Male,56,47730.47,0,35,Active
109719,42,Female,52,21334.93,1,171,Active
109720,27,Male,25,57653.81,3,11,Active
109721,31,F,62,8083.03,0,386,Active
109722,37,Male,17,20145.28,0,335,Active
109723,36,Male,39,63918.65,0,79,Churned
109724,35,Female,10,56459.07,0,133,ACTIVE
109725,25,Female,59,74409.63,3,372,active
109726,31,Male,25,48654.78,2,168,Churned
109727,35,Female,28,23427.57,0,236,Churned
109728,18,Female,61,41543.38,1,302,Churned
109729,29,F,58,70853.51,3,21,Active
109730,39,Male,44,49230.5,1,137,Active
109731,19,,23,66230.92,0,327,active
109732,48,Female,17,2693.63,3,155,Active
109733,50,Male,38,28346.77,4,273,Active
109734,20,Male,30,70212.73,0,66,Active
109735,51,Female,19,3907.43,0,232,Churned
109736,33,Male,32,39413.51,1,26,Active
109737,40,Male,20,26643.18,5,365,Churned
109738,29,Male,64,48819.11,3,200,active
109739,46,Female,36,13004.49,3,173,Active
109740,39,Female,65,49344.22,0,183,Active
109741,25,Male,43,74396.27,3,40,Active
109742,21,Female,26,21066.11,1,272,Active
109743,17,Female,7,35145.67,4,212,Active
109744,37,Male,34,3197.74,1,224,Churned
109745,41,F,36,33119.61,3,160,Active
109746,42,Female,6,31043.44,0,35,Active
109747,33,,37,42788.33,2,320,Churned
109748,21,Male,62,20001.02,0,399,Active
109749,26,,60,25320.4,0,121,Active
109750,48,Female,64,46132.35,1,286,Active
109751,29,Female,50,68227.14,1,170,Active
109752,36,Female,52,18404.66,0,336,Active
109753,22,Male,17,51131.91,0,231,Churned
109754,39,F,60,39767.37,0,100,Active
109755,29,Female,54,8741.08,0,233,Active
109756,47,Male,10,42842.06,0,2,Active
109757,44,Male,25,53451.79,1,16,Churned
109758,29,Male,18,45270.79,0,221,Active
109759,33,Female,64,8726.65,5,263,Active
109760,28,Female,59,,0,183,active
109761,17,Female,27,4034.27,0,399,Active
109762,24,Male,58,18464.35,1,23,Active
109763,37,Female,61,46562.52,3,247,Churned
109764,38,Female,71,17132.94,0,257,Active
109765,36,Male,43,8533.11,3,116,Churned
109766,31,Male,11,38881.95,1,69,Active
109767,46,Male,5,54462.05,2,141,Active
109768,35,F,58,31395.88,4,52,Churned
109769,43,Female,39,52686.12,0,397,Churned
109770,13,,48,64688.41,1,96,Active
109771,-12,Male,20,71950.95,3,55,Active
109772,38,M,19,18261.6,3,285,Active
109773,17,Female,60,45796.72,1,146,CHURNED
109774,32,Female,26,20748.67,4,386,Churned
109775,31,Male,25,65447.97,2,283,Active
109776,54,Female,15,66881.3,1,50,Churned
109777,39,F,21,24839.91,0,298,Active
109778,36,Male,47,48755.4,0,195,Churned
109779,45,Male,35,66687.98,0,222,Churned
109780,39,Female,44,38618.91,0,138,CHURNED
109781,29,,6,54314.83,4,9,Active
109782,47,Female,23,60263.31,4,3,Active
109783,-5,Male,39,65520.31,0,342,Active
109784,38,Female,18,39125.36,0,38,Active
109785,16,Male,40,70695.0,2,70,Churned
109786,37,M,36,47542.54,3,69,Active
109787,37,Female,28,12227.84,0,158,Active
109788,55,Female,64,46321.8,0,270,Active
109789,16,Male,58,23087.06,4,2,Active
109790,27,F,38,28534.32,1,353,Active
109791,44,Female,44,60855.6,1,101,Active
109792,39,,2,73027.71,2,136,Active
109793,37,Female,35,65369.19,1,330,Active
109794,23,M,1,25109.47,4,213,CHURNED
109795,27,M,46,34570.75,4,382,Active
109796,49,Male,60,73778.83,0,83,Churned
109797,34,,63,69341.29,0,355,Active
109798,39,Male,45,,0,274,Churned
109799,33,Female,57,33035.89,0,141,Active
109800,20,,37,60241.68,0,302,Churned
109801,46,Male,7,65470.08,3,140,Active
109802,41,Female,16,4275.49,2,296,Active
109803,62,Female,50,20690.49,0,88,Active
109804,22,Female,14,66377.81,4,396,Active
109805,44,M,6,29766.94,4,323,Active
109806,19,Female,61,,4,281,Active
109807,36,M,21,21179.17,3,241,Churned
109808,46,Male,10,28779.97,0,112,Active
109809,10,Male,32,19053.25,1,301,Churned
109810,32,Female,6,1248.89,0,141,Churned
109811,28,Female,2,13772.04,2,152,Churned
109812,26,Male,39,,0,204,Active
109813,39,Female,49,6598.0,4,258,Churned
109814,48,Male,27,31562.15,4,366,Active
109815,33,Female,56,34780.1,1,394,CHURNED
109816,-5,Male,14,58583.39,2,275,Churned
109817,36,Female,23,19691.66,3,214,Active
109818,35,Female,51,23913.49,0,280,Active
109819,21,F,25,2056.42,1,189,Active
109820,48,Female,53,67809.47,0,133,active
109821,38,Female,11,51731.21,5,80,ACTIVE
109822,39,F,35,20450.62,4,101,Active
109823,25,Female,55,66676.11,0,358,ACTIVE
109824,29,Male,58,7407.03,1,64,Active
109825,32,M,68,28261.28,0,12,Active
109826,16,Female,37,42706.22,0,123,Churned
109827,14,Female,9,38407.86,0,365,Churned
109828,27,Female,28,49463.16,0,109,Active
109829,41,M,55,23022.03,0,187,active
109830,27,,46,57080.27,0,352,Active
109831,22,,70,31003.02,2,206,Active
109832,25,Male,27,10271.99,1,371,Active
109833,29,Female,10,55789.71,3,47,ACTIVE
109834,30,Male,23,68483.78,1,309,Active
109835,60,Male,21,27967.41,1,99,Churned
109836,47,F,45,44634.31,3,329,Churned
109837,47,Male,3,51899.02,3,234,Active
109838,49,Female,59,62532.74,0,221,Churned
109839,23,Female,43,15651.52,1,78,Active
109840,20,Female,7,43178.4,0,217,Churned
109841,21,Male,27,55786.89,1,174,Active
109842,51,Male,62,15735.34,3,106,Active
109843,28,Female,42,35963.63,0,165,Active
109844,19,Male,4,35362.79,0,113,Active
109845,29,,62,63111.55,0,146,active
109846,32,M,8,58520.67,3,132,CHURNED
109847,38,Female,17,18162.56,0,84,active
109848,38,M,5,18238.5,0,1,Active
109849,25,Male,63,54528.21,0,253,Churned
109850,43,Female,9,55731.32,0,24,Active
109851,27,Male,8,14238.59,0,298,CHURNED
109852,33,Female,7,31427.35,4,188,active
109853,43,Female,37,62107.04,0,111,ACTIVE
109854,27,Male,55,6877.13,3,24,Churned
109855,28,Male,67,28668.2,5,56,active
109856,42,Female,8,48696.04,1,69,active
109857,24,Female,69,58060.42,0,18,Active
109858,30,Male,5,49296.68,2,228,Active
109859,41,Female,17,30416.54,0,394,Active
109860,59,Female,58,74404.38,4,58,Churned
109861,42,Female,63,4073.39,0,163,Active
109862,40,Female,27,37611.93,0,132,Churned
109863,41,Male,68,38744.07,0,219,Active
109864,22,Female,28,18744.55,5,380,Active
109865,36,F,58,42344.35,3,331,Active
109866,34,Female,50,17284.25,2,284,Active
109867,38,Female,67,33812.49,4,139,Active
109868,36,Female,31,32940.94,5,3,Active
109869,39,Male,12,58211.05,0,356,ACTIVE
109870,31,Female,55,70751.8,2,259,Active
109871,35,F,4,16010.4,2,281,Active
109872,20,Male,42,74372.28,1,332,Active
109873,31,M,54,70583.42,0,12,Churned
109874,51,Male,22,9336.34,4,53,Active
109875,38,Female,1,68515.09,0,254,Active
109876,34,M,48,42778.77,1,96,Active
109877,57,M,43,66042.77,0,232,Churned
109878,18,F,20,70977.01,0,266,Churned
109879,21,F,18,64559.13,1,112,Churned
109880,55,Female,70,30812.94,0,47,Active
109881,35,Female,49,48120.18,0,182,Active
109882,32,Male,17,35393.0,0,235,Active
109883,20,Male,53,28117.15,0,254,Active
109884,40,Female,22,19552.54,2,7,Active
109885,41,Female,10,33671.59,5,344,Churned
109886,21,Female,24,60641.92,0,288,active
109887,33,M,12,63457.68,1,279,Active
109888,30,Female,4,71892.41,5,306,Active
109889,-5,Male,42,22505.63,2,374,Active
109890,21,Female,5,49129.42,0,195,Active
109891,50,Female,26,52339.64,4,25,Active
109892,45,Female,59,15158.59,3,6,Active
109893,30,M,62,28149.26,0,353,Active
109894,32,Female,5,26327.01,0,143,Churned
109895,33,F,26,73957.34,3,191,Churned
109896,25,Female,6,71920.01,1,148,Active
109897,29,Female,24,61810.82,0,171,Active
109898,31,Female,53,35989.86,2,96,Active
109899,54,Male,7,20541.31,1,195,active
109900,-5,Male,10,68781.35,0,260,Churned
109901,46,Male,39,20835.23,1,236,Active
109902,39,Female,28,,1,6,Churned
109903,21,Male,42,19135.37,1,59,Active
109904,34,,62,72873.08,1,249,Active
109905,46,Female,52,4090.36,0,52,Churned
109906,19,Female,22,13901.89,0,275,Active
109907,42,Male,57,57613.64,0,122,Active
109908,62,Male,11,12206.95,0,26,Active
109909,47,Male,14,73471.87,2,304,Churned
109910,51,Female,31,24780.07,3,217,Active
109911,37,Female,4,68979.82,3,183,Active
109912,46,Female,22,50008.59,0,89,Churned
109913,26,Female,64,47924.69,1,38,Active
109914,44,Female,61,68737.56,0,84,Churned
109915,42,Male,6,38982.67,0,389,Active
109916,38,Female,68,30657.57,0,108,Active
109917,50,Female,6,17104.08,5,163,Active
109918,28,Female,66,11695.68,1,197,Active
109919,32,Male,36,59590.89,0,253,Active
109920,36,Female,15,10467.44,2,227,Active
109921,22,Male,40,30157.3,0,3,CHURNED
109922,37,,41,31282.05,0,297,Active
109923,14,Female,7,50172.95,4,160,Active
109924,47,,22,21610.07,2,292,Active
109925,35,Female,11,63028.94,1,30,CHURNED
109926,28,Male,2,16353.83,0,116,Active
109927,24,Female,30,59397.0,0,369,active
109928,32,Male,68,63882.18,1,167,Active
109929,43,F,53,15295.37,0,93,Active
109930,41,M,21,60896.77,0,218,Active
109931,26,Female,25,53816.77,1,109,Churned
109932,24,Female,5,65703.96,0,89,Active
109933,42,Female,66,38737.66,0,188,Active
109934,26,,49,18305.38,2,184,Churned
109935,35,Male,8,68490.94,3,210,Churned
109936,36,Female,27,59463.23,0,374,Churned
109937,38,Female,2,2552.92,3,186,Churned
109938,45,,28,70516.61,2,282,Active
109939,19,M,11,71190.87,1,389,Active
109940,12,,46,27292.51,1,184,Active
109941,28,Female,21,1741.35,1,361,Active
109942,56,Male,42,41887.76,1,137,Churned
109943,59,Female,32,68612.01,3,288,Churned
109944,56,Female,32,10208.58,0,333,CHURNED
109945,32,Female,71,44697.72,1,107,active
109946,13,Male,22,55150.93,0,88,active
109947,6,Female,21,10967.05,0,125,Active
109948,27,Male,22,38982.23,4,197,Active
109949,32,M,34,7571.52,0,110,ACTIVE
109950,50,Male,10,42301.34,4,318,Active
109951,45,Female,65,33716.56,1,48,Active
109952,37,Male,65,20587.65,4,322,Active
109953,24,Male,67,64127.96,3,190,Active
109954,23,F,43,29252.42,3,111,Active
109955,38,Male,41,52786.46,1,222,Churned
109956,43,Male,13,59510.52,3,69,CHURNED
109957,39,Male,4,14218.46,0,184,Churned
109958,22,Female,23,9814.4,0,330,Active
109959,999,Female,70,,1,372,Active
109960,40,Male,34,23629.78,2,164,Active
109961,22,Female,41,61380.72,0,292,Active
109962,25,Male,18,58184.67,3,7,Churned
109963,43,M,33,65513.64,0,221,Active
109964,32,M,25,57284.42,0,219,active
109965,54,,52,2775.38,0,385,Active
109966,41,F,17,29528.31,0,58,Active
109967,29,Male,51,1438.61,0,276,Active
109968,34,Male,3,3667.78,0,51,active
109969,35,Female,55,36413.35,0,215,Active
109970,26,Male,56,27640.41,3,161,Active
109971,24,Male,35,42330.74,0,1,Churned
109972,43,Male,68,5895.91,0,67,Active
109973,45,Female,59,44534.21,0,50,Churned
109974,42,Female,59,5810.18,1,35,Active
109975,53,Male,13,32352.63,5,163,Active
109976,28,Male,62,27074.46,3,315,Churned
109977,55,Female,47,,0,333,Active
109978,24,Male,3,24085.87,0,97,Active
109979,22,,21,1038.78,0,13,Churned
109980,13,Male,65,24982.92,1,278,Active
109981,29,Female,18,6802.22,0,56,active
109982,28,Female,13,69176.36,0,389,Churned
109983,41,Male,71,6500.63,0,81,Active
109984,37,Female,45,71529.84,99,202,Active
109985,20,Female,62,37365.55,5,251,Active
109986,30,M,30,38974.81,0,219,Active
109987,30,Female,14,59321.3,0,15,Active
109988,13,Male,53,52458.1,4,109,Churned
109989,23,Male,10,18542.52,1,298,Active
109990,25,Male,31,2884.51,5,393,Active
109991,52,Male,6,58605.24,1,124,Active
109992,37,Female,19,10600.97,1,71,Active
109993,42,,12,45279.32,0,185,Active
109994,17,Female,64,70754.75,3,394,ACTIVE
109995,49,Female,55,41658.82,3,192,Active
109996,50,Female,67,22132.42,0,397,Active
109997,11,M,9,14231.36,1,328,Churned
109998,26,Male,6,2994.29,0,60,Active
109999,40,Female,1,47120.13,0,31,Churned
110000,42,F,42,42291.93,3,55,Active
